category,opencpn_name,output_svg,esri_source,match_kind,reason
"POINT","ACHARE02","symbols/ACHARE02.svg","N10_Reported_anchorage.svg","CUSTOM_SYMBOL_MAP","CustomSymbolMap object rule for ACHARE"
"POINT","ACHARE51","symbols/ACHARE51.svg","N10_Reported_anchorage.svg","CUSTOM_SYMBOL_MAP","CustomSymbolMap object rule for ACHARE"
"POINT","ACHBRT07","symbols/ACHBRT07.svg","","UNRESOLVED","no exact/direct/semantic ESRI match; generic category fallback disabled"
"POINT","ACHRES51","symbols/ACHRES51.svg","","UNRESOLVED","no exact/direct/semantic ESRI match; generic category fallback disabled"
"POINT","ACHRES61","symbols/ACHRES61.svg","","UNRESOLVED","no exact/direct/semantic ESRI match; generic category fallback disabled"
"POINT","ACHRES71","symbols/ACHRES71.svg","","UNRESOLVED","no exact/direct/semantic ESRI match; generic category fallback disabled"
"POINT","AIRARE02","symbols/AIRARE02.svg","","UNRESOLVED","no exact/direct/semantic ESRI match; generic category fallback disabled"
"POINT","AISDEF01","symbols/AISDEF01.svg","","UNRESOLVED","no exact/direct/semantic ESRI match; generic category fallback disabled"
"POINT","AISONE01","symbols/AISONE01.svg","","UNRESOLVED","no exact/direct/semantic ESRI match; generic category fallback disabled"
"POINT","AISSIX01","symbols/AISSIX01.svg","","UNRESOLVED","no exact/direct/semantic ESRI match; generic category fallback disabled"
"POINT","AISSLP01","symbols/AISSLP01.svg","","UNRESOLVED","no exact/direct/semantic ESRI match; generic category fallback disabled"
"POINT","AISVES01","symbols/AISVES01.svg","","UNRESOLVED","no exact/direct/semantic ESRI match; generic category fallback disabled"
"POINT","ARPATG01","symbols/ARPATG01.svg","","UNRESOLVED","no exact/direct/semantic ESRI match; generic category fallback disabled"
"POINT","ARPONE01","symbols/ARPONE01.svg","","UNRESOLVED","no exact/direct/semantic ESRI match; generic category fallback disabled"
"POINT","ARPSIX01","symbols/ARPSIX01.svg","","UNRESOLVED","no exact/direct/semantic ESRI match; generic category fallback disabled"
"POINT","BCNCAR01","symbols/BCNCAR01.svg","Q80_Beacon.svg","CUSTOM_SYMBOL_MAP","CustomSymbolMap object rule for BCNCAR"
"POINT","BCNCAR02","symbols/BCNCAR02.svg","Q80_Beacon.svg","CUSTOM_SYMBOL_MAP","CustomSymbolMap object rule for BCNCAR"
"POINT","BCNCAR03","symbols/BCNCAR03.svg","Q80_Beacon.svg","CUSTOM_SYMBOL_MAP","CustomSymbolMap object rule for BCNCAR"
"POINT","BCNCAR04","symbols/BCNCAR04.svg","Q80_Beacon.svg","CUSTOM_SYMBOL_MAP","CustomSymbolMap object rule for BCNCAR"
"POINT","BCNDEF13","symbols/BCNDEF13.svg","Q83_Beacon_submerged_rock.svg","SEMANTIC_TOKEN","semantic token match for BCNDEF"
"POINT","BCNGEN01","symbols/BCNGEN01.svg","Q83_Beacon_submerged_rock.svg","SEMANTIC_TOKEN","semantic token match for BCNGEN"
"POINT","BCNGEN03","symbols/BCNGEN03.svg","Q83_Beacon_submerged_rock.svg","SEMANTIC_TOKEN","semantic token match for BCNGEN"
"POINT","BCNISD21","symbols/BCNISD21.svg","Q80_Beacon.svg","CUSTOM_SYMBOL_MAP","CustomSymbolMap object rule for BCNISD"
"POINT","BCNLAT15","symbols/BCNLAT15.svg","Q90_Stake_pole.svg","CUSTOM_SYMBOL_MAP","CustomSymbolMap object rule for BCNLAT"
"POINT","BCNLAT16","symbols/BCNLAT16.svg","Q90_Stake_pole.svg","CUSTOM_SYMBOL_MAP","CustomSymbolMap object rule for BCNLAT"
"POINT","BCNLAT21","symbols/BCNLAT21.svg","Q90_Stake_pole.svg","CUSTOM_SYMBOL_MAP","CustomSymbolMap object rule for BCNLAT"
"POINT","BCNLAT22","symbols/BCNLAT22.svg","Q90_Stake_pole.svg","CUSTOM_SYMBOL_MAP","CustomSymbolMap object rule for BCNLAT"
"POINT","BCNLTC01","symbols/BCNLTC01.svg","Q83_Beacon_submerged_rock.svg","SEMANTIC_TOKEN","semantic token match for BCNLTC"
"POINT","BCNSAW13","symbols/BCNSAW13.svg","Q92_Withy_port.svg","CUSTOM_SYMBOL_MAP","CustomSymbolMap object rule for BCNSAW"
"POINT","BCNSAW21","symbols/BCNSAW21.svg","Q92_Withy_port.svg","CUSTOM_SYMBOL_MAP","CustomSymbolMap object rule for BCNSAW"
"POINT","BCNSPP13","symbols/BCNSPP13.svg","Q90_Stake_pole.svg","CUSTOM_SYMBOL_MAP","CustomSymbolMap object rule for BCNSPP"
"POINT","BCNSPP21","symbols/BCNSPP21.svg","Q90_Stake_pole.svg","CUSTOM_SYMBOL_MAP","CustomSymbolMap object rule for BCNSPP"
"POINT","BCNSTK02","symbols/BCNSTK02.svg","Q83_Beacon_submerged_rock.svg","SEMANTIC_TOKEN","semantic token match for BCNSTK"
"POINT","BCNTOW01","symbols/BCNTOW01.svg","Q83_Beacon_submerged_rock.svg","SEMANTIC_TOKEN","semantic token match for BCNTOW"
"POINT","BLKADJ01","symbols/BLKADJ01.svg","","UNRESOLVED","no exact/direct/semantic ESRI match; generic category fallback disabled"
"POINT","BOYBAR01","symbols/BOYBAR01.svg","Q22a_Spherical_buoy.svg","SEMANTIC_TOKEN","semantic token match for BOYBAR"
"POINT","BOYCAN01","symbols/BOYCAN01.svg","Q22a_Spherical_buoy.svg","SEMANTIC_TOKEN","semantic token match for BOYCAN"
"POINT","BOYCAR01","symbols/BOYCAR01.svg","Q23a_Pillar_buoy.svg","CUSTOM_SYMBOL_MAP","CustomSymbolMap object rule for BOYCAR"
"POINT","BOYCAR02","symbols/BOYCAR02.svg","Q23a_Pillar_buoy.svg","CUSTOM_SYMBOL_MAP","CustomSymbolMap object rule for BOYCAR"
"POINT","BOYCAR03","symbols/BOYCAR03.svg","Q23a_Pillar_buoy.svg","CUSTOM_SYMBOL_MAP","CustomSymbolMap object rule for BOYCAR"
"POINT","BOYCAR04","symbols/BOYCAR04.svg","Q23a_Pillar_buoy.svg","CUSTOM_SYMBOL_MAP","CustomSymbolMap object rule for BOYCAR"
"POINT","BOYCON01","symbols/BOYCON01.svg","Q20b_Conical_buoy.svg","ALIAS","explicit alias Q20b_Conical_buoy.svg"
"POINT","BOYDEF03","symbols/BOYDEF03.svg","Q22a_Spherical_buoy.svg","SEMANTIC_TOKEN","semantic token match for BOYDEF"
"POINT","BOYGEN03","symbols/BOYGEN03.svg","Q22a_Spherical_buoy.svg","SEMANTIC_TOKEN","semantic token match for BOYGEN"
"POINT","BOYINB01","symbols/BOYINB01.svg","L16_Tanker_mooring.svg","CUSTOM_SYMBOL_MAP","CustomSymbolMap object rule for BOYINB"
"POINT","BOYISD12","symbols/BOYISD12.svg","Q23a_Pillar_buoy.svg","CUSTOM_SYMBOL_MAP","CustomSymbolMap object rule for BOYISD"
"POINT","BOYLAT13","symbols/BOYLAT13.svg","Q23a_Pillar_buoy.svg","CUSTOM_SYMBOL_MAP","CustomSymbolMap object rule for BOYLAT"
"POINT","BOYLAT14","symbols/BOYLAT14.svg","Q23a_Pillar_buoy.svg","CUSTOM_SYMBOL_MAP","CustomSymbolMap object rule for BOYLAT"
"POINT","BOYLAT23","symbols/BOYLAT23.svg","Q23a_Pillar_buoy.svg","CUSTOM_SYMBOL_MAP","CustomSymbolMap object rule for BOYLAT"
"POINT","BOYLAT24","symbols/BOYLAT24.svg","Q23a_Pillar_buoy.svg","CUSTOM_SYMBOL_MAP","CustomSymbolMap object rule for BOYLAT"
"POINT","BOYMOR01","symbols/BOYMOR01.svg","Q22a_Spherical_buoy.svg","SEMANTIC_TOKEN","semantic token match for BOYMOR"
"POINT","BOYMOR03","symbols/BOYMOR03.svg","Q22a_Spherical_buoy.svg","SEMANTIC_TOKEN","semantic token match for BOYMOR"
"POINT","BOYMOR11","symbols/BOYMOR11.svg","Q22a_Spherical_buoy.svg","SEMANTIC_TOKEN","semantic token match for BOYMOR"
"POINT","BOYPIL01","symbols/BOYPIL01.svg","Q22a_Spherical_buoy.svg","SEMANTIC_TOKEN","semantic token match for BOYPIL"
"POINT","BOYSAW12","symbols/BOYSAW12.svg","Q23a_Pillar_buoy.svg","CUSTOM_SYMBOL_MAP","CustomSymbolMap object rule for BOYSAW"
"POINT","BOYSPH01","symbols/BOYSPH01.svg","Q22a_Spherical_buoy.svg","ALIAS","explicit alias Q22a_Spherical_buoy.svg"
"POINT","BOYSPP11","symbols/BOYSPP11.svg","Q23a_Pillar_buoy.svg","CUSTOM_SYMBOL_MAP","CustomSymbolMap object rule for BOYSPP"
"POINT","BOYSPP15","symbols/BOYSPP15.svg","Q23a_Pillar_buoy.svg","CUSTOM_SYMBOL_MAP","CustomSymbolMap object rule for BOYSPP"
"POINT","BOYSPP25","symbols/BOYSPP25.svg","Q23a_Pillar_buoy.svg","CUSTOM_SYMBOL_MAP","CustomSymbolMap object rule for BOYSPP"
"POINT","BOYSPR01","symbols/BOYSPR01.svg","Q22a_Spherical_buoy.svg","SEMANTIC_TOKEN","semantic token match for BOYSPR"
"POINT","BOYSUP01","symbols/BOYSUP01.svg","Q22a_Spherical_buoy.svg","SEMANTIC_TOKEN","semantic token match for BOYSUP"
"POINT","BOYSUP02","symbols/BOYSUP02.svg","Q22a_Spherical_buoy.svg","SEMANTIC_TOKEN","semantic token match for BOYSUP"
"POINT","BOYSUP03","symbols/BOYSUP03.svg","Q22a_Spherical_buoy.svg","SEMANTIC_TOKEN","semantic token match for BOYSUP"
"POINT","BRIDGE01","symbols/BRIDGE01.svg","","UNRESOLVED","no exact/direct/semantic ESRI match; generic category fallback disabled"
"POINT","BRTHNO01","symbols/BRTHNO01.svg","","UNRESOLVED","no exact/direct/semantic ESRI match; generic category fallback disabled"
"POINT","BUAARE02","symbols/BUAARE02.svg","","UNRESOLVED","no exact/direct/semantic ESRI match; generic category fallback disabled"
"POINT","BUIREL01","symbols/BUIREL01.svg","","UNRESOLVED","no exact/direct/semantic ESRI match; generic category fallback disabled"
"POINT","BUIREL04","symbols/BUIREL04.svg","","UNRESOLVED","no exact/direct/semantic ESRI match; generic category fallback disabled"
"POINT","BUIREL05","symbols/BUIREL05.svg","","UNRESOLVED","no exact/direct/semantic ESRI match; generic category fallback disabled"
"POINT","BUIREL13","symbols/BUIREL13.svg","","UNRESOLVED","no exact/direct/semantic ESRI match; generic category fallback disabled"
"POINT","BUIREL14","symbols/BUIREL14.svg","","UNRESOLVED","no exact/direct/semantic ESRI match; generic category fallback disabled"
"POINT","BUIREL15","symbols/BUIREL15.svg","","UNRESOLVED","no exact/direct/semantic ESRI match; generic category fallback disabled"
"POINT","BUISGL01","symbols/BUISGL01.svg","E10_Church.svg","CUSTOM_SYMBOL_MAP","CustomSymbolMap object rule for BUISGL"
"POINT","BUISGL11","symbols/BUISGL11.svg","E10_Church.svg","CUSTOM_SYMBOL_MAP","CustomSymbolMap object rule for BUISGL"
"POINT","CAIRNS01","symbols/CAIRNS01.svg","","UNRESOLVED","no exact/direct/semantic ESRI match; generic category fallback disabled"
"POINT","CAIRNS11","symbols/CAIRNS11.svg","","UNRESOLVED","no exact/direct/semantic ESRI match; generic category fallback disabled"
"POINT","CBLARE51","symbols/CBLARE51.svg","","UNRESOLVED","no exact/direct/semantic ESRI match; generic category fallback disabled"
"POINT","CGUSTA02","symbols/CGUSTA02.svg","","UNRESOLVED","no exact/direct/semantic ESRI match; generic category fallback disabled"
"POINT","CHCRDEL1","symbols/CHCRDEL1.svg","","UNRESOLVED","no exact/direct/semantic ESRI match; generic category fallback disabled"
"POINT","CHCRID01","symbols/CHCRID01.svg","","UNRESOLVED","no exact/direct/semantic ESRI match; generic category fallback disabled"
"POINT","CHIMNY01","symbols/CHIMNY01.svg","","UNRESOLVED","no exact/direct/semantic ESRI match; generic category fallback disabled"
"POINT","CHIMNY11","symbols/CHIMNY11.svg","","UNRESOLVED","no exact/direct/semantic ESRI match; generic category fallback disabled"
"POINT","CHINFO06","symbols/CHINFO06.svg","","UNRESOLVED","no exact/direct/semantic ESRI match; generic category fallback disabled"
"POINT","CHINFO07","symbols/CHINFO07.svg","","UNRESOLVED","no exact/direct/semantic ESRI match; generic category fallback disabled"
"POINT","CHINFO08","symbols/CHINFO08.svg","","UNRESOLVED","no exact/direct/semantic ESRI match; generic category fallback disabled"
"POINT","CHINFO09","symbols/CHINFO09.svg","","UNRESOLVED","no exact/direct/semantic ESRI match; generic category fallback disabled"
"POINT","CHINFO10","symbols/CHINFO10.svg","","UNRESOLVED","no exact/direct/semantic ESRI match; generic category fallback disabled"
"POINT","CHINFO11","symbols/CHINFO11.svg","","UNRESOLVED","no exact/direct/semantic ESRI match; generic category fallback disabled"
"POINT","CHKSYM01","symbols/CHKSYM01.svg","","UNRESOLVED","no exact/direct/semantic ESRI match; generic category fallback disabled"
"POINT","CLRLIN01","symbols/CLRLIN01.svg","","UNRESOLVED","no exact/direct/semantic ESRI match; generic category fallback disabled"
"POINT","CRANES01","symbols/CRANES01.svg","F53_Crane.svg","CUSTOM_SYMBOL_MAP","CustomSymbolMap object rule for CRANES"
"POINT","CTNARE51","symbols/CTNARE51.svg","","UNRESOLVED","no exact/direct/semantic ESRI match; generic category fallback disabled"
"POINT","CTYARE51","symbols/CTYARE51.svg","","UNRESOLVED","no exact/direct/semantic ESRI match; generic category fallback disabled"
"POINT","CTYARE71","symbols/CTYARE71.svg","","UNRESOLVED","no exact/direct/semantic ESRI match; generic category fallback disabled"
"POINT","CURDEF01","symbols/CURDEF01.svg","","UNRESOLVED","no exact/direct/semantic ESRI match; generic category fallback disabled"
"POINT","CURENT01","symbols/CURENT01.svg","","UNRESOLVED","no exact/direct/semantic ESRI match; generic category fallback disabled"
"POINT","CURSRA01","symbols/CURSRA01.svg","","UNRESOLVED","no exact/direct/semantic ESRI match; generic category fallback disabled"
"POINT","CURSRB01","symbols/CURSRB01.svg","","UNRESOLVED","no exact/direct/semantic ESRI match; generic category fallback disabled"
"POINT","DANGER01","symbols/DANGER01.svg","","UNRESOLVED","no exact/direct/semantic ESRI match; generic category fallback disabled"
"POINT","DANGER02","symbols/DANGER02.svg","","UNRESOLVED","no exact/direct/semantic ESRI match; generic category fallback disabled"
"POINT","DANGER03","symbols/DANGER03.svg","","UNRESOLVED","no exact/direct/semantic ESRI match; generic category fallback disabled"
"POINT","DAYSQR01","symbols/DAYSQR01.svg","","UNRESOLVED","no exact/direct/semantic ESRI match; generic category fallback disabled"
"POINT","DAYSQR21","symbols/DAYSQR21.svg","","UNRESOLVED","no exact/direct/semantic ESRI match; generic category fallback disabled"
"POINT","DAYTRI01","symbols/DAYTRI01.svg","","UNRESOLVED","no exact/direct/semantic ESRI match; generic category fallback disabled"
"POINT","DAYTRI05","symbols/DAYTRI05.svg","","UNRESOLVED","no exact/direct/semantic ESRI match; generic category fallback disabled"
"POINT","DAYTRI21","symbols/DAYTRI21.svg","","UNRESOLVED","no exact/direct/semantic ESRI match; generic category fallback disabled"
"POINT","DAYTRI25","symbols/DAYTRI25.svg","","UNRESOLVED","no exact/direct/semantic ESRI match; generic category fallback disabled"
"POINT","DIRBOY01","symbols/DIRBOY01.svg","Q22a_Spherical_buoy.svg","SEMANTIC_TOKEN","semantic token match for DIRBOY"
"POINT","DIRBOYA1","symbols/DIRBOYA1.svg","Q22a_Spherical_buoy.svg","SEMANTIC_TOKEN","semantic token match for DIRBOYA"
"POINT","DIRBOYB1","symbols/DIRBOYB1.svg","Q22a_Spherical_buoy.svg","SEMANTIC_TOKEN","semantic token match for DIRBOYB"
"POINT","DISMAR03","symbols/DISMAR03.svg","","UNRESOLVED","no exact/direct/semantic ESRI match; generic category fallback disabled"
"POINT","DISMAR04","symbols/DISMAR04.svg","","UNRESOLVED","no exact/direct/semantic ESRI match; generic category fallback disabled"
"POINT","DNGHILIT","symbols/DNGHILIT.svg","S1_Ra_transponder_wLight.svg","SEMANTIC_TOKEN","semantic token match for DNGHILIT"
"POINT","DOMES001","symbols/DOMES001.svg","","UNRESOLVED","no exact/direct/semantic ESRI match; generic category fallback disabled"
"POINT","DOMES011","symbols/DOMES011.svg","","UNRESOLVED","no exact/direct/semantic ESRI match; generic category fallback disabled"
"POINT","DSHAER01","symbols/DSHAER01.svg","","UNRESOLVED","no exact/direct/semantic ESRI match; generic category fallback disabled"
"POINT","DSHAER11","symbols/DSHAER11.svg","","UNRESOLVED","no exact/direct/semantic ESRI match; generic category fallback disabled"
"POINT","DWRTPT51","symbols/DWRTPT51.svg","","UNRESOLVED","no exact/direct/semantic ESRI match; generic category fallback disabled"
"POINT","DWRUTE51","symbols/DWRUTE51.svg","","UNRESOLVED","no exact/direct/semantic ESRI match; generic category fallback disabled"
"POINT","EBBSTR01","symbols/EBBSTR01.svg","","UNRESOLVED","no exact/direct/semantic ESRI match; generic category fallback disabled"
"POINT","EBLVRM11","symbols/EBLVRM11.svg","","UNRESOLVED","no exact/direct/semantic ESRI match; generic category fallback disabled"
"POINT","ENTRES51","symbols/ENTRES51.svg","","UNRESOLVED","no exact/direct/semantic ESRI match; generic category fallback disabled"
"POINT","ENTRES61","symbols/ENTRES61.svg","","UNRESOLVED","no exact/direct/semantic ESRI match; generic category fallback disabled"
"POINT","ENTRES71","symbols/ENTRES71.svg","","UNRESOLVED","no exact/direct/semantic ESRI match; generic category fallback disabled"
"POINT","ERBLTIK1","symbols/ERBLTIK1.svg","","UNRESOLVED","no exact/direct/semantic ESRI match; generic category fallback disabled"
"POINT","EVENTS02","symbols/EVENTS02.svg","","UNRESOLVED","no exact/direct/semantic ESRI match; generic category fallback disabled"
"POINT","FAIRWY51","symbols/FAIRWY51.svg","","UNRESOLVED","no exact/direct/semantic ESRI match; generic category fallback disabled"
"POINT","FAIRWY52","symbols/FAIRWY52.svg","","UNRESOLVED","no exact/direct/semantic ESRI match; generic category fallback disabled"
"POINT","FLASTK01","symbols/FLASTK01.svg","","UNRESOLVED","no exact/direct/semantic ESRI match; generic category fallback disabled"
"POINT","FLASTK11","symbols/FLASTK11.svg","","UNRESOLVED","no exact/direct/semantic ESRI match; generic category fallback disabled"
"POINT","FLDSTR01","symbols/FLDSTR01.svg","","UNRESOLVED","no exact/direct/semantic ESRI match; generic category fallback disabled"
"POINT","FLGSTF01","symbols/FLGSTF01.svg","","UNRESOLVED","no exact/direct/semantic ESRI match; generic category fallback disabled"
"POINT","FOGSIG01","symbols/FOGSIG01.svg","R1_Fog_signal.svg","CUSTOM_SYMBOL_MAP","CustomSymbolMap object rule for FOGSIG"
"POINT","FORSTC01","symbols/FORSTC01.svg","","UNRESOLVED","no exact/direct/semantic ESRI match; generic category fallback disabled"
"POINT","FORSTC11","symbols/FORSTC11.svg","","UNRESOLVED","no exact/direct/semantic ESRI match; generic category fallback disabled"
"POINT","FOULGND1","symbols/FOULGND1.svg","","UNRESOLVED","no exact/direct/semantic ESRI match; generic category fallback disabled"
"POINT","FRYARE51","symbols/FRYARE51.svg","","UNRESOLVED","no exact/direct/semantic ESRI match; generic category fallback disabled"
"POINT","FRYARE52","symbols/FRYARE52.svg","","UNRESOLVED","no exact/direct/semantic ESRI match; generic category fallback disabled"
"POINT","FSHFAC02","symbols/FSHFAC02.svg","","UNRESOLVED","no exact/direct/semantic ESRI match; generic category fallback disabled"
"POINT","FSHFAC03","symbols/FSHFAC03.svg","","UNRESOLVED","no exact/direct/semantic ESRI match; generic category fallback disabled"
"POINT","FSHGRD01","symbols/FSHGRD01.svg","","UNRESOLVED","no exact/direct/semantic ESRI match; generic category fallback disabled"
"POINT","FSHHAV01","symbols/FSHHAV01.svg","","UNRESOLVED","no exact/direct/semantic ESRI match; generic category fallback disabled"
"POINT","FSHRES51","symbols/FSHRES51.svg","","UNRESOLVED","no exact/direct/semantic ESRI match; generic category fallback disabled"
"POINT","FSHRES61","symbols/FSHRES61.svg","","UNRESOLVED","no exact/direct/semantic ESRI match; generic category fallback disabled"
"POINT","FSHRES71","symbols/FSHRES71.svg","","UNRESOLVED","no exact/direct/semantic ESRI match; generic category fallback disabled"
"POINT","GATCON03","symbols/GATCON03.svg","","UNRESOLVED","no exact/direct/semantic ESRI match; generic category fallback disabled"
"POINT","GATCON04","symbols/GATCON04.svg","","UNRESOLVED","no exact/direct/semantic ESRI match; generic category fallback disabled"
"POINT","HILTOP01","symbols/HILTOP01.svg","","UNRESOLVED","no exact/direct/semantic ESRI match; generic category fallback disabled"
"POINT","HILTOP11","symbols/HILTOP11.svg","","UNRESOLVED","no exact/direct/semantic ESRI match; generic category fallback disabled"
"POINT","HRBFAC09","symbols/HRBFAC09.svg","F10_Fishing_harbor.svg","CUSTOM_SYMBOL_MAP","CustomSymbolMap object rule for HRBFAC"
"POINT","HULKES01","symbols/HULKES01.svg","","UNRESOLVED","no exact/direct/semantic ESRI match; generic category fallback disabled"
"POINT","INFARE51","symbols/INFARE51.svg","","UNRESOLVED","no exact/direct/semantic ESRI match; generic category fallback disabled"
"POINT","INFORM01","symbols/INFORM01.svg","","UNRESOLVED","no exact/direct/semantic ESRI match; generic category fallback disabled"
"POINT","ISODGR01","symbols/ISODGR01.svg","","UNRESOLVED","no exact/direct/semantic ESRI match; generic category fallback disabled"
"POINT","ITZARE51","symbols/ITZARE51.svg","","UNRESOLVED","no exact/direct/semantic ESRI match; generic category fallback disabled"
"POINT","LIGHTDEF","symbols/LIGHTDEF.svg","S1_Ra_transponder_wLight.svg","SEMANTIC_TOKEN","semantic token match for LIGHTDEF"
"POINT","LIGHTS11","symbols/LIGHTS11.svg","S1_Ra_transponder_wLight.svg","SEMANTIC_TOKEN","semantic token match for LIGHTS"
"POINT","LIGHTS12","symbols/LIGHTS12.svg","S1_Ra_transponder_wLight.svg","SEMANTIC_TOKEN","semantic token match for LIGHTS"
"POINT","LIGHTS13","symbols/LIGHTS13.svg","S1_Ra_transponder_wLight.svg","SEMANTIC_TOKEN","semantic token match for LIGHTS"
"POINT","LIGHTS81","symbols/LIGHTS81.svg","S1_Ra_transponder_wLight.svg","SEMANTIC_TOKEN","semantic token match for LIGHTS"
"POINT","LIGHTS82","symbols/LIGHTS82.svg","P1_Light.svg","ALIAS","explicit alias P1_Light.svg"
"POINT","LITFLT01","symbols/LITFLT01.svg","Q30_Light_float.svg","CUSTOM_SYMBOL_MAP","CustomSymbolMap object rule for LITFLT"
"POINT","LITFLT02","symbols/LITFLT02.svg","Q30_Light_float.svg","CUSTOM_SYMBOL_MAP","CustomSymbolMap object rule for LITFLT"
"POINT","LITVES01","symbols/LITVES01.svg","Q32_Light_vessel.svg","CUSTOM_SYMBOL_MAP","CustomSymbolMap object rule for LITVES"
"POINT","LITVES02","symbols/LITVES02.svg","Q32_Light_vessel.svg","CUSTOM_SYMBOL_MAP","CustomSymbolMap object rule for LITVES"
"POINT","LNDARE01","symbols/LNDARE01.svg","K10_LandPoint.svg","SEMANTIC_TOKEN","semantic token match for LNDARE"
"POINT","LOCMAG01","symbols/LOCMAG01.svg","","UNRESOLVED","no exact/direct/semantic ESRI match; generic category fallback disabled"
"POINT","LOCMAG51","symbols/LOCMAG51.svg","","UNRESOLVED","no exact/direct/semantic ESRI match; generic category fallback disabled"
"POINT","LOWACC01","symbols/LOWACC01.svg","","UNRESOLVED","no exact/direct/semantic ESRI match; generic category fallback disabled"
"POINT","MAGVAR01","symbols/MAGVAR01.svg","","UNRESOLVED","no exact/direct/semantic ESRI match; generic category fallback disabled"
"POINT","MAGVAR51","symbols/MAGVAR51.svg","","UNRESOLVED","no exact/direct/semantic ESRI match; generic category fallback disabled"
"POINT","MARCUL02","symbols/MARCUL02.svg","K48_Marine_farm.svg","CUSTOM_SYMBOL_MAP","CustomSymbolMap object rule for MARCUL"
"POINT","MONUMT02","symbols/MONUMT02.svg","","UNRESOLVED","no exact/direct/semantic ESRI match; generic category fallback disabled"
"POINT","MONUMT12","symbols/MONUMT12.svg","","UNRESOLVED","no exact/direct/semantic ESRI match; generic category fallback disabled"
"POINT","MORFAC03","symbols/MORFAC03.svg","Q40a_Mooring_buoy.svg","CUSTOM_SYMBOL_MAP","CustomSymbolMap object rule for MORFAC"
"POINT","MORFAC04","symbols/MORFAC04.svg","Q40a_Mooring_buoy.svg","CUSTOM_SYMBOL_MAP","CustomSymbolMap object rule for MORFAC"
"POINT","MSTCON04","symbols/MSTCON04.svg","","UNRESOLVED","no exact/direct/semantic ESRI match; generic category fallback disabled"
"POINT","MSTCON14","symbols/MSTCON14.svg","","UNRESOLVED","no exact/direct/semantic ESRI match; generic category fallback disabled"
"POINT","NORTHAR1","symbols/NORTHAR1.svg","","UNRESOLVED","no exact/direct/semantic ESRI match; generic category fallback disabled"
"POINT","NOTBRD11","symbols/NOTBRD11.svg","","UNRESOLVED","no exact/direct/semantic ESRI match; generic category fallback disabled"
"POINT","OBSTRN01","symbols/OBSTRN01.svg","Q42_Ground_tackle.svg","CUSTOM_SYMBOL_MAP","CustomSymbolMap object rule for OBSTRN"
"POINT","OBSTRN02","symbols/OBSTRN02.svg","Q42_Ground_tackle.svg","CUSTOM_SYMBOL_MAP","CustomSymbolMap object rule for OBSTRN"
"POINT","OBSTRN03","symbols/OBSTRN03.svg","Q42_Ground_tackle.svg","CUSTOM_SYMBOL_MAP","CustomSymbolMap object rule for OBSTRN"
"POINT","OBSTRN18","symbols/OBSTRN18.svg","Q42_Ground_tackle.svg","CUSTOM_SYMBOL_MAP","CustomSymbolMap object rule for OBSTRN"
"POINT","OFSPLF01","symbols/OFSPLF01.svg","L10_Offshore_platform.svg","CUSTOM_SYMBOL_MAP","CustomSymbolMap object rule for OFSPLF"
"POINT","OSPONE02","symbols/OSPONE02.svg","","UNRESOLVED","no exact/direct/semantic ESRI match; generic category fallback disabled"
"POINT","OSPSIX02","symbols/OSPSIX02.svg","","UNRESOLVED","no exact/direct/semantic ESRI match; generic category fallback disabled"
"POINT","OWNSHP01","symbols/OWNSHP01.svg","","UNRESOLVED","no exact/direct/semantic ESRI match; generic category fallback disabled"
"POINT","OWNSHP05","symbols/OWNSHP05.svg","","UNRESOLVED","no exact/direct/semantic ESRI match; generic category fallback disabled"
"POINT","PASTRK01","symbols/PASTRK01.svg","","UNRESOLVED","no exact/direct/semantic ESRI match; generic category fallback disabled"
"POINT","PASTRK02","symbols/PASTRK02.svg","","UNRESOLVED","no exact/direct/semantic ESRI match; generic category fallback disabled"
"POINT","PILBOP02","symbols/PILBOP02.svg","T1_pilot_boarding_place.svg","CUSTOM_SYMBOL_MAP","CustomSymbolMap object rule for PILBOP"
"POINT","PILPNT02","symbols/PILPNT02.svg","F22_Post.svg","CUSTOM_SYMBOL_MAP","CustomSymbolMap object rule for PILPNT"
"POINT","PLNPOS01","symbols/PLNPOS01.svg","","UNRESOLVED","no exact/direct/semantic ESRI match; generic category fallback disabled"
"POINT","PLNPOS02","symbols/PLNPOS02.svg","","UNRESOLVED","no exact/direct/semantic ESRI match; generic category fallback disabled"
"POINT","PLNSPD03","symbols/PLNSPD03.svg","","UNRESOLVED","no exact/direct/semantic ESRI match; generic category fallback disabled"
"POINT","PLNSPD04","symbols/PLNSPD04.svg","","UNRESOLVED","no exact/direct/semantic ESRI match; generic category fallback disabled"
"POINT","POSGEN01","symbols/POSGEN01.svg","","UNRESOLVED","no exact/direct/semantic ESRI match; generic category fallback disabled"
"POINT","POSGEN03","symbols/POSGEN03.svg","","UNRESOLVED","no exact/direct/semantic ESRI match; generic category fallback disabled"
"POINT","POSGEN04","symbols/POSGEN04.svg","","UNRESOLVED","no exact/direct/semantic ESRI match; generic category fallback disabled"
"POINT","POSITN02","symbols/POSITN02.svg","","UNRESOLVED","no exact/direct/semantic ESRI match; generic category fallback disabled"
"POINT","PRCARE12","symbols/PRCARE12.svg","","UNRESOLVED","no exact/direct/semantic ESRI match; generic category fallback disabled"
"POINT","PRCARE51","symbols/PRCARE51.svg","","UNRESOLVED","no exact/direct/semantic ESRI match; generic category fallback disabled"
"POINT","PRDINS02","symbols/PRDINS02.svg","","UNRESOLVED","no exact/direct/semantic ESRI match; generic category fallback disabled"
"POINT","PRICKE03","symbols/PRICKE03.svg","","UNRESOLVED","no exact/direct/semantic ESRI match; generic category fallback disabled"
"POINT","PRICKE04","symbols/PRICKE04.svg","","UNRESOLVED","no exact/direct/semantic ESRI match; generic category fallback disabled"
"POINT","QUAPOS01","symbols/QUAPOS01.svg","","UNRESOLVED","no exact/direct/semantic ESRI match; generic category fallback disabled"
"POINT","QUARRY01","symbols/QUARRY01.svg","","UNRESOLVED","no exact/direct/semantic ESRI match; generic category fallback disabled"
"POINT","QUESMRK1","symbols/QUESMRK1.svg","","UNRESOLVED","no exact/direct/semantic ESRI match; generic category fallback disabled"
"POINT","RACNSP01","symbols/RACNSP01.svg","","UNRESOLVED","no exact/direct/semantic ESRI match; generic category fallback disabled"
"POINT","RADRFL03","symbols/RADRFL03.svg","S5_Radar_conspicuous.svg","CUSTOM_SYMBOL_MAP","CustomSymbolMap object rule for RADRFL"
"POINT","RASCAN01","symbols/RASCAN01.svg","","UNRESOLVED","no exact/direct/semantic ESRI match; generic category fallback disabled"
"POINT","RASCAN11","symbols/RASCAN11.svg","","UNRESOLVED","no exact/direct/semantic ESRI match; generic category fallback disabled"
"POINT","RCLDEF01","symbols/RCLDEF01.svg","","UNRESOLVED","no exact/direct/semantic ESRI match; generic category fallback disabled"
"POINT","RCTLPT52","symbols/RCTLPT52.svg","","UNRESOLVED","no exact/direct/semantic ESRI match; generic category fallback disabled"
"POINT","RDOCAL02","symbols/RDOCAL02.svg","M40_1b_Radio_calling_in.svg","CUSTOM_SYMBOL_MAP","CustomSymbolMap object rule for RDOCAL"
"POINT","RDOCAL03","symbols/RDOCAL03.svg","M40_1b_Radio_calling_in.svg","CUSTOM_SYMBOL_MAP","CustomSymbolMap object rule for RDOCAL"
"POINT","RDOSTA02","symbols/RDOSTA02.svg","S1_Ra_transponder_bn.svg","CUSTOM_SYMBOL_MAP","CustomSymbolMap object rule for RDOSTA"
"POINT","RECDEF51","symbols/RECDEF51.svg","","UNRESOLVED","no exact/direct/semantic ESRI match; generic category fallback disabled"
"POINT","RECTRC55","symbols/RECTRC55.svg","","UNRESOLVED","no exact/direct/semantic ESRI match; generic category fallback disabled"
"POINT","RECTRC56","symbols/RECTRC56.svg","","UNRESOLVED","no exact/direct/semantic ESRI match; generic category fallback disabled"
"POINT","RECTRC57","symbols/RECTRC57.svg","","UNRESOLVED","no exact/direct/semantic ESRI match; generic category fallback disabled"
"POINT","RECTRC58","symbols/RECTRC58.svg","","UNRESOLVED","no exact/direct/semantic ESRI match; generic category fallback disabled"
"POINT","REFPNT02","symbols/REFPNT02.svg","","UNRESOLVED","no exact/direct/semantic ESRI match; generic category fallback disabled"
"POINT","RETRFL01","symbols/RETRFL01.svg","","UNRESOLVED","no exact/direct/semantic ESRI match; generic category fallback disabled"
"POINT","RETRFL02","symbols/RETRFL02.svg","","UNRESOLVED","no exact/direct/semantic ESRI match; generic category fallback disabled"
"POINT","RFNERY01","symbols/RFNERY01.svg","","UNRESOLVED","no exact/direct/semantic ESRI match; generic category fallback disabled"
"POINT","RFNERY11","symbols/RFNERY11.svg","","UNRESOLVED","no exact/direct/semantic ESRI match; generic category fallback disabled"
"POINT","ROLROL01","symbols/ROLROL01.svg","","UNRESOLVED","no exact/direct/semantic ESRI match; generic category fallback disabled"
"POINT","RSCSTA02","symbols/RSCSTA02.svg","","UNRESOLVED","no exact/direct/semantic ESRI match; generic category fallback disabled"
"POINT","RSRDEF51","symbols/RSRDEF51.svg","","UNRESOLVED","no exact/direct/semantic ESRI match; generic category fallback disabled"
"POINT","RTLDEF51","symbols/RTLDEF51.svg","","UNRESOLVED","no exact/direct/semantic ESRI match; generic category fallback disabled"
"POINT","RTPBCN02","symbols/RTPBCN02.svg","S1_Ra_transponder_bn.svg","CUSTOM_SYMBOL_MAP","CustomSymbolMap object rule for RTPBCN"
"POINT","SCALEB10","symbols/SCALEB10.svg","","UNRESOLVED","no exact/direct/semantic ESRI match; generic category fallback disabled"
"POINT","SCALEB11","symbols/SCALEB11.svg","","UNRESOLVED","no exact/direct/semantic ESRI match; generic category fallback disabled"
"POINT","SILBUI01","symbols/SILBUI01.svg","","UNRESOLVED","no exact/direct/semantic ESRI match; generic category fallback disabled"
"POINT","SILBUI11","symbols/SILBUI11.svg","","UNRESOLVED","no exact/direct/semantic ESRI match; generic category fallback disabled"
"POINT","SISTAT02","symbols/SISTAT02.svg","","UNRESOLVED","no exact/direct/semantic ESRI match; generic category fallback disabled"
"POINT","SMCFAC02","symbols/SMCFAC02.svg","","UNRESOLVED","no exact/direct/semantic ESRI match; generic category fallback disabled"
"POINT","SNDWAV02","symbols/SNDWAV02.svg","","UNRESOLVED","no exact/direct/semantic ESRI match; generic category fallback disabled"
"POINT","SOUNDGB1","symbols/SOUNDGB1.svg","","UNRESOLVED","no exact/direct/semantic ESRI match; generic category fallback disabled"
"POINT","SOUNDGC2","symbols/SOUNDGC2.svg","","UNRESOLVED","no exact/direct/semantic ESRI match; generic category fallback disabled"
"POINT","SOUNDSA1","symbols/SOUNDSA1.svg","","UNRESOLVED","no exact/direct/semantic ESRI match; generic category fallback disabled"
"POINT","SOUNDSB1","symbols/SOUNDSB1.svg","","UNRESOLVED","no exact/direct/semantic ESRI match; generic category fallback disabled"
"POINT","SOUNDSC2","symbols/SOUNDSC2.svg","","UNRESOLVED","no exact/direct/semantic ESRI match; generic category fallback disabled"
"POINT","SPRING02","symbols/SPRING02.svg","","UNRESOLVED","no exact/direct/semantic ESRI match; generic category fallback disabled"
"POINT","SWPARE51","symbols/SWPARE51.svg","","UNRESOLVED","no exact/direct/semantic ESRI match; generic category fallback disabled"
"POINT","TIDCUR01","symbols/TIDCUR01.svg","","UNRESOLVED","no exact/direct/semantic ESRI match; generic category fallback disabled"
"POINT","TIDCUR02","symbols/TIDCUR02.svg","","UNRESOLVED","no exact/direct/semantic ESRI match; generic category fallback disabled"
"POINT","TIDCUR03","symbols/TIDCUR03.svg","","UNRESOLVED","no exact/direct/semantic ESRI match; generic category fallback disabled"
"POINT","TIDEHT01","symbols/TIDEHT01.svg","","UNRESOLVED","no exact/direct/semantic ESRI match; generic category fallback disabled"
"POINT","TIDSTR01","symbols/TIDSTR01.svg","","UNRESOLVED","no exact/direct/semantic ESRI match; generic category fallback disabled"
"POINT","TMARDEF1","symbols/TMARDEF1.svg","","UNRESOLVED","no exact/direct/semantic ESRI match; generic category fallback disabled"
"POINT","TMARDEF2","symbols/TMARDEF2.svg","","UNRESOLVED","no exact/direct/semantic ESRI match; generic category fallback disabled"
"POINT","TMBYRD01","symbols/TMBYRD01.svg","","UNRESOLVED","no exact/direct/semantic ESRI match; generic category fallback disabled"
"POINT","TNKCON02","symbols/TNKCON02.svg","","UNRESOLVED","no exact/direct/semantic ESRI match; generic category fallback disabled"
"POINT","TNKCON12","symbols/TNKCON12.svg","","UNRESOLVED","no exact/direct/semantic ESRI match; generic category fallback disabled"
"POINT","TNKFRM01","symbols/TNKFRM01.svg","","UNRESOLVED","no exact/direct/semantic ESRI match; generic category fallback disabled"
"POINT","TNKFRM11","symbols/TNKFRM11.svg","","UNRESOLVED","no exact/direct/semantic ESRI match; generic category fallback disabled"
"POINT","TOPMAR02","symbols/TOPMAR02.svg","Q9_Arrow.svg","CUSTOM_SYMBOL_MAP","CustomSymbolMap object rule for TOPMAR"
"POINT","TOPMAR04","symbols/TOPMAR04.svg","Q9_Arrow.svg","CUSTOM_SYMBOL_MAP","CustomSymbolMap object rule for TOPMAR"
"POINT","TOPMAR05","symbols/TOPMAR05.svg","Q9_Arrow.svg","CUSTOM_SYMBOL_MAP","CustomSymbolMap object rule for TOPMAR"
"POINT","TOPMAR06","symbols/TOPMAR06.svg","Q9_Arrow.svg","CUSTOM_SYMBOL_MAP","CustomSymbolMap object rule for TOPMAR"
"POINT","TOPMAR07","symbols/TOPMAR07.svg","Q9_Arrow.svg","CUSTOM_SYMBOL_MAP","CustomSymbolMap object rule for TOPMAR"
"POINT","TOPMAR08","symbols/TOPMAR08.svg","Q9_Arrow.svg","CUSTOM_SYMBOL_MAP","CustomSymbolMap object rule for TOPMAR"
"POINT","TOPMAR10","symbols/TOPMAR10.svg","Q9_Arrow.svg","CUSTOM_SYMBOL_MAP","CustomSymbolMap object rule for TOPMAR"
"POINT","TOPMAR12","symbols/TOPMAR12.svg","Q9_Arrow.svg","CUSTOM_SYMBOL_MAP","CustomSymbolMap object rule for TOPMAR"
"POINT","TOPMAR13","symbols/TOPMAR13.svg","Q9_Arrow.svg","CUSTOM_SYMBOL_MAP","CustomSymbolMap object rule for TOPMAR"
"POINT","TOPMAR14","symbols/TOPMAR14.svg","Q9_Arrow.svg","CUSTOM_SYMBOL_MAP","CustomSymbolMap object rule for TOPMAR"
"POINT","TOPMAR16","symbols/TOPMAR16.svg","Q9_Arrow.svg","CUSTOM_SYMBOL_MAP","CustomSymbolMap object rule for TOPMAR"
"POINT","TOPMAR17","symbols/TOPMAR17.svg","Q9_Arrow.svg","CUSTOM_SYMBOL_MAP","CustomSymbolMap object rule for TOPMAR"
"POINT","TOPMAR18","symbols/TOPMAR18.svg","Q9_Arrow.svg","CUSTOM_SYMBOL_MAP","CustomSymbolMap object rule for TOPMAR"
"POINT","TOPMAR22","symbols/TOPMAR22.svg","Q9_Arrow.svg","CUSTOM_SYMBOL_MAP","CustomSymbolMap object rule for TOPMAR"
"POINT","TOPMAR24","symbols/TOPMAR24.svg","Q9_Arrow.svg","CUSTOM_SYMBOL_MAP","CustomSymbolMap object rule for TOPMAR"
"POINT","TOPMAR25","symbols/TOPMAR25.svg","Q9_Arrow.svg","CUSTOM_SYMBOL_MAP","CustomSymbolMap object rule for TOPMAR"
"POINT","TOPMAR26","symbols/TOPMAR26.svg","Q9_Arrow.svg","CUSTOM_SYMBOL_MAP","CustomSymbolMap object rule for TOPMAR"
"POINT","TOPMAR27","symbols/TOPMAR27.svg","Q9_Arrow.svg","CUSTOM_SYMBOL_MAP","CustomSymbolMap object rule for TOPMAR"
"POINT","TOPMAR28","symbols/TOPMAR28.svg","Q9_Arrow.svg","CUSTOM_SYMBOL_MAP","CustomSymbolMap object rule for TOPMAR"
"POINT","TOPMAR30","symbols/TOPMAR30.svg","Q9_Arrow.svg","CUSTOM_SYMBOL_MAP","CustomSymbolMap object rule for TOPMAR"
"POINT","TOPMAR32","symbols/TOPMAR32.svg","Q9_Arrow.svg","CUSTOM_SYMBOL_MAP","CustomSymbolMap object rule for TOPMAR"
"POINT","TOPMAR33","symbols/TOPMAR33.svg","Q9_Arrow.svg","CUSTOM_SYMBOL_MAP","CustomSymbolMap object rule for TOPMAR"
"POINT","TOPMAR34","symbols/TOPMAR34.svg","Q9_Arrow.svg","CUSTOM_SYMBOL_MAP","CustomSymbolMap object rule for TOPMAR"
"POINT","TOPMAR36","symbols/TOPMAR36.svg","Q9_Arrow.svg","CUSTOM_SYMBOL_MAP","CustomSymbolMap object rule for TOPMAR"
"POINT","TOPMAR65","symbols/TOPMAR65.svg","Q9_Arrow.svg","CUSTOM_SYMBOL_MAP","CustomSymbolMap object rule for TOPMAR"
"POINT","TOPMAR85","symbols/TOPMAR85.svg","Q9_Arrow.svg","CUSTOM_SYMBOL_MAP","CustomSymbolMap object rule for TOPMAR"
"POINT","TOPMAR86","symbols/TOPMAR86.svg","Q9_Arrow.svg","CUSTOM_SYMBOL_MAP","CustomSymbolMap object rule for TOPMAR"
"POINT","TOPMAR87","symbols/TOPMAR87.svg","Q9_Arrow.svg","CUSTOM_SYMBOL_MAP","CustomSymbolMap object rule for TOPMAR"
"POINT","TOPMAR88","symbols/TOPMAR88.svg","Q9_Arrow.svg","CUSTOM_SYMBOL_MAP","CustomSymbolMap object rule for TOPMAR"
"POINT","TOPMAR89","symbols/TOPMAR89.svg","Q9_Arrow.svg","CUSTOM_SYMBOL_MAP","CustomSymbolMap object rule for TOPMAR"
"POINT","TOWERS01","symbols/TOWERS01.svg","","UNRESOLVED","no exact/direct/semantic ESRI match; generic category fallback disabled"
"POINT","TOWERS02","symbols/TOWERS02.svg","","UNRESOLVED","no exact/direct/semantic ESRI match; generic category fallback disabled"
"POINT","TOWERS03","symbols/TOWERS03.svg","","UNRESOLVED","no exact/direct/semantic ESRI match; generic category fallback disabled"
"POINT","TOWERS05","symbols/TOWERS05.svg","","UNRESOLVED","no exact/direct/semantic ESRI match; generic category fallback disabled"
"POINT","TOWERS12","symbols/TOWERS12.svg","","UNRESOLVED","no exact/direct/semantic ESRI match; generic category fallback disabled"
"POINT","TOWERS15","symbols/TOWERS15.svg","","UNRESOLVED","no exact/direct/semantic ESRI match; generic category fallback disabled"
"POINT","TREPNT04","symbols/TREPNT04.svg","","UNRESOLVED","no exact/direct/semantic ESRI match; generic category fallback disabled"
"POINT","TREPNT05","symbols/TREPNT05.svg","","UNRESOLVED","no exact/direct/semantic ESRI match; generic category fallback disabled"
"POINT","TSLDEF51","symbols/TSLDEF51.svg","","UNRESOLVED","no exact/direct/semantic ESRI match; generic category fallback disabled"
"POINT","TSSCRS51","symbols/TSSCRS51.svg","","UNRESOLVED","no exact/direct/semantic ESRI match; generic category fallback disabled"
"POINT","TSSLPT51","symbols/TSSLPT51.svg","","UNRESOLVED","no exact/direct/semantic ESRI match; generic category fallback disabled"
"POINT","TSSRON51","symbols/TSSRON51.svg","","UNRESOLVED","no exact/direct/semantic ESRI match; generic category fallback disabled"
"POINT","TWRDEF51","symbols/TWRDEF51.svg","","UNRESOLVED","no exact/direct/semantic ESRI match; generic category fallback disabled"
"POINT","TWRTPT52","symbols/TWRTPT52.svg","","UNRESOLVED","no exact/direct/semantic ESRI match; generic category fallback disabled"
"POINT","TWRTPT53","symbols/TWRTPT53.svg","","UNRESOLVED","no exact/direct/semantic ESRI match; generic category fallback disabled"
"POINT","UNITFTH1","symbols/UNITFTH1.svg","","UNRESOLVED","no exact/direct/semantic ESRI match; generic category fallback disabled"
"POINT","UNITMTR1","symbols/UNITMTR1.svg","","UNRESOLVED","no exact/direct/semantic ESRI match; generic category fallback disabled"
"POINT","UWTROC03","symbols/UWTROC03.svg","K11b_Rock_uncovers.svg","CUSTOM_SYMBOL_MAP","CustomSymbolMap object rule for UWTROC"
"POINT","UWTROC04","symbols/UWTROC04.svg","K11b_Rock_uncovers.svg","CUSTOM_SYMBOL_MAP","CustomSymbolMap object rule for UWTROC"
"POINT","VECGND01","symbols/VECGND01.svg","","UNRESOLVED","no exact/direct/semantic ESRI match; generic category fallback disabled"
"POINT","VECGND21","symbols/VECGND21.svg","","UNRESOLVED","no exact/direct/semantic ESRI match; generic category fallback disabled"
"POINT","VECWTR01","symbols/VECWTR01.svg","","UNRESOLVED","no exact/direct/semantic ESRI match; generic category fallback disabled"
"POINT","VECWTR21","symbols/VECWTR21.svg","","UNRESOLVED","no exact/direct/semantic ESRI match; generic category fallback disabled"
"POINT","WATTUR02","symbols/WATTUR02.svg","","UNRESOLVED","no exact/direct/semantic ESRI match; generic category fallback disabled"
"POINT","WAYPNT01","symbols/WAYPNT01.svg","","UNRESOLVED","no exact/direct/semantic ESRI match; generic category fallback disabled"
"POINT","WAYPNT03","symbols/WAYPNT03.svg","","UNRESOLVED","no exact/direct/semantic ESRI match; generic category fallback disabled"
"POINT","WAYPNT11","symbols/WAYPNT11.svg","","UNRESOLVED","no exact/direct/semantic ESRI match; generic category fallback disabled"
"POINT","WEDKLP03","symbols/WEDKLP03.svg","","UNRESOLVED","no exact/direct/semantic ESRI match; generic category fallback disabled"
"POINT","WIMCON01","symbols/WIMCON01.svg","","UNRESOLVED","no exact/direct/semantic ESRI match; generic category fallback disabled"
"POINT","WIMCON11","symbols/WIMCON11.svg","","UNRESOLVED","no exact/direct/semantic ESRI match; generic category fallback disabled"
"POINT","WNDFRM51","symbols/WNDFRM51.svg","","UNRESOLVED","no exact/direct/semantic ESRI match; generic category fallback disabled"
"POINT","WNDFRM61","symbols/WNDFRM61.svg","","UNRESOLVED","no exact/direct/semantic ESRI match; generic category fallback disabled"
"POINT","WNDMIL02","symbols/WNDMIL02.svg","","UNRESOLVED","no exact/direct/semantic ESRI match; generic category fallback disabled"
"POINT","WNDMIL12","symbols/WNDMIL12.svg","","UNRESOLVED","no exact/direct/semantic ESRI match; generic category fallback disabled"
"POINT","WRECKS01","symbols/WRECKS01.svg","K24_Wreck_showing_hull.svg","ALIAS","explicit alias K24_Wreck_showing_hull.svg"
"POINT","WRECKS04","symbols/WRECKS04.svg","K30_Wreck_safe_clearance.svg","SEMANTIC_TOKEN","semantic token match for WRECKS"
"POINT","WRECKS05","symbols/WRECKS05.svg","K25_Wreck_danger_no_depth.svg","ALIAS","explicit alias K25_Wreck_danger_no_depth.svg"
"POINT","ACHPNT01","symbols/ACHPNT01.svg","","UNRESOLVED","no exact/direct/semantic ESRI match; generic category fallback disabled"
"POINT","NMKINF01","symbols/NMKINF01.svg","","UNRESOLVED","no exact/direct/semantic ESRI match; generic category fallback disabled"
"POINT","NMKPRH02","symbols/NMKPRH02.svg","","UNRESOLVED","no exact/direct/semantic ESRI match; generic category fallback disabled"
"POINT","NMKPRH12","symbols/NMKPRH12.svg","","UNRESOLVED","no exact/direct/semantic ESRI match; generic category fallback disabled"
"POINT","NMKPRH13","symbols/NMKPRH13.svg","","UNRESOLVED","no exact/direct/semantic ESRI match; generic category fallback disabled"
"POINT","NMKRCD01","symbols/NMKRCD01.svg","","UNRESOLVED","no exact/direct/semantic ESRI match; generic category fallback disabled"
"POINT","NMKRCD02","symbols/NMKRCD02.svg","","UNRESOLVED","no exact/direct/semantic ESRI match; generic category fallback disabled"
"POINT","NMKRCD03","symbols/NMKRCD03.svg","","UNRESOLVED","no exact/direct/semantic ESRI match; generic category fallback disabled"
"POINT","NMKRCD04","symbols/NMKRCD04.svg","","UNRESOLVED","no exact/direct/semantic ESRI match; generic category fallback disabled"
"POINT","BOYLAT50","symbols/BOYLAT50.svg","Q23a_Pillar_buoy.svg","CUSTOM_SYMBOL_MAP","CustomSymbolMap object rule for BOYLAT"
"POINT","BOYLAT51","symbols/BOYLAT51.svg","Q23a_Pillar_buoy.svg","CUSTOM_SYMBOL_MAP","CustomSymbolMap object rule for BOYLAT"
"POINT","LIGHTS14","symbols/LIGHTS14.svg","S1_Ra_transponder_wLight.svg","SEMANTIC_TOKEN","semantic token match for LIGHTS"
"POINT","LITDEF11","symbols/LITDEF11.svg","S1_Ra_transponder_wLight.svg","SEMANTIC_TOKEN","semantic token match for LITDEF"
"POINT","OBSTRN11","symbols/OBSTRN11.svg","Q42_Ground_tackle.svg","CUSTOM_SYMBOL_MAP","CustomSymbolMap object rule for OBSTRN"
"POINT","DAYTRI52","symbols/DAYTRI52.svg","","UNRESOLVED","no exact/direct/semantic ESRI match; generic category fallback disabled"
"POINT","DAYSQR51","symbols/DAYSQR51.svg","","UNRESOLVED","no exact/direct/semantic ESRI match; generic category fallback disabled"
"POINT","DAYTRI51","symbols/DAYTRI51.svg","","UNRESOLVED","no exact/direct/semantic ESRI match; generic category fallback disabled"
"POINT","DAYREC51","symbols/DAYREC51.svg","","UNRESOLVED","no exact/direct/semantic ESRI match; generic category fallback disabled"
"POINT","LIGHTS95","symbols/LIGHTS95.svg","S1_Ra_transponder_wLight.svg","SEMANTIC_TOKEN","semantic token match for LIGHTS"
"POINT","LIGHTS94","symbols/LIGHTS94.svg","S1_Ra_transponder_wLight.svg","SEMANTIC_TOKEN","semantic token match for LIGHTS"
"POINT","LIGHTS96","symbols/LIGHTS96.svg","S1_Ra_transponder_wLight.svg","SEMANTIC_TOKEN","semantic token match for LIGHTS"
"POINT","LIGHTS90","symbols/LIGHTS90.svg","S1_Ra_transponder_wLight.svg","SEMANTIC_TOKEN","semantic token match for LIGHTS"
"POINT","LIGHTS91","symbols/LIGHTS91.svg","S1_Ra_transponder_wLight.svg","SEMANTIC_TOKEN","semantic token match for LIGHTS"
"POINT","LIGHTS92","symbols/LIGHTS92.svg","S1_Ra_transponder_wLight.svg","SEMANTIC_TOKEN","semantic token match for LIGHTS"
"POINT","LIGHTS93","symbols/LIGHTS93.svg","S1_Ra_transponder_wLight.svg","SEMANTIC_TOKEN","semantic token match for LIGHTS"
"POINT","BOYPIL78","symbols/BOYPIL78.svg","Q22a_Spherical_buoy.svg","SEMANTIC_TOKEN","semantic token match for BOYPIL"
"POINT","BOYPIL79","symbols/BOYPIL79.svg","Q22a_Spherical_buoy.svg","SEMANTIC_TOKEN","semantic token match for BOYPIL"
"POINT","BOYPIL60","symbols/BOYPIL60.svg","Q22a_Spherical_buoy.svg","SEMANTIC_TOKEN","semantic token match for BOYPIL"
"POINT","BOYPIL61","symbols/BOYPIL61.svg","Q22a_Spherical_buoy.svg","SEMANTIC_TOKEN","semantic token match for BOYPIL"
"POINT","BOYPIL62","symbols/BOYPIL62.svg","Q22a_Spherical_buoy.svg","SEMANTIC_TOKEN","semantic token match for BOYPIL"
"POINT","BOYPIL63","symbols/BOYPIL63.svg","Q22a_Spherical_buoy.svg","SEMANTIC_TOKEN","semantic token match for BOYPIL"
"POINT","BOYPIL64","symbols/BOYPIL64.svg","Q22a_Spherical_buoy.svg","SEMANTIC_TOKEN","semantic token match for BOYPIL"
"POINT","BOYPIL65","symbols/BOYPIL65.svg","Q22a_Spherical_buoy.svg","SEMANTIC_TOKEN","semantic token match for BOYPIL"
"POINT","BOYPIL66","symbols/BOYPIL66.svg","Q22a_Spherical_buoy.svg","SEMANTIC_TOKEN","semantic token match for BOYPIL"
"POINT","BOYPIL67","symbols/BOYPIL67.svg","Q22a_Spherical_buoy.svg","SEMANTIC_TOKEN","semantic token match for BOYPIL"
"POINT","BOYPIL68","symbols/BOYPIL68.svg","Q22a_Spherical_buoy.svg","SEMANTIC_TOKEN","semantic token match for BOYPIL"
"POINT","BOYPIL69","symbols/BOYPIL69.svg","Q22a_Spherical_buoy.svg","SEMANTIC_TOKEN","semantic token match for BOYPIL"
"POINT","BOYPIL70","symbols/BOYPIL70.svg","Q22a_Spherical_buoy.svg","SEMANTIC_TOKEN","semantic token match for BOYPIL"
"POINT","BOYPIL71","symbols/BOYPIL71.svg","Q22a_Spherical_buoy.svg","SEMANTIC_TOKEN","semantic token match for BOYPIL"
"POINT","BOYPIL72","symbols/BOYPIL72.svg","Q22a_Spherical_buoy.svg","SEMANTIC_TOKEN","semantic token match for BOYPIL"
"POINT","BOYPIL73","symbols/BOYPIL73.svg","Q22a_Spherical_buoy.svg","SEMANTIC_TOKEN","semantic token match for BOYPIL"
"POINT","BOYPIL74","symbols/BOYPIL74.svg","Q22a_Spherical_buoy.svg","SEMANTIC_TOKEN","semantic token match for BOYPIL"
"POINT","BOYPIL75","symbols/BOYPIL75.svg","Q22a_Spherical_buoy.svg","SEMANTIC_TOKEN","semantic token match for BOYPIL"
"POINT","BOYPIL76","symbols/BOYPIL76.svg","Q22a_Spherical_buoy.svg","SEMANTIC_TOKEN","semantic token match for BOYPIL"
"POINT","BOYPIL77","symbols/BOYPIL77.svg","Q22a_Spherical_buoy.svg","SEMANTIC_TOKEN","semantic token match for BOYPIL"
"POINT","BCNTOW68","symbols/BCNTOW68.svg","Q83_Beacon_submerged_rock.svg","SEMANTIC_TOKEN","semantic token match for BCNTOW"
"POINT","BOYCON60","symbols/BOYCON60.svg","Q20a_Conical_buoy.svg","SEMANTIC_TOKEN","semantic token match for BOYCON"
"POINT","BOYCON61","symbols/BOYCON61.svg","Q20a_Conical_buoy.svg","SEMANTIC_TOKEN","semantic token match for BOYCON"
"POINT","BOYCON62","symbols/BOYCON62.svg","Q20a_Conical_buoy.svg","SEMANTIC_TOKEN","semantic token match for BOYCON"
"POINT","BOYCAN61","symbols/BOYCAN61.svg","Q22a_Spherical_buoy.svg","SEMANTIC_TOKEN","semantic token match for BOYCAN"
"POINT","BOYCAN62","symbols/BOYCAN62.svg","Q22a_Spherical_buoy.svg","SEMANTIC_TOKEN","semantic token match for BOYCAN"
"POINT","BOYCAN63","symbols/BOYCAN63.svg","Q22a_Spherical_buoy.svg","SEMANTIC_TOKEN","semantic token match for BOYCAN"
"POINT","RESTRN51","symbols/RESTRN51.svg","","UNRESOLVED","no exact/direct/semantic ESRI match; generic category fallback disabled"
"POINT","ACHPNT02","symbols/ACHPNT02.svg","","UNRESOLVED","no exact/direct/semantic ESRI match; generic category fallback disabled"
"POINT","DANGER51","symbols/DANGER51.svg","","UNRESOLVED","no exact/direct/semantic ESRI match; generic category fallback disabled"
"POINT","DANGER52","symbols/DANGER52.svg","","UNRESOLVED","no exact/direct/semantic ESRI match; generic category fallback disabled"
"POINT","QUAPOS02","symbols/QUAPOS02.svg","","UNRESOLVED","no exact/direct/semantic ESRI match; generic category fallback disabled"
"POINT","QUAPOS03","symbols/QUAPOS03.svg","","UNRESOLVED","no exact/direct/semantic ESRI match; generic category fallback disabled"
"POINT","ISODGR51","symbols/ISODGR51.svg","","UNRESOLVED","no exact/direct/semantic ESRI match; generic category fallback disabled"
"POINT","BOYSPR04","symbols/BOYSPR04.svg","Q22a_Spherical_buoy.svg","SEMANTIC_TOKEN","semantic token match for BOYSPR"
"POINT","BOYSPR05","symbols/BOYSPR05.svg","Q22a_Spherical_buoy.svg","SEMANTIC_TOKEN","semantic token match for BOYSPR"
"POINT","SOUNDG00","symbols/SOUNDG00.svg","","UNRESOLVED","no exact/direct/semantic ESRI match; generic category fallback disabled"
"POINT","SOUNDG01","symbols/SOUNDG01.svg","","UNRESOLVED","no exact/direct/semantic ESRI match; generic category fallback disabled"
"POINT","SOUNDG02","symbols/SOUNDG02.svg","","UNRESOLVED","no exact/direct/semantic ESRI match; generic category fallback disabled"
"POINT","SOUNDG03","symbols/SOUNDG03.svg","","UNRESOLVED","no exact/direct/semantic ESRI match; generic category fallback disabled"
"POINT","SOUNDG04","symbols/SOUNDG04.svg","","UNRESOLVED","no exact/direct/semantic ESRI match; generic category fallback disabled"
"POINT","SOUNDG05","symbols/SOUNDG05.svg","","UNRESOLVED","no exact/direct/semantic ESRI match; generic category fallback disabled"
"POINT","SOUNDG06","symbols/SOUNDG06.svg","","UNRESOLVED","no exact/direct/semantic ESRI match; generic category fallback disabled"
"POINT","SOUNDG07","symbols/SOUNDG07.svg","","UNRESOLVED","no exact/direct/semantic ESRI match; generic category fallback disabled"
"POINT","SOUNDG08","symbols/SOUNDG08.svg","","UNRESOLVED","no exact/direct/semantic ESRI match; generic category fallback disabled"
"POINT","SOUNDG09","symbols/SOUNDG09.svg","","UNRESOLVED","no exact/direct/semantic ESRI match; generic category fallback disabled"
"POINT","SOUNDG10","symbols/SOUNDG10.svg","","UNRESOLVED","no exact/direct/semantic ESRI match; generic category fallback disabled"
"POINT","SOUNDG11","symbols/SOUNDG11.svg","","UNRESOLVED","no exact/direct/semantic ESRI match; generic category fallback disabled"
"POINT","SOUNDG12","symbols/SOUNDG12.svg","","UNRESOLVED","no exact/direct/semantic ESRI match; generic category fallback disabled"
"POINT","SOUNDG13","symbols/SOUNDG13.svg","","UNRESOLVED","no exact/direct/semantic ESRI match; generic category fallback disabled"
"POINT","SOUNDG14","symbols/SOUNDG14.svg","","UNRESOLVED","no exact/direct/semantic ESRI match; generic category fallback disabled"
"POINT","SOUNDG15","symbols/SOUNDG15.svg","","UNRESOLVED","no exact/direct/semantic ESRI match; generic category fallback disabled"
"POINT","SOUNDG16","symbols/SOUNDG16.svg","","UNRESOLVED","no exact/direct/semantic ESRI match; generic category fallback disabled"
"POINT","SOUNDG17","symbols/SOUNDG17.svg","","UNRESOLVED","no exact/direct/semantic ESRI match; generic category fallback disabled"
"POINT","SOUNDG18","symbols/SOUNDG18.svg","","UNRESOLVED","no exact/direct/semantic ESRI match; generic category fallback disabled"
"POINT","SOUNDG19","symbols/SOUNDG19.svg","","UNRESOLVED","no exact/direct/semantic ESRI match; generic category fallback disabled"
"POINT","SOUNDG20","symbols/SOUNDG20.svg","","UNRESOLVED","no exact/direct/semantic ESRI match; generic category fallback disabled"
"POINT","SOUNDG21","symbols/SOUNDG21.svg","","UNRESOLVED","no exact/direct/semantic ESRI match; generic category fallback disabled"
"POINT","SOUNDG22","symbols/SOUNDG22.svg","","UNRESOLVED","no exact/direct/semantic ESRI match; generic category fallback disabled"
"POINT","SOUNDG23","symbols/SOUNDG23.svg","","UNRESOLVED","no exact/direct/semantic ESRI match; generic category fallback disabled"
"POINT","SOUNDG24","symbols/SOUNDG24.svg","","UNRESOLVED","no exact/direct/semantic ESRI match; generic category fallback disabled"
"POINT","SOUNDG25","symbols/SOUNDG25.svg","","UNRESOLVED","no exact/direct/semantic ESRI match; generic category fallback disabled"
"POINT","SOUNDG26","symbols/SOUNDG26.svg","","UNRESOLVED","no exact/direct/semantic ESRI match; generic category fallback disabled"
"POINT","SOUNDG27","symbols/SOUNDG27.svg","","UNRESOLVED","no exact/direct/semantic ESRI match; generic category fallback disabled"
"POINT","SOUNDG28","symbols/SOUNDG28.svg","","UNRESOLVED","no exact/direct/semantic ESRI match; generic category fallback disabled"
"POINT","SOUNDG29","symbols/SOUNDG29.svg","","UNRESOLVED","no exact/direct/semantic ESRI match; generic category fallback disabled"
"POINT","SOUNDG30","symbols/SOUNDG30.svg","","UNRESOLVED","no exact/direct/semantic ESRI match; generic category fallback disabled"
"POINT","SOUNDG31","symbols/SOUNDG31.svg","","UNRESOLVED","no exact/direct/semantic ESRI match; generic category fallback disabled"
"POINT","SOUNDG32","symbols/SOUNDG32.svg","","UNRESOLVED","no exact/direct/semantic ESRI match; generic category fallback disabled"
"POINT","SOUNDG33","symbols/SOUNDG33.svg","","UNRESOLVED","no exact/direct/semantic ESRI match; generic category fallback disabled"
"POINT","SOUNDG34","symbols/SOUNDG34.svg","","UNRESOLVED","no exact/direct/semantic ESRI match; generic category fallback disabled"
"POINT","SOUNDG35","symbols/SOUNDG35.svg","","UNRESOLVED","no exact/direct/semantic ESRI match; generic category fallback disabled"
"POINT","SOUNDG36","symbols/SOUNDG36.svg","","UNRESOLVED","no exact/direct/semantic ESRI match; generic category fallback disabled"
"POINT","SOUNDG37","symbols/SOUNDG37.svg","","UNRESOLVED","no exact/direct/semantic ESRI match; generic category fallback disabled"
"POINT","SOUNDG38","symbols/SOUNDG38.svg","","UNRESOLVED","no exact/direct/semantic ESRI match; generic category fallback disabled"
"POINT","SOUNDG39","symbols/SOUNDG39.svg","","UNRESOLVED","no exact/direct/semantic ESRI match; generic category fallback disabled"
"POINT","SOUNDG40","symbols/SOUNDG40.svg","","UNRESOLVED","no exact/direct/semantic ESRI match; generic category fallback disabled"
"POINT","SOUNDG41","symbols/SOUNDG41.svg","","UNRESOLVED","no exact/direct/semantic ESRI match; generic category fallback disabled"
"POINT","SOUNDG42","symbols/SOUNDG42.svg","","UNRESOLVED","no exact/direct/semantic ESRI match; generic category fallback disabled"
"POINT","SOUNDG43","symbols/SOUNDG43.svg","","UNRESOLVED","no exact/direct/semantic ESRI match; generic category fallback disabled"
"POINT","SOUNDG44","symbols/SOUNDG44.svg","","UNRESOLVED","no exact/direct/semantic ESRI match; generic category fallback disabled"
"POINT","SOUNDG45","symbols/SOUNDG45.svg","","UNRESOLVED","no exact/direct/semantic ESRI match; generic category fallback disabled"
"POINT","SOUNDG46","symbols/SOUNDG46.svg","","UNRESOLVED","no exact/direct/semantic ESRI match; generic category fallback disabled"
"POINT","SOUNDG47","symbols/SOUNDG47.svg","","UNRESOLVED","no exact/direct/semantic ESRI match; generic category fallback disabled"
"POINT","SOUNDG48","symbols/SOUNDG48.svg","","UNRESOLVED","no exact/direct/semantic ESRI match; generic category fallback disabled"
"POINT","SOUNDG49","symbols/SOUNDG49.svg","","UNRESOLVED","no exact/direct/semantic ESRI match; generic category fallback disabled"
"POINT","SOUNDG50","symbols/SOUNDG50.svg","","UNRESOLVED","no exact/direct/semantic ESRI match; generic category fallback disabled"
"POINT","SOUNDG51","symbols/SOUNDG51.svg","","UNRESOLVED","no exact/direct/semantic ESRI match; generic category fallback disabled"
"POINT","SOUNDG52","symbols/SOUNDG52.svg","","UNRESOLVED","no exact/direct/semantic ESRI match; generic category fallback disabled"
"POINT","SOUNDG53","symbols/SOUNDG53.svg","","UNRESOLVED","no exact/direct/semantic ESRI match; generic category fallback disabled"
"POINT","SOUNDG54","symbols/SOUNDG54.svg","","UNRESOLVED","no exact/direct/semantic ESRI match; generic category fallback disabled"
"POINT","SOUNDG55","symbols/SOUNDG55.svg","","UNRESOLVED","no exact/direct/semantic ESRI match; generic category fallback disabled"
"POINT","SOUNDG56","symbols/SOUNDG56.svg","","UNRESOLVED","no exact/direct/semantic ESRI match; generic category fallback disabled"
"POINT","SOUNDG57","symbols/SOUNDG57.svg","","UNRESOLVED","no exact/direct/semantic ESRI match; generic category fallback disabled"
"POINT","SOUNDG58","symbols/SOUNDG58.svg","","UNRESOLVED","no exact/direct/semantic ESRI match; generic category fallback disabled"
"POINT","SOUNDG59","symbols/SOUNDG59.svg","","UNRESOLVED","no exact/direct/semantic ESRI match; generic category fallback disabled"
"POINT","SOUNDGA1","symbols/SOUNDGA1.svg","","UNRESOLVED","no exact/direct/semantic ESRI match; generic category fallback disabled"
"POINT","STARPT01","symbols/STARPT01.svg","","UNRESOLVED","no exact/direct/semantic ESRI match; generic category fallback disabled"
"POINT","SOUNDS00","symbols/SOUNDS00.svg","","UNRESOLVED","no exact/direct/semantic ESRI match; generic category fallback disabled"
"POINT","SOUNDS01","symbols/SOUNDS01.svg","","UNRESOLVED","no exact/direct/semantic ESRI match; generic category fallback disabled"
"POINT","SOUNDS02","symbols/SOUNDS02.svg","","UNRESOLVED","no exact/direct/semantic ESRI match; generic category fallback disabled"
"POINT","SOUNDS03","symbols/SOUNDS03.svg","","UNRESOLVED","no exact/direct/semantic ESRI match; generic category fallback disabled"
"POINT","SOUNDS04","symbols/SOUNDS04.svg","","UNRESOLVED","no exact/direct/semantic ESRI match; generic category fallback disabled"
"POINT","SOUNDS05","symbols/SOUNDS05.svg","","UNRESOLVED","no exact/direct/semantic ESRI match; generic category fallback disabled"
"POINT","SOUNDS06","symbols/SOUNDS06.svg","","UNRESOLVED","no exact/direct/semantic ESRI match; generic category fallback disabled"
"POINT","SOUNDS07","symbols/SOUNDS07.svg","","UNRESOLVED","no exact/direct/semantic ESRI match; generic category fallback disabled"
"POINT","SOUNDS08","symbols/SOUNDS08.svg","","UNRESOLVED","no exact/direct/semantic ESRI match; generic category fallback disabled"
"POINT","SOUNDS09","symbols/SOUNDS09.svg","","UNRESOLVED","no exact/direct/semantic ESRI match; generic category fallback disabled"
"POINT","SOUNDS10","symbols/SOUNDS10.svg","","UNRESOLVED","no exact/direct/semantic ESRI match; generic category fallback disabled"
"POINT","SOUNDS11","symbols/SOUNDS11.svg","","UNRESOLVED","no exact/direct/semantic ESRI match; generic category fallback disabled"
"POINT","SOUNDS12","symbols/SOUNDS12.svg","","UNRESOLVED","no exact/direct/semantic ESRI match; generic category fallback disabled"
"POINT","SOUNDS13","symbols/SOUNDS13.svg","","UNRESOLVED","no exact/direct/semantic ESRI match; generic category fallback disabled"
"POINT","SOUNDS14","symbols/SOUNDS14.svg","","UNRESOLVED","no exact/direct/semantic ESRI match; generic category fallback disabled"
"POINT","SOUNDS15","symbols/SOUNDS15.svg","","UNRESOLVED","no exact/direct/semantic ESRI match; generic category fallback disabled"
"POINT","SOUNDS16","symbols/SOUNDS16.svg","","UNRESOLVED","no exact/direct/semantic ESRI match; generic category fallback disabled"
"POINT","SOUNDS17","symbols/SOUNDS17.svg","","UNRESOLVED","no exact/direct/semantic ESRI match; generic category fallback disabled"
"POINT","SOUNDS18","symbols/SOUNDS18.svg","","UNRESOLVED","no exact/direct/semantic ESRI match; generic category fallback disabled"
"POINT","SOUNDS19","symbols/SOUNDS19.svg","","UNRESOLVED","no exact/direct/semantic ESRI match; generic category fallback disabled"
"POINT","SOUNDS20","symbols/SOUNDS20.svg","","UNRESOLVED","no exact/direct/semantic ESRI match; generic category fallback disabled"
"POINT","SOUNDS21","symbols/SOUNDS21.svg","","UNRESOLVED","no exact/direct/semantic ESRI match; generic category fallback disabled"
"POINT","SOUNDS22","symbols/SOUNDS22.svg","","UNRESOLVED","no exact/direct/semantic ESRI match; generic category fallback disabled"
"POINT","SOUNDS23","symbols/SOUNDS23.svg","","UNRESOLVED","no exact/direct/semantic ESRI match; generic category fallback disabled"
"POINT","SOUNDS24","symbols/SOUNDS24.svg","","UNRESOLVED","no exact/direct/semantic ESRI match; generic category fallback disabled"
"POINT","SOUNDS25","symbols/SOUNDS25.svg","","UNRESOLVED","no exact/direct/semantic ESRI match; generic category fallback disabled"
"POINT","SOUNDS26","symbols/SOUNDS26.svg","","UNRESOLVED","no exact/direct/semantic ESRI match; generic category fallback disabled"
"POINT","SOUNDS27","symbols/SOUNDS27.svg","","UNRESOLVED","no exact/direct/semantic ESRI match; generic category fallback disabled"
"POINT","SOUNDS28","symbols/SOUNDS28.svg","","UNRESOLVED","no exact/direct/semantic ESRI match; generic category fallback disabled"
"POINT","SOUNDS29","symbols/SOUNDS29.svg","","UNRESOLVED","no exact/direct/semantic ESRI match; generic category fallback disabled"
"POINT","SOUNDS30","symbols/SOUNDS30.svg","","UNRESOLVED","no exact/direct/semantic ESRI match; generic category fallback disabled"
"POINT","SOUNDS31","symbols/SOUNDS31.svg","","UNRESOLVED","no exact/direct/semantic ESRI match; generic category fallback disabled"
"POINT","SOUNDS32","symbols/SOUNDS32.svg","","UNRESOLVED","no exact/direct/semantic ESRI match; generic category fallback disabled"
"POINT","SOUNDS33","symbols/SOUNDS33.svg","","UNRESOLVED","no exact/direct/semantic ESRI match; generic category fallback disabled"
"POINT","SOUNDS34","symbols/SOUNDS34.svg","","UNRESOLVED","no exact/direct/semantic ESRI match; generic category fallback disabled"
"POINT","SOUNDS35","symbols/SOUNDS35.svg","","UNRESOLVED","no exact/direct/semantic ESRI match; generic category fallback disabled"
"POINT","SOUNDS36","symbols/SOUNDS36.svg","","UNRESOLVED","no exact/direct/semantic ESRI match; generic category fallback disabled"
"POINT","SOUNDS37","symbols/SOUNDS37.svg","","UNRESOLVED","no exact/direct/semantic ESRI match; generic category fallback disabled"
"POINT","SOUNDS38","symbols/SOUNDS38.svg","","UNRESOLVED","no exact/direct/semantic ESRI match; generic category fallback disabled"
"POINT","SOUNDS39","symbols/SOUNDS39.svg","","UNRESOLVED","no exact/direct/semantic ESRI match; generic category fallback disabled"
"POINT","SOUNDS40","symbols/SOUNDS40.svg","","UNRESOLVED","no exact/direct/semantic ESRI match; generic category fallback disabled"
"POINT","SOUNDS41","symbols/SOUNDS41.svg","","UNRESOLVED","no exact/direct/semantic ESRI match; generic category fallback disabled"
"POINT","SOUNDS42","symbols/SOUNDS42.svg","","UNRESOLVED","no exact/direct/semantic ESRI match; generic category fallback disabled"
"POINT","SOUNDS43","symbols/SOUNDS43.svg","","UNRESOLVED","no exact/direct/semantic ESRI match; generic category fallback disabled"
"POINT","SOUNDS44","symbols/SOUNDS44.svg","","UNRESOLVED","no exact/direct/semantic ESRI match; generic category fallback disabled"
"POINT","SOUNDS45","symbols/SOUNDS45.svg","","UNRESOLVED","no exact/direct/semantic ESRI match; generic category fallback disabled"
"POINT","SOUNDS46","symbols/SOUNDS46.svg","","UNRESOLVED","no exact/direct/semantic ESRI match; generic category fallback disabled"
"POINT","SOUNDS47","symbols/SOUNDS47.svg","","UNRESOLVED","no exact/direct/semantic ESRI match; generic category fallback disabled"
"POINT","SOUNDS48","symbols/SOUNDS48.svg","","UNRESOLVED","no exact/direct/semantic ESRI match; generic category fallback disabled"
"POINT","SOUNDS49","symbols/SOUNDS49.svg","","UNRESOLVED","no exact/direct/semantic ESRI match; generic category fallback disabled"
"POINT","SOUNDS50","symbols/SOUNDS50.svg","","UNRESOLVED","no exact/direct/semantic ESRI match; generic category fallback disabled"
"POINT","SOUNDS51","symbols/SOUNDS51.svg","","UNRESOLVED","no exact/direct/semantic ESRI match; generic category fallback disabled"
"POINT","SOUNDS52","symbols/SOUNDS52.svg","","UNRESOLVED","no exact/direct/semantic ESRI match; generic category fallback disabled"
"POINT","SOUNDS53","symbols/SOUNDS53.svg","","UNRESOLVED","no exact/direct/semantic ESRI match; generic category fallback disabled"
"POINT","SOUNDS54","symbols/SOUNDS54.svg","","UNRESOLVED","no exact/direct/semantic ESRI match; generic category fallback disabled"
"POINT","SOUNDS55","symbols/SOUNDS55.svg","","UNRESOLVED","no exact/direct/semantic ESRI match; generic category fallback disabled"
"POINT","SOUNDS56","symbols/SOUNDS56.svg","","UNRESOLVED","no exact/direct/semantic ESRI match; generic category fallback disabled"
"POINT","SOUNDS57","symbols/SOUNDS57.svg","","UNRESOLVED","no exact/direct/semantic ESRI match; generic category fallback disabled"
"POINT","SOUNDS58","symbols/SOUNDS58.svg","","UNRESOLVED","no exact/direct/semantic ESRI match; generic category fallback disabled"
"POINT","SOUNDS59","symbols/SOUNDS59.svg","","UNRESOLVED","no exact/direct/semantic ESRI match; generic category fallback disabled"
"POINT","ADDMRK01","symbols/ADDMRK01.svg","","UNRESOLVED","no exact/direct/semantic ESRI match; generic category fallback disabled"
"POINT","ADDMRK02","symbols/ADDMRK02.svg","","UNRESOLVED","no exact/direct/semantic ESRI match; generic category fallback disabled"
"POINT","ADDMRK03","symbols/ADDMRK03.svg","","UNRESOLVED","no exact/direct/semantic ESRI match; generic category fallback disabled"
"POINT","ADDMRK04","symbols/ADDMRK04.svg","","UNRESOLVED","no exact/direct/semantic ESRI match; generic category fallback disabled"
"POINT","ADDMRK05","symbols/ADDMRK05.svg","","UNRESOLVED","no exact/direct/semantic ESRI match; generic category fallback disabled"
"POINT","ADDMRK06","symbols/ADDMRK06.svg","","UNRESOLVED","no exact/direct/semantic ESRI match; generic category fallback disabled"
"POINT","ADDMRK07","symbols/ADDMRK07.svg","","UNRESOLVED","no exact/direct/semantic ESRI match; generic category fallback disabled"
"POINT","ADDMRK08","symbols/ADDMRK08.svg","","UNRESOLVED","no exact/direct/semantic ESRI match; generic category fallback disabled"
"POINT","ADDMRK09","symbols/ADDMRK09.svg","","UNRESOLVED","no exact/direct/semantic ESRI match; generic category fallback disabled"
"POINT","ADDMRK10","symbols/ADDMRK10.svg","","UNRESOLVED","no exact/direct/semantic ESRI match; generic category fallback disabled"
"POINT","BCNLAT23","symbols/BCNLAT23.svg","Q90_Stake_pole.svg","CUSTOM_SYMBOL_MAP","CustomSymbolMap object rule for BCNLAT"
"POINT","BCNSTK03","symbols/BCNSTK03.svg","Q83_Beacon_submerged_rock.svg","SEMANTIC_TOKEN","semantic token match for BCNSTK"
"POINT","BORDER01","symbols/BORDER01.svg","","UNRESOLVED","no exact/direct/semantic ESRI match; generic category fallback disabled"
"POINT","BOYLAT25","symbols/BOYLAT25.svg","Q23a_Pillar_buoy.svg","CUSTOM_SYMBOL_MAP","CustomSymbolMap object rule for BOYLAT"
"POINT","BOYLAT26","symbols/BOYLAT26.svg","Q23a_Pillar_buoy.svg","CUSTOM_SYMBOL_MAP","CustomSymbolMap object rule for BOYLAT"
"POINT","BOYLAT27","symbols/BOYLAT27.svg","Q23a_Pillar_buoy.svg","CUSTOM_SYMBOL_MAP","CustomSymbolMap object rule for BOYLAT"
"POINT","BUNSTA01","symbols/BUNSTA01.svg","","UNRESOLVED","no exact/direct/semantic ESRI match; generic category fallback disabled"
"POINT","BUNSTA02","symbols/BUNSTA02.svg","","UNRESOLVED","no exact/direct/semantic ESRI match; generic category fallback disabled"
"POINT","BUNSTA03","symbols/BUNSTA03.svg","","UNRESOLVED","no exact/direct/semantic ESRI match; generic category fallback disabled"
"POINT","CATHAF01","symbols/CATHAF01.svg","","UNRESOLVED","no exact/direct/semantic ESRI match; generic category fallback disabled"
"POINT","CATHAF02","symbols/CATHAF02.svg","","UNRESOLVED","no exact/direct/semantic ESRI match; generic category fallback disabled"
"POINT","CATHAF04","symbols/CATHAF04.svg","","UNRESOLVED","no exact/direct/semantic ESRI match; generic category fallback disabled"
"POINT","CUSTOM01","symbols/CUSTOM01.svg","","UNRESOLVED","no exact/direct/semantic ESRI match; generic category fallback disabled"
"POINT","DISMAR05","symbols/DISMAR05.svg","","UNRESOLVED","no exact/direct/semantic ESRI match; generic category fallback disabled"
"POINT","DISMAR06","symbols/DISMAR06.svg","","UNRESOLVED","no exact/direct/semantic ESRI match; generic category fallback disabled"
"POINT","HECMTR01","symbols/HECMTR01.svg","","UNRESOLVED","no exact/direct/semantic ESRI match; generic category fallback disabled"
"POINT","HECMTR02","symbols/HECMTR02.svg","","UNRESOLVED","no exact/direct/semantic ESRI match; generic category fallback disabled"
"POINT","HGWTMK01","symbols/HGWTMK01.svg","","UNRESOLVED","no exact/direct/semantic ESRI match; generic category fallback disabled"
"POINT","HRBFAC10","symbols/HRBFAC10.svg","F10_Fishing_harbor.svg","CUSTOM_SYMBOL_MAP","CustomSymbolMap object rule for HRBFAC"
"POINT","HRBFAC11","symbols/HRBFAC11.svg","F10_Fishing_harbor.svg","CUSTOM_SYMBOL_MAP","CustomSymbolMap object rule for HRBFAC"
"POINT","HRBFAC12","symbols/HRBFAC12.svg","F10_Fishing_harbor.svg","CUSTOM_SYMBOL_MAP","CustomSymbolMap object rule for HRBFAC"
"POINT","HRBFAC13","symbols/HRBFAC13.svg","F10_Fishing_harbor.svg","CUSTOM_SYMBOL_MAP","CustomSymbolMap object rule for HRBFAC"
"POINT","HRBFAC14","symbols/HRBFAC14.svg","F10_Fishing_harbor.svg","CUSTOM_SYMBOL_MAP","CustomSymbolMap object rule for HRBFAC"
"POINT","HRBFAC15","symbols/HRBFAC15.svg","F10_Fishing_harbor.svg","CUSTOM_SYMBOL_MAP","CustomSymbolMap object rule for HRBFAC"
"POINT","HRBFAC16","symbols/HRBFAC16.svg","F10_Fishing_harbor.svg","CUSTOM_SYMBOL_MAP","CustomSymbolMap object rule for HRBFAC"
"POINT","HRBFAC17","symbols/HRBFAC17.svg","F10_Fishing_harbor.svg","CUSTOM_SYMBOL_MAP","CustomSymbolMap object rule for HRBFAC"
"POINT","HRBFAC18","symbols/HRBFAC18.svg","F10_Fishing_harbor.svg","CUSTOM_SYMBOL_MAP","CustomSymbolMap object rule for HRBFAC"
"POINT","NMKINF02","symbols/NMKINF02.svg","","UNRESOLVED","no exact/direct/semantic ESRI match; generic category fallback disabled"
"POINT","NMKINF03","symbols/NMKINF03.svg","","UNRESOLVED","no exact/direct/semantic ESRI match; generic category fallback disabled"
"POINT","NMKINF04","symbols/NMKINF04.svg","","UNRESOLVED","no exact/direct/semantic ESRI match; generic category fallback disabled"
"POINT","NMKINF05","symbols/NMKINF05.svg","","UNRESOLVED","no exact/direct/semantic ESRI match; generic category fallback disabled"
"POINT","NMKINF19","symbols/NMKINF19.svg","","UNRESOLVED","no exact/direct/semantic ESRI match; generic category fallback disabled"
"POINT","NMKINF22","symbols/NMKINF22.svg","","UNRESOLVED","no exact/direct/semantic ESRI match; generic category fallback disabled"
"POINT","NMKINF23","symbols/NMKINF23.svg","","UNRESOLVED","no exact/direct/semantic ESRI match; generic category fallback disabled"
"POINT","NMKINF24","symbols/NMKINF24.svg","","UNRESOLVED","no exact/direct/semantic ESRI match; generic category fallback disabled"
"POINT","NMKINF25","symbols/NMKINF25.svg","","UNRESOLVED","no exact/direct/semantic ESRI match; generic category fallback disabled"
"POINT","NMKINF28","symbols/NMKINF28.svg","","UNRESOLVED","no exact/direct/semantic ESRI match; generic category fallback disabled"
"POINT","NMKINF29","symbols/NMKINF29.svg","","UNRESOLVED","no exact/direct/semantic ESRI match; generic category fallback disabled"
"POINT","NMKINF30","symbols/NMKINF30.svg","","UNRESOLVED","no exact/direct/semantic ESRI match; generic category fallback disabled"
"POINT","NMKINF31","symbols/NMKINF31.svg","","UNRESOLVED","no exact/direct/semantic ESRI match; generic category fallback disabled"
"POINT","NMKINF32","symbols/NMKINF32.svg","","UNRESOLVED","no exact/direct/semantic ESRI match; generic category fallback disabled"
"POINT","NMKINF33","symbols/NMKINF33.svg","","UNRESOLVED","no exact/direct/semantic ESRI match; generic category fallback disabled"
"POINT","NMKINF34","symbols/NMKINF34.svg","","UNRESOLVED","no exact/direct/semantic ESRI match; generic category fallback disabled"
"POINT","NMKINF35","symbols/NMKINF35.svg","","UNRESOLVED","no exact/direct/semantic ESRI match; generic category fallback disabled"
"POINT","NMKINF36","symbols/NMKINF36.svg","","UNRESOLVED","no exact/direct/semantic ESRI match; generic category fallback disabled"
"POINT","NMKINF37","symbols/NMKINF37.svg","","UNRESOLVED","no exact/direct/semantic ESRI match; generic category fallback disabled"
"POINT","NMKINF38","symbols/NMKINF38.svg","","UNRESOLVED","no exact/direct/semantic ESRI match; generic category fallback disabled"
"POINT","NMKINF39","symbols/NMKINF39.svg","","UNRESOLVED","no exact/direct/semantic ESRI match; generic category fallback disabled"
"POINT","NMKINF40","symbols/NMKINF40.svg","","UNRESOLVED","no exact/direct/semantic ESRI match; generic category fallback disabled"
"POINT","NMKINF41","symbols/NMKINF41.svg","","UNRESOLVED","no exact/direct/semantic ESRI match; generic category fallback disabled"
"POINT","NMKINF42","symbols/NMKINF42.svg","","UNRESOLVED","no exact/direct/semantic ESRI match; generic category fallback disabled"
"POINT","NMKINF43","symbols/NMKINF43.svg","","UNRESOLVED","no exact/direct/semantic ESRI match; generic category fallback disabled"
"POINT","NMKINF44","symbols/NMKINF44.svg","","UNRESOLVED","no exact/direct/semantic ESRI match; generic category fallback disabled"
"POINT","NMKINF45","symbols/NMKINF45.svg","","UNRESOLVED","no exact/direct/semantic ESRI match; generic category fallback disabled"
"POINT","NMKINF46","symbols/NMKINF46.svg","","UNRESOLVED","no exact/direct/semantic ESRI match; generic category fallback disabled"
"POINT","NMKINF47","symbols/NMKINF47.svg","","UNRESOLVED","no exact/direct/semantic ESRI match; generic category fallback disabled"
"POINT","NMKINF48","symbols/NMKINF48.svg","","UNRESOLVED","no exact/direct/semantic ESRI match; generic category fallback disabled"
"POINT","NMKINF49","symbols/NMKINF49.svg","","UNRESOLVED","no exact/direct/semantic ESRI match; generic category fallback disabled"
"POINT","NMKINF50","symbols/NMKINF50.svg","","UNRESOLVED","no exact/direct/semantic ESRI match; generic category fallback disabled"
"POINT","NMKINF51","symbols/NMKINF51.svg","","UNRESOLVED","no exact/direct/semantic ESRI match; generic category fallback disabled"
"POINT","NMKINF52","symbols/NMKINF52.svg","","UNRESOLVED","no exact/direct/semantic ESRI match; generic category fallback disabled"
"POINT","NMKINF53","symbols/NMKINF53.svg","","UNRESOLVED","no exact/direct/semantic ESRI match; generic category fallback disabled"
"POINT","NMKINF54","symbols/NMKINF54.svg","","UNRESOLVED","no exact/direct/semantic ESRI match; generic category fallback disabled"
"POINT","NMKINF55","symbols/NMKINF55.svg","","UNRESOLVED","no exact/direct/semantic ESRI match; generic category fallback disabled"
"POINT","NMKPRH01","symbols/NMKPRH01.svg","","UNRESOLVED","no exact/direct/semantic ESRI match; generic category fallback disabled"
"POINT","NMKPRH04","symbols/NMKPRH04.svg","","UNRESOLVED","no exact/direct/semantic ESRI match; generic category fallback disabled"
"POINT","NMKPRH05","symbols/NMKPRH05.svg","","UNRESOLVED","no exact/direct/semantic ESRI match; generic category fallback disabled"
"POINT","NMKPRH06","symbols/NMKPRH06.svg","","UNRESOLVED","no exact/direct/semantic ESRI match; generic category fallback disabled"
"POINT","NMKPRH08","symbols/NMKPRH08.svg","","UNRESOLVED","no exact/direct/semantic ESRI match; generic category fallback disabled"
"POINT","NMKPRH10","symbols/NMKPRH10.svg","","UNRESOLVED","no exact/direct/semantic ESRI match; generic category fallback disabled"
"POINT","NMKPRH11","symbols/NMKPRH11.svg","","UNRESOLVED","no exact/direct/semantic ESRI match; generic category fallback disabled"
"POINT","NMKPRH14","symbols/NMKPRH14.svg","","UNRESOLVED","no exact/direct/semantic ESRI match; generic category fallback disabled"
"POINT","NMKPRH15","symbols/NMKPRH15.svg","","UNRESOLVED","no exact/direct/semantic ESRI match; generic category fallback disabled"
"POINT","NMKPRH16","symbols/NMKPRH16.svg","","UNRESOLVED","no exact/direct/semantic ESRI match; generic category fallback disabled"
"POINT","NMKPRH17","symbols/NMKPRH17.svg","","UNRESOLVED","no exact/direct/semantic ESRI match; generic category fallback disabled"
"POINT","NMKPRH18","symbols/NMKPRH18.svg","","UNRESOLVED","no exact/direct/semantic ESRI match; generic category fallback disabled"
"POINT","NMKPRH19","symbols/NMKPRH19.svg","","UNRESOLVED","no exact/direct/semantic ESRI match; generic category fallback disabled"
"POINT","NMKPRH20","symbols/NMKPRH20.svg","","UNRESOLVED","no exact/direct/semantic ESRI match; generic category fallback disabled"
"POINT","NMKPRH21","symbols/NMKPRH21.svg","","UNRESOLVED","no exact/direct/semantic ESRI match; generic category fallback disabled"
"POINT","NMKPRH22","symbols/NMKPRH22.svg","","UNRESOLVED","no exact/direct/semantic ESRI match; generic category fallback disabled"
"POINT","NMKRCD05","symbols/NMKRCD05.svg","","UNRESOLVED","no exact/direct/semantic ESRI match; generic category fallback disabled"
"POINT","NMKRCD06","symbols/NMKRCD06.svg","","UNRESOLVED","no exact/direct/semantic ESRI match; generic category fallback disabled"
"POINT","NMKREG01","symbols/NMKREG01.svg","","UNRESOLVED","no exact/direct/semantic ESRI match; generic category fallback disabled"
"POINT","NMKREG02","symbols/NMKREG02.svg","","UNRESOLVED","no exact/direct/semantic ESRI match; generic category fallback disabled"
"POINT","NMKREG03","symbols/NMKREG03.svg","","UNRESOLVED","no exact/direct/semantic ESRI match; generic category fallback disabled"
"POINT","NMKREG04","symbols/NMKREG04.svg","","UNRESOLVED","no exact/direct/semantic ESRI match; generic category fallback disabled"
"POINT","NMKREG05","symbols/NMKREG05.svg","","UNRESOLVED","no exact/direct/semantic ESRI match; generic category fallback disabled"
"POINT","NMKREG06","symbols/NMKREG06.svg","","UNRESOLVED","no exact/direct/semantic ESRI match; generic category fallback disabled"
"POINT","NMKREG07","symbols/NMKREG07.svg","","UNRESOLVED","no exact/direct/semantic ESRI match; generic category fallback disabled"
"POINT","NMKREG08","symbols/NMKREG08.svg","","UNRESOLVED","no exact/direct/semantic ESRI match; generic category fallback disabled"
"POINT","NMKREG09","symbols/NMKREG09.svg","","UNRESOLVED","no exact/direct/semantic ESRI match; generic category fallback disabled"
"POINT","NMKREG10","symbols/NMKREG10.svg","","UNRESOLVED","no exact/direct/semantic ESRI match; generic category fallback disabled"
"POINT","NMKREG11","symbols/NMKREG11.svg","","UNRESOLVED","no exact/direct/semantic ESRI match; generic category fallback disabled"
"POINT","NMKREG12","symbols/NMKREG12.svg","","UNRESOLVED","no exact/direct/semantic ESRI match; generic category fallback disabled"
"POINT","NMKREG13","symbols/NMKREG13.svg","","UNRESOLVED","no exact/direct/semantic ESRI match; generic category fallback disabled"
"POINT","NMKREG14","symbols/NMKREG14.svg","","UNRESOLVED","no exact/direct/semantic ESRI match; generic category fallback disabled"
"POINT","NMKREG15","symbols/NMKREG15.svg","","UNRESOLVED","no exact/direct/semantic ESRI match; generic category fallback disabled"
"POINT","NMKREG16","symbols/NMKREG16.svg","","UNRESOLVED","no exact/direct/semantic ESRI match; generic category fallback disabled"
"POINT","NMKREG17","symbols/NMKREG17.svg","","UNRESOLVED","no exact/direct/semantic ESRI match; generic category fallback disabled"
"POINT","NMKREG18","symbols/NMKREG18.svg","","UNRESOLVED","no exact/direct/semantic ESRI match; generic category fallback disabled"
"POINT","NMKREG19","symbols/NMKREG19.svg","","UNRESOLVED","no exact/direct/semantic ESRI match; generic category fallback disabled"
"POINT","NMKREG20","symbols/NMKREG20.svg","","UNRESOLVED","no exact/direct/semantic ESRI match; generic category fallback disabled"
"POINT","NOTMRK01","symbols/NOTMRK01.svg","","UNRESOLVED","no exact/direct/semantic ESRI match; generic category fallback disabled"
"POINT","NOTMRK02","symbols/NOTMRK02.svg","","UNRESOLVED","no exact/direct/semantic ESRI match; generic category fallback disabled"
"POINT","NOTMRK03","symbols/NOTMRK03.svg","","UNRESOLVED","no exact/direct/semantic ESRI match; generic category fallback disabled"
"POINT","PIER0001","symbols/PIER0001.svg","","UNRESOLVED","no exact/direct/semantic ESRI match; generic category fallback disabled"
"POINT","RADHLT01","symbols/RADHLT01.svg","","UNRESOLVED","no exact/direct/semantic ESRI match; generic category fallback disabled"
"POINT","REFDMP01","symbols/REFDMP01.svg","","UNRESOLVED","no exact/direct/semantic ESRI match; generic category fallback disabled"
"POINT","SSENTR01","symbols/SSENTR01.svg","","UNRESOLVED","no exact/direct/semantic ESRI match; generic category fallback disabled"
"POINT","SSLOCK01","symbols/SSLOCK01.svg","","UNRESOLVED","no exact/direct/semantic ESRI match; generic category fallback disabled"
"POINT","SSWARS01","symbols/SSWARS01.svg","","UNRESOLVED","no exact/direct/semantic ESRI match; generic category fallback disabled"
"POINT","TERMNL01","symbols/TERMNL01.svg","","UNRESOLVED","no exact/direct/semantic ESRI match; generic category fallback disabled"
"POINT","TERMNL02","symbols/TERMNL02.svg","","UNRESOLVED","no exact/direct/semantic ESRI match; generic category fallback disabled"
"POINT","TERMNL03","symbols/TERMNL03.svg","","UNRESOLVED","no exact/direct/semantic ESRI match; generic category fallback disabled"
"POINT","TERMNL04","symbols/TERMNL04.svg","","UNRESOLVED","no exact/direct/semantic ESRI match; generic category fallback disabled"
"POINT","TERMNL05","symbols/TERMNL05.svg","","UNRESOLVED","no exact/direct/semantic ESRI match; generic category fallback disabled"
"POINT","TERMNL06","symbols/TERMNL06.svg","","UNRESOLVED","no exact/direct/semantic ESRI match; generic category fallback disabled"
"POINT","TERMNL07","symbols/TERMNL07.svg","","UNRESOLVED","no exact/direct/semantic ESRI match; generic category fallback disabled"
"POINT","TERMNL08","symbols/TERMNL08.svg","","UNRESOLVED","no exact/direct/semantic ESRI match; generic category fallback disabled"
"POINT","TERMNL09","symbols/TERMNL09.svg","","UNRESOLVED","no exact/direct/semantic ESRI match; generic category fallback disabled"
"POINT","TERMNL10","symbols/TERMNL10.svg","","UNRESOLVED","no exact/direct/semantic ESRI match; generic category fallback disabled"
"POINT","TERMNL11","symbols/TERMNL11.svg","","UNRESOLVED","no exact/direct/semantic ESRI match; generic category fallback disabled"
"POINT","TERMNL12","symbols/TERMNL12.svg","","UNRESOLVED","no exact/direct/semantic ESRI match; generic category fallback disabled"
"POINT","TERMNL13","symbols/TERMNL13.svg","","UNRESOLVED","no exact/direct/semantic ESRI match; generic category fallback disabled"
"POINT","TOPMA100","symbols/TOPMA100.svg","","UNRESOLVED","no exact/direct/semantic ESRI match; generic category fallback disabled"
"POINT","TOPMA101","symbols/TOPMA101.svg","","UNRESOLVED","no exact/direct/semantic ESRI match; generic category fallback disabled"
"POINT","TOPMA102","symbols/TOPMA102.svg","","UNRESOLVED","no exact/direct/semantic ESRI match; generic category fallback disabled"
"POINT","TOPMA103","symbols/TOPMA103.svg","","UNRESOLVED","no exact/direct/semantic ESRI match; generic category fallback disabled"
"POINT","TOPMA104","symbols/TOPMA104.svg","","UNRESOLVED","no exact/direct/semantic ESRI match; generic category fallback disabled"
"POINT","TOPMA105","symbols/TOPMA105.svg","","UNRESOLVED","no exact/direct/semantic ESRI match; generic category fallback disabled"
"POINT","TOPMA106","symbols/TOPMA106.svg","","UNRESOLVED","no exact/direct/semantic ESRI match; generic category fallback disabled"
"POINT","TOPMA107","symbols/TOPMA107.svg","","UNRESOLVED","no exact/direct/semantic ESRI match; generic category fallback disabled"
"POINT","TOPMA108","symbols/TOPMA108.svg","","UNRESOLVED","no exact/direct/semantic ESRI match; generic category fallback disabled"
"POINT","TOPMA109","symbols/TOPMA109.svg","","UNRESOLVED","no exact/direct/semantic ESRI match; generic category fallback disabled"
"POINT","TOPMA110","symbols/TOPMA110.svg","","UNRESOLVED","no exact/direct/semantic ESRI match; generic category fallback disabled"
"POINT","TOPMA111","symbols/TOPMA111.svg","","UNRESOLVED","no exact/direct/semantic ESRI match; generic category fallback disabled"
"POINT","TOPMA112","symbols/TOPMA112.svg","","UNRESOLVED","no exact/direct/semantic ESRI match; generic category fallback disabled"
"POINT","TOPMA113","symbols/TOPMA113.svg","","UNRESOLVED","no exact/direct/semantic ESRI match; generic category fallback disabled"
"POINT","TOPMA114","symbols/TOPMA114.svg","","UNRESOLVED","no exact/direct/semantic ESRI match; generic category fallback disabled"
"POINT","TOPMA115","symbols/TOPMA115.svg","","UNRESOLVED","no exact/direct/semantic ESRI match; generic category fallback disabled"
"POINT","TOPMA116","symbols/TOPMA116.svg","","UNRESOLVED","no exact/direct/semantic ESRI match; generic category fallback disabled"
"POINT","TOPMA117","symbols/TOPMA117.svg","","UNRESOLVED","no exact/direct/semantic ESRI match; generic category fallback disabled"
"POINT","TRNBSN01","symbols/TRNBSN01.svg","","UNRESOLVED","no exact/direct/semantic ESRI match; generic category fallback disabled"
"POINT","CARTRF01","symbols/CARTRF01.svg","","UNRESOLVED","no exact/direct/semantic ESRI match; generic category fallback disabled"
"POINT","VTCLMK01","symbols/VTCLMK01.svg","","UNRESOLVED","no exact/direct/semantic ESRI match; generic category fallback disabled"
"POINT","WTLVGG01","symbols/WTLVGG01.svg","","UNRESOLVED","no exact/direct/semantic ESRI match; generic category fallback disabled"
"POINT","WTLVGG02","symbols/WTLVGG02.svg","","UNRESOLVED","no exact/direct/semantic ESRI match; generic category fallback disabled"
"POINT","NMKINF06","symbols/NMKINF06.svg","","UNRESOLVED","no exact/direct/semantic ESRI match; generic category fallback disabled"
"POINT","NMKINF07","symbols/NMKINF07.svg","","UNRESOLVED","no exact/direct/semantic ESRI match; generic category fallback disabled"
"POINT","NMKINF08","symbols/NMKINF08.svg","","UNRESOLVED","no exact/direct/semantic ESRI match; generic category fallback disabled"
"POINT","NMKINF09","symbols/NMKINF09.svg","","UNRESOLVED","no exact/direct/semantic ESRI match; generic category fallback disabled"
"POINT","NMKINF10","symbols/NMKINF10.svg","","UNRESOLVED","no exact/direct/semantic ESRI match; generic category fallback disabled"
"POINT","NMKINF11","symbols/NMKINF11.svg","","UNRESOLVED","no exact/direct/semantic ESRI match; generic category fallback disabled"
"POINT","NMKINF12","symbols/NMKINF12.svg","","UNRESOLVED","no exact/direct/semantic ESRI match; generic category fallback disabled"
"POINT","NMKINF13","symbols/NMKINF13.svg","","UNRESOLVED","no exact/direct/semantic ESRI match; generic category fallback disabled"
"POINT","NMKINF14","symbols/NMKINF14.svg","","UNRESOLVED","no exact/direct/semantic ESRI match; generic category fallback disabled"
"POINT","NMKINF15","symbols/NMKINF15.svg","","UNRESOLVED","no exact/direct/semantic ESRI match; generic category fallback disabled"
"POINT","NMKINF16","symbols/NMKINF16.svg","","UNRESOLVED","no exact/direct/semantic ESRI match; generic category fallback disabled"
"POINT","NMKINF17","symbols/NMKINF17.svg","","UNRESOLVED","no exact/direct/semantic ESRI match; generic category fallback disabled"
"POINT","NMKINF18","symbols/NMKINF18.svg","","UNRESOLVED","no exact/direct/semantic ESRI match; generic category fallback disabled"
"POINT","NMKINF20","symbols/NMKINF20.svg","","UNRESOLVED","no exact/direct/semantic ESRI match; generic category fallback disabled"
"POINT","NMKINF21","symbols/NMKINF21.svg","","UNRESOLVED","no exact/direct/semantic ESRI match; generic category fallback disabled"
"POINT","NMKINF26","symbols/NMKINF26.svg","","UNRESOLVED","no exact/direct/semantic ESRI match; generic category fallback disabled"
"POINT","NMKINF27","symbols/NMKINF27.svg","","UNRESOLVED","no exact/direct/semantic ESRI match; generic category fallback disabled"
"POINT","NMKPRH07","symbols/NMKPRH07.svg","","UNRESOLVED","no exact/direct/semantic ESRI match; generic category fallback disabled"
"POINT","BOYCAN60","symbols/BOYCAN60.svg","Q22a_Spherical_buoy.svg","SEMANTIC_TOKEN","semantic token match for BOYCAN"
"POINT","BOYBAR60","symbols/BOYBAR60.svg","Q22a_Spherical_buoy.svg","SEMANTIC_TOKEN","semantic token match for BOYBAR"
"POINT","BOYBAR61","symbols/BOYBAR61.svg","Q22a_Spherical_buoy.svg","SEMANTIC_TOKEN","semantic token match for BOYBAR"
"POINT","BOYBAR62","symbols/BOYBAR62.svg","Q22a_Spherical_buoy.svg","SEMANTIC_TOKEN","semantic token match for BOYBAR"
"POINT","BOYSPH60","symbols/BOYSPH60.svg","Q22a_Spherical_buoy.svg","SEMANTIC_TOKEN","semantic token match for BOYSPH"
"POINT","BOYSPH61","symbols/BOYSPH61.svg","Q22a_Spherical_buoy.svg","SEMANTIC_TOKEN","semantic token match for BOYSPH"
"POINT","BOYSPH62","symbols/BOYSPH62.svg","Q22a_Spherical_buoy.svg","SEMANTIC_TOKEN","semantic token match for BOYSPH"
"POINT","BOYCAN64","symbols/BOYCAN64.svg","Q22a_Spherical_buoy.svg","SEMANTIC_TOKEN","semantic token match for BOYCAN"
"POINT","BOYSPH05","symbols/BOYSPH05.svg","Q22a_Spherical_buoy.svg","SEMANTIC_TOKEN","semantic token match for BOYSPH"
"POINT","BOYCON64","symbols/BOYCON64.svg","Q20a_Conical_buoy.svg","SEMANTIC_TOKEN","semantic token match for BOYCON"
"POINT","BOYSPH65","symbols/BOYSPH65.svg","Q22a_Spherical_buoy.svg","SEMANTIC_TOKEN","semantic token match for BOYSPH"
"POINT","BOYSPH66","symbols/BOYSPH66.svg","Q22a_Spherical_buoy.svg","SEMANTIC_TOKEN","semantic token match for BOYSPH"
"POINT","BOYSPH67","symbols/BOYSPH67.svg","Q22a_Spherical_buoy.svg","SEMANTIC_TOKEN","semantic token match for BOYSPH"
"POINT","BOYCAN68","symbols/BOYCAN68.svg","Q22a_Spherical_buoy.svg","SEMANTIC_TOKEN","semantic token match for BOYCAN"
"POINT","BOYCAN70","symbols/BOYCAN70.svg","Q22a_Spherical_buoy.svg","SEMANTIC_TOKEN","semantic token match for BOYCAN"
"POINT","BOYCAN71","symbols/BOYCAN71.svg","Q22a_Spherical_buoy.svg","SEMANTIC_TOKEN","semantic token match for BOYCAN"
"POINT","BOYCAN69","symbols/BOYCAN69.svg","Q22a_Spherical_buoy.svg","SEMANTIC_TOKEN","semantic token match for BOYCAN"
"POINT","BOYCAN72","symbols/BOYCAN72.svg","Q22a_Spherical_buoy.svg","SEMANTIC_TOKEN","semantic token match for BOYCAN"
"POINT","BOYCAN73","symbols/BOYCAN73.svg","Q22a_Spherical_buoy.svg","SEMANTIC_TOKEN","semantic token match for BOYCAN"
"POINT","BOYPIL80","symbols/BOYPIL80.svg","Q22a_Spherical_buoy.svg","SEMANTIC_TOKEN","semantic token match for BOYPIL"
"POINT","BOYCON66","symbols/BOYCON66.svg","Q20a_Conical_buoy.svg","SEMANTIC_TOKEN","semantic token match for BOYCON"
"POINT","BOYCON67","symbols/BOYCON67.svg","Q20a_Conical_buoy.svg","SEMANTIC_TOKEN","semantic token match for BOYCON"
"POINT","BOYSPH74","symbols/BOYSPH74.svg","Q22a_Spherical_buoy.svg","SEMANTIC_TOKEN","semantic token match for BOYSPH"
"POINT","BOYCAN74","symbols/BOYCAN74.svg","Q22a_Spherical_buoy.svg","SEMANTIC_TOKEN","semantic token match for BOYCAN"
"POINT","BOYCAN75","symbols/BOYCAN75.svg","Q22a_Spherical_buoy.svg","SEMANTIC_TOKEN","semantic token match for BOYCAN"
"POINT","BOYCON68","symbols/BOYCON68.svg","Q20a_Conical_buoy.svg","SEMANTIC_TOKEN","semantic token match for BOYCON"
"POINT","BOYCAN76","symbols/BOYCAN76.svg","Q22a_Spherical_buoy.svg","SEMANTIC_TOKEN","semantic token match for BOYCAN"
"POINT","BOYCON71","symbols/BOYCON71.svg","Q20a_Conical_buoy.svg","SEMANTIC_TOKEN","semantic token match for BOYCON"
"POINT","BOYCON72","symbols/BOYCON72.svg","Q20a_Conical_buoy.svg","SEMANTIC_TOKEN","semantic token match for BOYCON"
"POINT","BOYCON69","symbols/BOYCON69.svg","Q20a_Conical_buoy.svg","SEMANTIC_TOKEN","semantic token match for BOYCON"
"POINT","BOYCON70","symbols/BOYCON70.svg","Q20a_Conical_buoy.svg","SEMANTIC_TOKEN","semantic token match for BOYCON"
"POINT","BOYSUP60","symbols/BOYSUP60.svg","Q22a_Spherical_buoy.svg","SEMANTIC_TOKEN","semantic token match for BOYSUP"
"POINT","BOYSUP61","symbols/BOYSUP61.svg","Q22a_Spherical_buoy.svg","SEMANTIC_TOKEN","semantic token match for BOYSUP"
"POINT","BOYSUP62","symbols/BOYSUP62.svg","Q22a_Spherical_buoy.svg","SEMANTIC_TOKEN","semantic token match for BOYSUP"
"POINT","BOYCON73","symbols/BOYCON73.svg","Q20a_Conical_buoy.svg","SEMANTIC_TOKEN","semantic token match for BOYCON"
"POINT","BOYPIL81","symbols/BOYPIL81.svg","Q22a_Spherical_buoy.svg","SEMANTIC_TOKEN","semantic token match for BOYPIL"
"POINT","BOYCAN77","symbols/BOYCAN77.svg","Q22a_Spherical_buoy.svg","SEMANTIC_TOKEN","semantic token match for BOYCAN"
"POINT","BOYCAN78","symbols/BOYCAN78.svg","Q22a_Spherical_buoy.svg","SEMANTIC_TOKEN","semantic token match for BOYCAN"
"POINT","BOYCAN79","symbols/BOYCAN79.svg","Q22a_Spherical_buoy.svg","SEMANTIC_TOKEN","semantic token match for BOYCAN"
"POINT","BOYSPR68","symbols/BOYSPR68.svg","Q22a_Spherical_buoy.svg","SEMANTIC_TOKEN","semantic token match for BOYSPR"
"POINT","BCNLAT50","symbols/BCNLAT50.svg","Q90_Stake_pole.svg","CUSTOM_SYMBOL_MAP","CustomSymbolMap object rule for BCNLAT"
"POINT","BOYCON77","symbols/BOYCON77.svg","Q20a_Conical_buoy.svg","SEMANTIC_TOKEN","semantic token match for BOYCON"
"POINT","BOYSPH77","symbols/BOYSPH77.svg","Q22a_Spherical_buoy.svg","SEMANTIC_TOKEN","semantic token match for BOYSPH"
"POINT","BOYCON78","symbols/BOYCON78.svg","Q20a_Conical_buoy.svg","SEMANTIC_TOKEN","semantic token match for BOYCON"
"POINT","BOYSPH75","symbols/BOYSPH75.svg","Q22a_Spherical_buoy.svg","SEMANTIC_TOKEN","semantic token match for BOYSPH"
"POINT","BOYSPR69","symbols/BOYSPR69.svg","Q22a_Spherical_buoy.svg","SEMANTIC_TOKEN","semantic token match for BOYSPR"
"POINT","BOYSPR70","symbols/BOYSPR70.svg","Q22a_Spherical_buoy.svg","SEMANTIC_TOKEN","semantic token match for BOYSPR"
"POINT","BOYSPR71","symbols/BOYSPR71.svg","Q22a_Spherical_buoy.svg","SEMANTIC_TOKEN","semantic token match for BOYSPR"
"POINT","BOYSPR62","symbols/BOYSPR62.svg","Q22a_Spherical_buoy.svg","SEMANTIC_TOKEN","semantic token match for BOYSPR"
"POINT","BCNSPR62","symbols/BCNSPR62.svg","Q83_Beacon_submerged_rock.svg","SEMANTIC_TOKEN","semantic token match for BCNSPR"
"POINT","BCNTOW61","symbols/BCNTOW61.svg","Q83_Beacon_submerged_rock.svg","SEMANTIC_TOKEN","semantic token match for BCNTOW"
"POINT","BCNTOW60","symbols/BCNTOW60.svg","Q83_Beacon_submerged_rock.svg","SEMANTIC_TOKEN","semantic token match for BCNTOW"
"POINT","BCNTOW62","symbols/BCNTOW62.svg","Q83_Beacon_submerged_rock.svg","SEMANTIC_TOKEN","semantic token match for BCNTOW"
"POINT","TOWERS78","symbols/TOWERS78.svg","","UNRESOLVED","no exact/direct/semantic ESRI match; generic category fallback disabled"
"POINT","TOWERS62","symbols/TOWERS62.svg","","UNRESOLVED","no exact/direct/semantic ESRI match; generic category fallback disabled"
"POINT","TOWERS79","symbols/TOWERS79.svg","","UNRESOLVED","no exact/direct/semantic ESRI match; generic category fallback disabled"
"POINT","BCNGEN60","symbols/BCNGEN60.svg","Q83_Beacon_submerged_rock.svg","SEMANTIC_TOKEN","semantic token match for BCNGEN"
"POINT","BCNGEN61","symbols/BCNGEN61.svg","Q83_Beacon_submerged_rock.svg","SEMANTIC_TOKEN","semantic token match for BCNGEN"
"POINT","BCNSTK60","symbols/BCNSTK60.svg","Q83_Beacon_submerged_rock.svg","SEMANTIC_TOKEN","semantic token match for BCNSTK"
"POINT","BCNSTK61","symbols/BCNSTK61.svg","Q83_Beacon_submerged_rock.svg","SEMANTIC_TOKEN","semantic token match for BCNSTK"
"POINT","BCNGEN68","symbols/BCNGEN68.svg","Q83_Beacon_submerged_rock.svg","SEMANTIC_TOKEN","semantic token match for BCNGEN"
"POINT","BCNGEN69","symbols/BCNGEN69.svg","Q83_Beacon_submerged_rock.svg","SEMANTIC_TOKEN","semantic token match for BCNGEN"
"POINT","BCNGEN70","symbols/BCNGEN70.svg","Q83_Beacon_submerged_rock.svg","SEMANTIC_TOKEN","semantic token match for BCNGEN"
"POINT","BCNGEN71","symbols/BCNGEN71.svg","Q83_Beacon_submerged_rock.svg","SEMANTIC_TOKEN","semantic token match for BCNGEN"
"POINT","BOYSPH68","symbols/BOYSPH68.svg","Q22a_Spherical_buoy.svg","SEMANTIC_TOKEN","semantic token match for BOYSPH"
"POINT","BOYSPH69","symbols/BOYSPH69.svg","Q22a_Spherical_buoy.svg","SEMANTIC_TOKEN","semantic token match for BOYSPH"
"POINT","BOYSPH70","symbols/BOYSPH70.svg","Q22a_Spherical_buoy.svg","SEMANTIC_TOKEN","semantic token match for BOYSPH"
"POINT","BOYSPH71","symbols/BOYSPH71.svg","Q22a_Spherical_buoy.svg","SEMANTIC_TOKEN","semantic token match for BOYSPH"
"POINT","BCNTOW76","symbols/BCNTOW76.svg","Q83_Beacon_submerged_rock.svg","SEMANTIC_TOKEN","semantic token match for BCNTOW"
"POINT","TOWERS60","symbols/TOWERS60.svg","","UNRESOLVED","no exact/direct/semantic ESRI match; generic category fallback disabled"
"POINT","TOWERS61","symbols/TOWERS61.svg","","UNRESOLVED","no exact/direct/semantic ESRI match; generic category fallback disabled"
"POINT","BCNGEN76","symbols/BCNGEN76.svg","Q83_Beacon_submerged_rock.svg","SEMANTIC_TOKEN","semantic token match for BCNGEN"
"POINT","BCNSTK78","symbols/BCNSTK78.svg","Q83_Beacon_submerged_rock.svg","SEMANTIC_TOKEN","semantic token match for BCNSTK"
"POINT","TOPMAR23","symbols/TOPMAR23.svg","Q9_Arrow.svg","CUSTOM_SYMBOL_MAP","CustomSymbolMap object rule for TOPMAR"
"POINT","BCNTOW69","symbols/BCNTOW69.svg","Q83_Beacon_submerged_rock.svg","SEMANTIC_TOKEN","semantic token match for BCNTOW"
"POINT","BCNTOW70","symbols/BCNTOW70.svg","Q83_Beacon_submerged_rock.svg","SEMANTIC_TOKEN","semantic token match for BCNTOW"
"POINT","BCNTOW71","symbols/BCNTOW71.svg","Q83_Beacon_submerged_rock.svg","SEMANTIC_TOKEN","semantic token match for BCNTOW"
"POINT","BCNTOW64","symbols/BCNTOW64.svg","Q83_Beacon_submerged_rock.svg","SEMANTIC_TOKEN","semantic token match for BCNTOW"
"POINT","BCNTOW05","symbols/BCNTOW05.svg","Q83_Beacon_submerged_rock.svg","SEMANTIC_TOKEN","semantic token match for BCNTOW"
"POINT","BCNTOW65","symbols/BCNTOW65.svg","Q83_Beacon_submerged_rock.svg","SEMANTIC_TOKEN","semantic token match for BCNTOW"
"POINT","BCNGEN05","symbols/BCNGEN05.svg","Q83_Beacon_submerged_rock.svg","SEMANTIC_TOKEN","semantic token match for BCNGEN"
"POINT","BCNGEN79","symbols/BCNGEN79.svg","Q83_Beacon_submerged_rock.svg","SEMANTIC_TOKEN","semantic token match for BCNGEN"
"POINT","BCNGEN64","symbols/BCNGEN64.svg","Q83_Beacon_submerged_rock.svg","SEMANTIC_TOKEN","semantic token match for BCNGEN"
"POINT","BOYSPR72","symbols/BOYSPR72.svg","Q22a_Spherical_buoy.svg","SEMANTIC_TOKEN","semantic token match for BOYSPR"
"POINT","BCNGEN65","symbols/BCNGEN65.svg","Q83_Beacon_submerged_rock.svg","SEMANTIC_TOKEN","semantic token match for BCNGEN"
"POINT","BCNSTK62","symbols/BCNSTK62.svg","Q83_Beacon_submerged_rock.svg","SEMANTIC_TOKEN","semantic token match for BCNSTK"
"POINT","TOWERS77","symbols/TOWERS77.svg","","UNRESOLVED","no exact/direct/semantic ESRI match; generic category fallback disabled"
"POINT","LITVES60","symbols/LITVES60.svg","Q32_Light_vessel.svg","CUSTOM_SYMBOL_MAP","CustomSymbolMap object rule for LITVES"
"POINT","LITVES61","symbols/LITVES61.svg","Q32_Light_vessel.svg","CUSTOM_SYMBOL_MAP","CustomSymbolMap object rule for LITVES"
"POINT","BOYSUP65","symbols/BOYSUP65.svg","Q22a_Spherical_buoy.svg","SEMANTIC_TOKEN","semantic token match for BOYSUP"
"POINT","BOYSPR60","symbols/BOYSPR60.svg","Q22a_Spherical_buoy.svg","SEMANTIC_TOKEN","semantic token match for BOYSPR"
"POINT","BOYSPR61","symbols/BOYSPR61.svg","Q22a_Spherical_buoy.svg","SEMANTIC_TOKEN","semantic token match for BOYSPR"
"POINT","BOYSPR65","symbols/BOYSPR65.svg","Q22a_Spherical_buoy.svg","SEMANTIC_TOKEN","semantic token match for BOYSPR"
"POINT","BCNSTK01","symbols/BCNSTK01.svg","Q90_Stake_pole.svg","ALIAS","explicit alias Q90_Stake_pole.svg"
"POINT","BCNSTK05","symbols/BCNSTK05.svg","Q83_Beacon_submerged_rock.svg","SEMANTIC_TOKEN","semantic token match for BCNSTK"
"POINT","TOWERS80","symbols/TOWERS80.svg","","UNRESOLVED","no exact/direct/semantic ESRI match; generic category fallback disabled"
"POINT","TOWERS81","symbols/TOWERS81.svg","","UNRESOLVED","no exact/direct/semantic ESRI match; generic category fallback disabled"
"POINT","TOWERS82","symbols/TOWERS82.svg","","UNRESOLVED","no exact/direct/semantic ESRI match; generic category fallback disabled"
"POINT","TOWERS83","symbols/TOWERS83.svg","","UNRESOLVED","no exact/direct/semantic ESRI match; generic category fallback disabled"
"POINT","TOWERS84","symbols/TOWERS84.svg","","UNRESOLVED","no exact/direct/semantic ESRI match; generic category fallback disabled"
"POINT","TOWERS85","symbols/TOWERS85.svg","","UNRESOLVED","no exact/direct/semantic ESRI match; generic category fallback disabled"
"POINT","TOWERS86","symbols/TOWERS86.svg","","UNRESOLVED","no exact/direct/semantic ESRI match; generic category fallback disabled"
"POINT","TOWERS87","symbols/TOWERS87.svg","","UNRESOLVED","no exact/direct/semantic ESRI match; generic category fallback disabled"
"POINT","BCNTOW85","symbols/BCNTOW85.svg","Q83_Beacon_submerged_rock.svg","SEMANTIC_TOKEN","semantic token match for BCNTOW"
"POINT","TOWERS89","symbols/TOWERS89.svg","","UNRESOLVED","no exact/direct/semantic ESRI match; generic category fallback disabled"
"POINT","PILBOP04","symbols/PILBOP04.svg","T1_pilot_boarding_place.svg","CUSTOM_SYMBOL_MAP","CustomSymbolMap object rule for PILBOP"
"POINT","BCNGEN80","symbols/BCNGEN80.svg","Q83_Beacon_submerged_rock.svg","SEMANTIC_TOKEN","semantic token match for BCNGEN"
"POINT","BCNSTK79","symbols/BCNSTK79.svg","Q83_Beacon_submerged_rock.svg","SEMANTIC_TOKEN","semantic token match for BCNSTK"
"POINT","BCNSTK80","symbols/BCNSTK80.svg","Q83_Beacon_submerged_rock.svg","SEMANTIC_TOKEN","semantic token match for BCNSTK"
"POINT","TOPMAR99","symbols/TOPMAR99.svg","Q9_Arrow.svg","CUSTOM_SYMBOL_MAP","CustomSymbolMap object rule for TOPMAR"
"POINT","BOYCAN80","symbols/BOYCAN80.svg","Q22a_Spherical_buoy.svg","SEMANTIC_TOKEN","semantic token match for BOYCAN"
"POINT","BCNSTK08","symbols/BCNSTK08.svg","Q83_Beacon_submerged_rock.svg","SEMANTIC_TOKEN","semantic token match for BCNSTK"
"POINT","BCNSTK81","symbols/BCNSTK81.svg","Q83_Beacon_submerged_rock.svg","SEMANTIC_TOKEN","semantic token match for BCNSTK"
"POINT","BOYCON63","symbols/BOYCON63.svg","Q20a_Conical_buoy.svg","SEMANTIC_TOKEN","semantic token match for BOYCON"
"POINT","BOYCON65","symbols/BOYCON65.svg","Q20a_Conical_buoy.svg","SEMANTIC_TOKEN","semantic token match for BOYCON"
"POINT","BOYMOR31","symbols/BOYMOR31.svg","Q22a_Spherical_buoy.svg","SEMANTIC_TOKEN","semantic token match for BOYMOR"
"POINT","NOTBRD12","symbols/NOTBRD12.svg","","UNRESOLVED","no exact/direct/semantic ESRI match; generic category fallback disabled"
"POINT","TOWERS63","symbols/TOWERS63.svg","","UNRESOLVED","no exact/direct/semantic ESRI match; generic category fallback disabled"
"POINT","LITFLT61","symbols/LITFLT61.svg","Q30_Light_float.svg","CUSTOM_SYMBOL_MAP","CustomSymbolMap object rule for LITFLT"
"POINT","LITFLT10","symbols/LITFLT10.svg","Q30_Light_float.svg","CUSTOM_SYMBOL_MAP","CustomSymbolMap object rule for LITFLT"
"POINT","TOWERS69","symbols/TOWERS69.svg","","UNRESOLVED","no exact/direct/semantic ESRI match; generic category fallback disabled"
"POINT","TOWERS68","symbols/TOWERS68.svg","","UNRESOLVED","no exact/direct/semantic ESRI match; generic category fallback disabled"
"POINT","TOWERS70","symbols/TOWERS70.svg","","UNRESOLVED","no exact/direct/semantic ESRI match; generic category fallback disabled"
"POINT","TOWERS71","symbols/TOWERS71.svg","","UNRESOLVED","no exact/direct/semantic ESRI match; generic category fallback disabled"
"POINT","BCNSTK77","symbols/BCNSTK77.svg","Q83_Beacon_submerged_rock.svg","SEMANTIC_TOKEN","semantic token match for BCNSTK"
"POINT","BCNTOW73","symbols/BCNTOW73.svg","Q83_Beacon_submerged_rock.svg","SEMANTIC_TOKEN","semantic token match for BCNTOW"
"POINT","TOWERS90","symbols/TOWERS90.svg","","UNRESOLVED","no exact/direct/semantic ESRI match; generic category fallback disabled"
"POINT","TOWERS91","symbols/TOWERS91.svg","","UNRESOLVED","no exact/direct/semantic ESRI match; generic category fallback disabled"
"POINT","TOWERS92","symbols/TOWERS92.svg","","UNRESOLVED","no exact/direct/semantic ESRI match; generic category fallback disabled"
"POINT","TOWERS93","symbols/TOWERS93.svg","","UNRESOLVED","no exact/direct/semantic ESRI match; generic category fallback disabled"
"POINT","TOWERS94","symbols/TOWERS94.svg","","UNRESOLVED","no exact/direct/semantic ESRI match; generic category fallback disabled"
"POINT","BCNTOW86","symbols/BCNTOW86.svg","Q83_Beacon_submerged_rock.svg","SEMANTIC_TOKEN","semantic token match for BCNTOW"
"POINT","BCNTOW87","symbols/BCNTOW87.svg","Q83_Beacon_submerged_rock.svg","SEMANTIC_TOKEN","semantic token match for BCNTOW"
"POINT","BCNTOW88","symbols/BCNTOW88.svg","Q83_Beacon_submerged_rock.svg","SEMANTIC_TOKEN","semantic token match for BCNTOW"
"POINT","BCNTOW89","symbols/BCNTOW89.svg","Q83_Beacon_submerged_rock.svg","SEMANTIC_TOKEN","semantic token match for BCNTOW"
"POINT","BCNTOW90","symbols/BCNTOW90.svg","Q83_Beacon_submerged_rock.svg","SEMANTIC_TOKEN","semantic token match for BCNTOW"
"POINT","BCNTOW91","symbols/BCNTOW91.svg","Q83_Beacon_submerged_rock.svg","SEMANTIC_TOKEN","semantic token match for BCNTOW"
"POINT","TOPSHP11","symbols/TOPSHP11.svg","Q130_3_topmark_E.svg","SEMANTIC_TOKEN","semantic token match for TOPSHP"
"POINT","TOPSHP12","symbols/TOPSHP12.svg","Q130_3_topmark_E.svg","SEMANTIC_TOKEN","semantic token match for TOPSHP"
"POINT","TOPSHP13","symbols/TOPSHP13.svg","Q130_3_topmark_E.svg","SEMANTIC_TOKEN","semantic token match for TOPSHP"
"POINT","TOPSHP14","symbols/TOPSHP14.svg","Q130_3_topmark_E.svg","SEMANTIC_TOKEN","semantic token match for TOPSHP"
"POINT","TOPSHP17","symbols/TOPSHP17.svg","Q130_3_topmark_E.svg","SEMANTIC_TOKEN","semantic token match for TOPSHP"
"POINT","TOPSHP16","symbols/TOPSHP16.svg","Q130_3_topmark_E.svg","SEMANTIC_TOKEN","semantic token match for TOPSHP"
"POINT","TOPSHP21","symbols/TOPSHP21.svg","Q130_3_topmark_E.svg","SEMANTIC_TOKEN","semantic token match for TOPSHP"
"POINT","TOPSHP22","symbols/TOPSHP22.svg","Q130_3_topmark_E.svg","SEMANTIC_TOKEN","semantic token match for TOPSHP"
"POINT","TOPSHP23","symbols/TOPSHP23.svg","Q130_3_topmark_E.svg","SEMANTIC_TOKEN","semantic token match for TOPSHP"
"POINT","TOPSHP24","symbols/TOPSHP24.svg","Q130_3_topmark_E.svg","SEMANTIC_TOKEN","semantic token match for TOPSHP"
"POINT","TOPSHP28","symbols/TOPSHP28.svg","Q130_3_topmark_E.svg","SEMANTIC_TOKEN","semantic token match for TOPSHP"
"POINT","TOPSHP34","symbols/TOPSHP34.svg","Q130_3_topmark_E.svg","SEMANTIC_TOKEN","semantic token match for TOPSHP"
"POINT","TOPSHP32","symbols/TOPSHP32.svg","Q130_3_topmark_E.svg","SEMANTIC_TOKEN","semantic token match for TOPSHP"
"POINT","TOPSHP42","symbols/TOPSHP42.svg","Q130_3_topmark_E.svg","SEMANTIC_TOKEN","semantic token match for TOPSHP"
"POINT","TOPSHP44","symbols/TOPSHP44.svg","Q130_3_topmark_E.svg","SEMANTIC_TOKEN","semantic token match for TOPSHP"
"POINT","TOPSHP47","symbols/TOPSHP47.svg","Q130_3_topmark_E.svg","SEMANTIC_TOKEN","semantic token match for TOPSHP"
"POINT","TOPSHP48","symbols/TOPSHP48.svg","Q130_3_topmark_E.svg","SEMANTIC_TOKEN","semantic token match for TOPSHP"
"POINT","TOPSHP51","symbols/TOPSHP51.svg","Q130_3_topmark_E.svg","SEMANTIC_TOKEN","semantic token match for TOPSHP"
"POINT","TOPSHP58","symbols/TOPSHP58.svg","Q130_3_topmark_E.svg","SEMANTIC_TOKEN","semantic token match for TOPSHP"
"POINT","TOPSHP61","symbols/TOPSHP61.svg","Q130_3_topmark_E.svg","SEMANTIC_TOKEN","semantic token match for TOPSHP"
"POINT","TOPSHP62","symbols/TOPSHP62.svg","Q130_3_topmark_E.svg","SEMANTIC_TOKEN","semantic token match for TOPSHP"
"POINT","TOPSHP65","symbols/TOPSHP65.svg","Q130_3_topmark_E.svg","SEMANTIC_TOKEN","semantic token match for TOPSHP"
"POINT","TOPSHP63","symbols/TOPSHP63.svg","Q130_3_topmark_E.svg","SEMANTIC_TOKEN","semantic token match for TOPSHP"
"POINT","TOPSHP64","symbols/TOPSHP64.svg","Q130_3_topmark_E.svg","SEMANTIC_TOKEN","semantic token match for TOPSHP"
"POINT","TOPSHP69","symbols/TOPSHP69.svg","Q130_3_topmark_E.svg","SEMANTIC_TOKEN","semantic token match for TOPSHP"
"POINT","TOPSHP19","symbols/TOPSHP19.svg","Q130_3_topmark_E.svg","SEMANTIC_TOKEN","semantic token match for TOPSHP"
"POINT","TOPSHP20","symbols/TOPSHP20.svg","Q130_3_topmark_E.svg","SEMANTIC_TOKEN","semantic token match for TOPSHP"
"POINT","BCNLAT24","symbols/BCNLAT24.svg","Q90_Stake_pole.svg","CUSTOM_SYMBOL_MAP","CustomSymbolMap object rule for BCNLAT"
"POINT","TOPSHP25","symbols/TOPSHP25.svg","Q130_3_topmark_E.svg","SEMANTIC_TOKEN","semantic token match for TOPSHP"
"POINT","TOPSHP67","symbols/TOPSHP67.svg","Q130_3_topmark_E.svg","SEMANTIC_TOKEN","semantic token match for TOPSHP"
"POINT","TOPSHP29","symbols/TOPSHP29.svg","Q130_3_topmark_E.svg","SEMANTIC_TOKEN","semantic token match for TOPSHP"
"POINT","TOPSHP30","symbols/TOPSHP30.svg","Q130_3_topmark_E.svg","SEMANTIC_TOKEN","semantic token match for TOPSHP"
"POINT","TOPSHP15","symbols/TOPSHP15.svg","Q130_3_topmark_E.svg","SEMANTIC_TOKEN","semantic token match for TOPSHP"
"POINT","TOPSHP43","symbols/TOPSHP43.svg","Q130_3_topmark_E.svg","SEMANTIC_TOKEN","semantic token match for TOPSHP"
"POINT","TOPSHP50","symbols/TOPSHP50.svg","Q130_3_topmark_E.svg","SEMANTIC_TOKEN","semantic token match for TOPSHP"
"POINT","TOPSHP70","symbols/TOPSHP70.svg","Q130_3_topmark_E.svg","SEMANTIC_TOKEN","semantic token match for TOPSHP"
"POINT","TOPSHP35","symbols/TOPSHP35.svg","Q130_3_topmark_E.svg","SEMANTIC_TOKEN","semantic token match for TOPSHP"
"POINT","TOPSHP10","symbols/TOPSHP10.svg","Q130_3_topmark_E.svg","SEMANTIC_TOKEN","semantic token match for TOPSHP"
"POINT","TOPSHP09","symbols/TOPSHP09.svg","Q130_3_topmark_E.svg","SEMANTIC_TOKEN","semantic token match for TOPSHP"
"POINT","TOPSHP71","symbols/TOPSHP71.svg","Q130_3_topmark_E.svg","SEMANTIC_TOKEN","semantic token match for TOPSHP"
"POINT","TOPSHP31","symbols/TOPSHP31.svg","Q130_3_topmark_E.svg","SEMANTIC_TOKEN","semantic token match for TOPSHP"
"POINT","TOPSHP55","symbols/TOPSHP55.svg","Q130_3_topmark_E.svg","SEMANTIC_TOKEN","semantic token match for TOPSHP"
"POINT","BOYCAN65","symbols/BOYCAN65.svg","Q22a_Spherical_buoy.svg","SEMANTIC_TOKEN","semantic token match for BOYCAN"
"POINT","TOPSHPA9","symbols/TOPSHPA9.svg","Q130_3_topmark_E.svg","SEMANTIC_TOKEN","semantic token match for TOPSHPA"
"POINT","TOPMAR98","symbols/TOPMAR98.svg","Q9_Arrow.svg","CUSTOM_SYMBOL_MAP","CustomSymbolMap object rule for TOPMAR"
"POINT","TOPSHP36","symbols/TOPSHP36.svg","Q130_3_topmark_E.svg","SEMANTIC_TOKEN","semantic token match for TOPSHP"
"POINT","TOPSHP37","symbols/TOPSHP37.svg","Q130_3_topmark_E.svg","SEMANTIC_TOKEN","semantic token match for TOPSHP"
"POINT","TOPSHP41","symbols/TOPSHP41.svg","Q130_3_topmark_E.svg","SEMANTIC_TOKEN","semantic token match for TOPSHP"
"POINT","TOPSHP73","symbols/TOPSHP73.svg","Q130_3_topmark_E.svg","SEMANTIC_TOKEN","semantic token match for TOPSHP"
"POINT","TOPSHP72","symbols/TOPSHP72.svg","Q130_3_topmark_E.svg","SEMANTIC_TOKEN","semantic token match for TOPSHP"
"POINT","BOYCAN81","symbols/BOYCAN81.svg","Q22a_Spherical_buoy.svg","SEMANTIC_TOKEN","semantic token match for BOYCAN"
"POINT","TOPSHP74","symbols/TOPSHP74.svg","Q130_3_topmark_E.svg","SEMANTIC_TOKEN","semantic token match for TOPSHP"
"POINT","TOPSHP92","symbols/TOPSHP92.svg","Q130_3_topmark_E.svg","SEMANTIC_TOKEN","semantic token match for TOPSHP"
"POINT","TOPSHP90","symbols/TOPSHP90.svg","Q130_3_topmark_E.svg","SEMANTIC_TOKEN","semantic token match for TOPSHP"
"POINT","TOPSHP91","symbols/TOPSHP91.svg","Q130_3_topmark_E.svg","SEMANTIC_TOKEN","semantic token match for TOPSHP"
"POINT","TOPSHP93","symbols/TOPSHP93.svg","Q130_3_topmark_E.svg","SEMANTIC_TOKEN","semantic token match for TOPSHP"
"POINT","TOPSHP94","symbols/TOPSHP94.svg","Q130_3_topmark_E.svg","SEMANTIC_TOKEN","semantic token match for TOPSHP"
"POINT","TOPSHP95","symbols/TOPSHP95.svg","Q130_3_topmark_E.svg","SEMANTIC_TOKEN","semantic token match for TOPSHP"
"POINT","TOPSHP96","symbols/TOPSHP96.svg","Q130_3_topmark_E.svg","SEMANTIC_TOKEN","semantic token match for TOPSHP"
"POINT","TOPSHP76","symbols/TOPSHP76.svg","Q130_3_topmark_E.svg","SEMANTIC_TOKEN","semantic token match for TOPSHP"
"POINT","TOPSHP97","symbols/TOPSHP97.svg","Q130_3_topmark_E.svg","SEMANTIC_TOKEN","semantic token match for TOPSHP"
"POINT","TOPSHP85","symbols/TOPSHP85.svg","Q130_3_topmark_E.svg","SEMANTIC_TOKEN","semantic token match for TOPSHP"
"POINT","TOPSHP86","symbols/TOPSHP86.svg","Q130_3_topmark_E.svg","SEMANTIC_TOKEN","semantic token match for TOPSHP"
"POINT","TOPSHP01","symbols/TOPSHP01.svg","Q130_3_topmark_E.svg","SEMANTIC_TOKEN","semantic token match for TOPSHP"
"POINT","TOPSHP84","symbols/TOPSHP84.svg","Q130_3_topmark_E.svg","SEMANTIC_TOKEN","semantic token match for TOPSHP"
"POINT","TOPSHP77","symbols/TOPSHP77.svg","Q130_3_topmark_E.svg","SEMANTIC_TOKEN","semantic token match for TOPSHP"
"POINT","TOPSHP99","symbols/TOPSHP99.svg","Q130_3_topmark_E.svg","SEMANTIC_TOKEN","semantic token match for TOPSHP"
"POINT","TOPSHP89","symbols/TOPSHP89.svg","Q130_3_topmark_E.svg","SEMANTIC_TOKEN","semantic token match for TOPSHP"
"POINT","TOPSHP83","symbols/TOPSHP83.svg","Q130_3_topmark_E.svg","SEMANTIC_TOKEN","semantic token match for TOPSHP"
"POINT","TOPSHPA1","symbols/TOPSHPA1.svg","Q130_3_topmark_E.svg","SEMANTIC_TOKEN","semantic token match for TOPSHPA"
"POINT","TOPSHP82","symbols/TOPSHP82.svg","Q130_3_topmark_E.svg","SEMANTIC_TOKEN","semantic token match for TOPSHP"
"POINT","TOPSHPA0","symbols/TOPSHPA0.svg","Q130_3_topmark_E.svg","SEMANTIC_TOKEN","semantic token match for TOPSHPA"
"POINT","TOPSHPB0","symbols/TOPSHPB0.svg","Q130_3_topmark_E.svg","SEMANTIC_TOKEN","semantic token match for TOPSHPB"
"POINT","TOPSHPA2","symbols/TOPSHPA2.svg","Q130_3_topmark_E.svg","SEMANTIC_TOKEN","semantic token match for TOPSHPA"
"POINT","TOPSHPA3","symbols/TOPSHPA3.svg","Q130_3_topmark_E.svg","SEMANTIC_TOKEN","semantic token match for TOPSHPA"
"POINT","TOPSHPA4","symbols/TOPSHPA4.svg","Q130_3_topmark_E.svg","SEMANTIC_TOKEN","semantic token match for TOPSHPA"
"POINT","TOPSHP81","symbols/TOPSHP81.svg","Q130_3_topmark_E.svg","SEMANTIC_TOKEN","semantic token match for TOPSHP"
"POINT","TOPSHPD1","symbols/TOPSHPD1.svg","Q130_3_topmark_E.svg","SEMANTIC_TOKEN","semantic token match for TOPSHPD"
"POINT","TOPSHPA5","symbols/TOPSHPA5.svg","Q130_3_topmark_E.svg","SEMANTIC_TOKEN","semantic token match for TOPSHPA"
"POINT","TOPSHPA6","symbols/TOPSHPA6.svg","Q130_3_topmark_E.svg","SEMANTIC_TOKEN","semantic token match for TOPSHPA"
"POINT","TOPSHP05","symbols/TOPSHP05.svg","Q130_3_topmark_E.svg","SEMANTIC_TOKEN","semantic token match for TOPSHP"
"POINT","TOPSHPA7","symbols/TOPSHPA7.svg","Q130_3_topmark_E.svg","SEMANTIC_TOKEN","semantic token match for TOPSHPA"
"POINT","TOPSHPA8","symbols/TOPSHPA8.svg","Q130_3_topmark_E.svg","SEMANTIC_TOKEN","semantic token match for TOPSHPA"
"POINT","TOPSHP08","symbols/TOPSHP08.svg","Q130_3_topmark_E.svg","SEMANTIC_TOKEN","semantic token match for TOPSHP"
"POINT","TOPSHQ19","symbols/TOPSHQ19.svg","","UNRESOLVED","no exact/direct/semantic ESRI match; generic category fallback disabled"
"POINT","TOPSHQ21","symbols/TOPSHQ21.svg","","UNRESOLVED","no exact/direct/semantic ESRI match; generic category fallback disabled"
"POINT","TOPSHQ20","symbols/TOPSHQ20.svg","","UNRESOLVED","no exact/direct/semantic ESRI match; generic category fallback disabled"
"POINT","TOPSHQ22","symbols/TOPSHQ22.svg","","UNRESOLVED","no exact/direct/semantic ESRI match; generic category fallback disabled"
"POINT","TOPSHQ23","symbols/TOPSHQ23.svg","","UNRESOLVED","no exact/direct/semantic ESRI match; generic category fallback disabled"
"POINT","TOPSHQ24","symbols/TOPSHQ24.svg","","UNRESOLVED","no exact/direct/semantic ESRI match; generic category fallback disabled"
"POINT","TOPSHQ25","symbols/TOPSHQ25.svg","","UNRESOLVED","no exact/direct/semantic ESRI match; generic category fallback disabled"
"POINT","TOPSHQ26","symbols/TOPSHQ26.svg","","UNRESOLVED","no exact/direct/semantic ESRI match; generic category fallback disabled"
"POINT","TOPSHPD3","symbols/TOPSHPD3.svg","Q130_3_topmark_E.svg","SEMANTIC_TOKEN","semantic token match for TOPSHPD"
"POINT","TOPSHP87","symbols/TOPSHP87.svg","Q130_3_topmark_E.svg","SEMANTIC_TOKEN","semantic token match for TOPSHP"
"POINT","TOPSHP88","symbols/TOPSHP88.svg","Q130_3_topmark_E.svg","SEMANTIC_TOKEN","semantic token match for TOPSHP"
"POINT","TOPSHP38","symbols/TOPSHP38.svg","Q130_3_topmark_E.svg","SEMANTIC_TOKEN","semantic token match for TOPSHP"
"POINT","TOPSHP39","symbols/TOPSHP39.svg","Q130_3_topmark_E.svg","SEMANTIC_TOKEN","semantic token match for TOPSHP"
"POINT","TOPSHP40","symbols/TOPSHP40.svg","Q130_3_topmark_E.svg","SEMANTIC_TOKEN","semantic token match for TOPSHP"
"POINT","TOPSHP18","symbols/TOPSHP18.svg","Q130_3_topmark_E.svg","SEMANTIC_TOKEN","semantic token match for TOPSHP"
"POINT","BOYCON79","symbols/BOYCON79.svg","Q20a_Conical_buoy.svg","SEMANTIC_TOKEN","semantic token match for BOYCON"
"POINT","BOYCON80","symbols/BOYCON80.svg","Q20a_Conical_buoy.svg","SEMANTIC_TOKEN","semantic token match for BOYCON"
"POINT","BOYCON81","symbols/BOYCON81.svg","Q20a_Conical_buoy.svg","SEMANTIC_TOKEN","semantic token match for BOYCON"
"POINT","TOPSHPD2","symbols/TOPSHPD2.svg","Q130_3_topmark_E.svg","SEMANTIC_TOKEN","semantic token match for TOPSHPD"
"POINT","TOPSHP02","symbols/TOPSHP02.svg","Q130_3_topmark_E.svg","SEMANTIC_TOKEN","semantic token match for TOPSHP"
"POINT","TOPSHP03","symbols/TOPSHP03.svg","Q130_3_topmark_E.svg","SEMANTIC_TOKEN","semantic token match for TOPSHP"
"POINT","TOPSHP04","symbols/TOPSHP04.svg","Q130_3_topmark_E.svg","SEMANTIC_TOKEN","semantic token match for TOPSHP"
"POINT","TOPSHP98","symbols/TOPSHP98.svg","Q130_3_topmark_E.svg","SEMANTIC_TOKEN","semantic token match for TOPSHP"
"POINT","TOPSHP00","symbols/TOPSHP00.svg","Q130_3_topmark_E.svg","SEMANTIC_TOKEN","semantic token match for TOPSHP"
"POINT","TOPSHP80","symbols/TOPSHP80.svg","Q130_3_topmark_E.svg","SEMANTIC_TOKEN","semantic token match for TOPSHP"
"POINT","TOPSHP79","symbols/TOPSHP79.svg","Q130_3_topmark_E.svg","SEMANTIC_TOKEN","semantic token match for TOPSHP"
"POINT","TOPSHP06","symbols/TOPSHP06.svg","Q130_3_topmark_E.svg","SEMANTIC_TOKEN","semantic token match for TOPSHP"
"POINT","BOYCON74","symbols/BOYCON74.svg","Q20a_Conical_buoy.svg","SEMANTIC_TOKEN","semantic token match for BOYCON"
"POINT","BOYCAN82","symbols/BOYCAN82.svg","Q22a_Spherical_buoy.svg","SEMANTIC_TOKEN","semantic token match for BOYCAN"
"POINT","BOYCAN83","symbols/BOYCAN83.svg","Q22a_Spherical_buoy.svg","SEMANTIC_TOKEN","semantic token match for BOYCAN"
"POINT","TOPSHPI1","symbols/TOPSHPI1.svg","Q130_3_topmark_E.svg","SEMANTIC_TOKEN","semantic token match for TOPSHPI"
"POINT","TOPSHQ17","symbols/TOPSHQ17.svg","","UNRESOLVED","no exact/direct/semantic ESRI match; generic category fallback disabled"
"POINT","TOPSHPJ1","symbols/TOPSHPJ1.svg","Q130_3_topmark_E.svg","SEMANTIC_TOKEN","semantic token match for TOPSHPJ"
"POINT","TOPSHPJ2","symbols/TOPSHPJ2.svg","Q130_3_topmark_E.svg","SEMANTIC_TOKEN","semantic token match for TOPSHPJ"
"POINT","TOPMAR01","symbols/TOPMAR01.svg","Q9_Arrow.svg","CUSTOM_SYMBOL_MAP","CustomSymbolMap object rule for TOPMAR"
"POINT","TOPMAR91","symbols/TOPMAR91.svg","Q9_Arrow.svg","CUSTOM_SYMBOL_MAP","CustomSymbolMap object rule for TOPMAR"
"POINT","TOPSHQ07","symbols/TOPSHQ07.svg","","UNRESOLVED","no exact/direct/semantic ESRI match; generic category fallback disabled"
"POINT","TOPSHQ27","symbols/TOPSHQ27.svg","","UNRESOLVED","no exact/direct/semantic ESRI match; generic category fallback disabled"
"POINT","TOPSHPP1","symbols/TOPSHPP1.svg","Q130_3_topmark_E.svg","SEMANTIC_TOKEN","semantic token match for TOPSHPP"
"POINT","TOPSHQ08","symbols/TOPSHQ08.svg","","UNRESOLVED","no exact/direct/semantic ESRI match; generic category fallback disabled"
"POINT","ZZZZZZ01","symbols/ZZZZZZ01.svg","","UNRESOLVED","no exact/direct/semantic ESRI match; generic category fallback disabled"
"POINT","TOPSHPI2","symbols/TOPSHPI2.svg","Q130_3_topmark_E.svg","SEMANTIC_TOKEN","semantic token match for TOPSHPI"
"POINT","TOPSHP54","symbols/TOPSHP54.svg","Q130_3_topmark_E.svg","SEMANTIC_TOKEN","semantic token match for TOPSHP"
"POINT","TOPSHPR1","symbols/TOPSHPR1.svg","Q130_3_topmark_E.svg","SEMANTIC_TOKEN","semantic token match for TOPSHPR"
"POINT","TOPSHQ28","symbols/TOPSHQ28.svg","","UNRESOLVED","no exact/direct/semantic ESRI match; generic category fallback disabled"
"POINT","TOPSHPP2","symbols/TOPSHPP2.svg","Q130_3_topmark_E.svg","SEMANTIC_TOKEN","semantic token match for TOPSHPP"
"POINT","TOPSHP53","symbols/TOPSHP53.svg","Q130_3_topmark_E.svg","SEMANTIC_TOKEN","semantic token match for TOPSHP"
"POINT","TOPSHP52","symbols/TOPSHP52.svg","Q130_3_topmark_E.svg","SEMANTIC_TOKEN","semantic token match for TOPSHP"
"POINT","TOPSHPD4","symbols/TOPSHPD4.svg","Q130_3_topmark_E.svg","SEMANTIC_TOKEN","semantic token match for TOPSHPD"
"POINT","TOPSHP07","symbols/TOPSHP07.svg","Q130_3_topmark_E.svg","SEMANTIC_TOKEN","semantic token match for TOPSHP"
"POINT","TOPSHPJ3","symbols/TOPSHPJ3.svg","Q130_3_topmark_E.svg","SEMANTIC_TOKEN","semantic token match for TOPSHPJ"
"POINT","TOPSHPS1","symbols/TOPSHPS1.svg","Q130_3_topmark_E.svg","SEMANTIC_TOKEN","semantic token match for TOPSHPS"
"POINT","BCNTOW63","symbols/BCNTOW63.svg","Q83_Beacon_submerged_rock.svg","SEMANTIC_TOKEN","semantic token match for BCNTOW"
"POINT","BCNTOW66","symbols/BCNTOW66.svg","Q83_Beacon_submerged_rock.svg","SEMANTIC_TOKEN","semantic token match for BCNTOW"
"POINT","TOPSHQ30","symbols/TOPSHQ30.svg","","UNRESOLVED","no exact/direct/semantic ESRI match; generic category fallback disabled"
"POINT","TOPSHQ31","symbols/TOPSHQ31.svg","","UNRESOLVED","no exact/direct/semantic ESRI match; generic category fallback disabled"
"POINT","TOPSHQ32","symbols/TOPSHQ32.svg","","UNRESOLVED","no exact/direct/semantic ESRI match; generic category fallback disabled"
"POINT","TOPSHQ29","symbols/TOPSHQ29.svg","","UNRESOLVED","no exact/direct/semantic ESRI match; generic category fallback disabled"
"POINT","TOPSHQ18","symbols/TOPSHQ18.svg","","UNRESOLVED","no exact/direct/semantic ESRI match; generic category fallback disabled"
"POINT","TOWERS95","symbols/TOWERS95.svg","","UNRESOLVED","no exact/direct/semantic ESRI match; generic category fallback disabled"
"POINT","TOPSHQ06","symbols/TOPSHQ06.svg","","UNRESOLVED","no exact/direct/semantic ESRI match; generic category fallback disabled"
"POINT","TOWERS96","symbols/TOWERS96.svg","","UNRESOLVED","no exact/direct/semantic ESRI match; generic category fallback disabled"
"POINT","TOPSHPT1","symbols/TOPSHPT1.svg","Q130_3_topmark_E.svg","SEMANTIC_TOKEN","semantic token match for TOPSHPT"
"POINT","TOPSHPT2","symbols/TOPSHPT2.svg","Q130_3_topmark_E.svg","SEMANTIC_TOKEN","semantic token match for TOPSHPT"
"POINT","TOPSHPT3","symbols/TOPSHPT3.svg","Q130_3_topmark_E.svg","SEMANTIC_TOKEN","semantic token match for TOPSHPT"
"POINT","TOPSHPT4","symbols/TOPSHPT4.svg","Q130_3_topmark_E.svg","SEMANTIC_TOKEN","semantic token match for TOPSHPT"
"POINT","TOPSHPT5","symbols/TOPSHPT5.svg","Q130_3_topmark_E.svg","SEMANTIC_TOKEN","semantic token match for TOPSHPT"
"POINT","TOPSHPT6","symbols/TOPSHPT6.svg","Q130_3_topmark_E.svg","SEMANTIC_TOKEN","semantic token match for TOPSHPT"
"POINT","TOPSHPT7","symbols/TOPSHPT7.svg","Q130_3_topmark_E.svg","SEMANTIC_TOKEN","semantic token match for TOPSHPT"
"POINT","TOPSHPT8","symbols/TOPSHPT8.svg","Q130_3_topmark_E.svg","SEMANTIC_TOKEN","semantic token match for TOPSHPT"
"POINT","TOPSHPU1","symbols/TOPSHPU1.svg","Q130_3_topmark_E.svg","SEMANTIC_TOKEN","semantic token match for TOPSHPU"
"POINT","TOPSHP78","symbols/TOPSHP78.svg","Q130_3_topmark_E.svg","SEMANTIC_TOKEN","semantic token match for TOPSHP"
"POINT","TOWERS97","symbols/TOWERS97.svg","","UNRESOLVED","no exact/direct/semantic ESRI match; generic category fallback disabled"
"POINT","BOYPIL59","symbols/BOYPIL59.svg","Q22a_Spherical_buoy.svg","SEMANTIC_TOKEN","semantic token match for BOYPIL"
"POINT","BOYSUP66","symbols/BOYSUP66.svg","Q22a_Spherical_buoy.svg","SEMANTIC_TOKEN","semantic token match for BOYSUP"
"POINT","TOPSHP68","symbols/TOPSHP68.svg","Q130_3_topmark_E.svg","SEMANTIC_TOKEN","semantic token match for TOPSHP"
"POINT","TOWERS98","symbols/TOWERS98.svg","","UNRESOLVED","no exact/direct/semantic ESRI match; generic category fallback disabled"
"POINT","TOWERS99","symbols/TOWERS99.svg","","UNRESOLVED","no exact/direct/semantic ESRI match; generic category fallback disabled"
"POINT","TOWERS59","symbols/TOWERS59.svg","","UNRESOLVED","no exact/direct/semantic ESRI match; generic category fallback disabled"
"POINT","TOWERS58","symbols/TOWERS58.svg","","UNRESOLVED","no exact/direct/semantic ESRI match; generic category fallback disabled"
"POINT","TOWERS57","symbols/TOWERS57.svg","","UNRESOLVED","no exact/direct/semantic ESRI match; generic category fallback disabled"
"POINT","TOWERS56","symbols/TOWERS56.svg","","UNRESOLVED","no exact/direct/semantic ESRI match; generic category fallback disabled"
"POINT","TOWERS55","symbols/TOWERS55.svg","","UNRESOLVED","no exact/direct/semantic ESRI match; generic category fallback disabled"
"POINT","BCNTOW74","symbols/BCNTOW74.svg","Q83_Beacon_submerged_rock.svg","SEMANTIC_TOKEN","semantic token match for BCNTOW"
"POINT","TOWERS72","symbols/TOWERS72.svg","","UNRESOLVED","no exact/direct/semantic ESRI match; generic category fallback disabled"
"POINT","TOWERS76","symbols/TOWERS76.svg","","UNRESOLVED","no exact/direct/semantic ESRI match; generic category fallback disabled"
"POINT","TOWERS75","symbols/TOWERS75.svg","","UNRESOLVED","no exact/direct/semantic ESRI match; generic category fallback disabled"
"POINT","TOWERS74","symbols/TOWERS74.svg","","UNRESOLVED","no exact/direct/semantic ESRI match; generic category fallback disabled"
"POINT","TOWERS64","symbols/TOWERS64.svg","","UNRESOLVED","no exact/direct/semantic ESRI match; generic category fallback disabled"
"POINT","TOWERS54","symbols/TOWERS54.svg","","UNRESOLVED","no exact/direct/semantic ESRI match; generic category fallback disabled"
"POINT","TOPSHQ15","symbols/TOPSHQ15.svg","","UNRESOLVED","no exact/direct/semantic ESRI match; generic category fallback disabled"
"POINT","TOPSHQ16","symbols/TOPSHQ16.svg","","UNRESOLVED","no exact/direct/semantic ESRI match; generic category fallback disabled"
"POINT","TOWERS73","symbols/TOWERS73.svg","","UNRESOLVED","no exact/direct/semantic ESRI match; generic category fallback disabled"
"POINT","TOPSHPI3","symbols/TOPSHPI3.svg","Q130_3_topmark_E.svg","SEMANTIC_TOKEN","semantic token match for TOPSHPI"
"POINT","TOPSHPU2","symbols/TOPSHPU2.svg","Q130_3_topmark_E.svg","SEMANTIC_TOKEN","semantic token match for TOPSHPU"
"POINT","TOWERS53","symbols/TOWERS53.svg","","UNRESOLVED","no exact/direct/semantic ESRI match; generic category fallback disabled"
"POINT","TOWERS65","symbols/TOWERS65.svg","","UNRESOLVED","no exact/direct/semantic ESRI match; generic category fallback disabled"
"POINT","TOWERS67","symbols/TOWERS67.svg","","UNRESOLVED","no exact/direct/semantic ESRI match; generic category fallback disabled"
"POINT","TOWERS66","symbols/TOWERS66.svg","","UNRESOLVED","no exact/direct/semantic ESRI match; generic category fallback disabled"
"POINT","TOWERS52","symbols/TOWERS52.svg","","UNRESOLVED","no exact/direct/semantic ESRI match; generic category fallback disabled"
"POINT","TOWERS51","symbols/TOWERS51.svg","","UNRESOLVED","no exact/direct/semantic ESRI match; generic category fallback disabled"
"POINT","TOWERS50","symbols/TOWERS50.svg","","UNRESOLVED","no exact/direct/semantic ESRI match; generic category fallback disabled"
"POINT","TOWERS88","symbols/TOWERS88.svg","","UNRESOLVED","no exact/direct/semantic ESRI match; generic category fallback disabled"
"POINT","TOWERS49","symbols/TOWERS49.svg","","UNRESOLVED","no exact/direct/semantic ESRI match; generic category fallback disabled"
"POINT","TOWERS48","symbols/TOWERS48.svg","","UNRESOLVED","no exact/direct/semantic ESRI match; generic category fallback disabled"
"POINT","WRECKS07","symbols/WRECKS07.svg","K30_Wreck_safe_clearance.svg","SEMANTIC_TOKEN","semantic token match for WRECKS"
"POINT","TOPMAR92","symbols/TOPMAR92.svg","Q9_Arrow.svg","CUSTOM_SYMBOL_MAP","CustomSymbolMap object rule for TOPMAR"
"POINT","TOPSHPD5","symbols/TOPSHPD5.svg","Q130_3_topmark_E.svg","SEMANTIC_TOKEN","semantic token match for TOPSHPD"
"POINT","BCNSTK82","symbols/BCNSTK82.svg","Q83_Beacon_submerged_rock.svg","SEMANTIC_TOKEN","semantic token match for BCNSTK"
"POINT","BCNSTK83","symbols/BCNSTK83.svg","Q83_Beacon_submerged_rock.svg","SEMANTIC_TOKEN","semantic token match for BCNSTK"
"POINT","BOYSPH78","symbols/BOYSPH78.svg","Q22a_Spherical_buoy.svg","SEMANTIC_TOKEN","semantic token match for BOYSPH"
"POINT","TOPMAR90","symbols/TOPMAR90.svg","Q9_Arrow.svg","CUSTOM_SYMBOL_MAP","CustomSymbolMap object rule for TOPMAR"
"POINT","TOPMAR93","symbols/TOPMAR93.svg","Q9_Arrow.svg","CUSTOM_SYMBOL_MAP","CustomSymbolMap object rule for TOPMAR"
"LINE","ACHARE51","lines/ACHARE51.svg","N10_Reported_anchorage.svg","CUSTOM_SYMBOL_MAP","CustomSymbolMap object rule for ACHARE"
"LINE","ACHRES51","lines/ACHRES51.svg","","UNRESOLVED","no exact/direct/semantic ESRI match; generic category fallback disabled"
"LINE","ADMARE01","lines/ADMARE01.svg","","UNRESOLVED","no exact/direct/semantic ESRI match; generic category fallback disabled"
"LINE","ESSARE01","lines/ESSARE01.svg","","UNRESOLVED","no exact/direct/semantic ESRI match; generic category fallback disabled"
"LINE","CBLARE51","lines/CBLARE51.svg","L31_1_PowerCable.svg","SEMANTIC_TOKEN","semantic token match for CBLARE"
"LINE","CBLSUB06","lines/CBLSUB06.svg","L31_1_PowerCable.svg","SEMANTIC_TOKEN","semantic token match for CBLSUB"
"LINE","CHCRDEL1","lines/CHCRDEL1.svg","","UNRESOLVED","no exact/direct/semantic ESRI match; generic category fallback disabled"
"LINE","CHCRID01","lines/CHCRID01.svg","","UNRESOLVED","no exact/direct/semantic ESRI match; generic category fallback disabled"
"LINE","CTNARE51","lines/CTNARE51.svg","","UNRESOLVED","no exact/direct/semantic ESRI match; generic category fallback disabled"
"LINE","CTYARE51","lines/CTYARE51.svg","","UNRESOLVED","no exact/direct/semantic ESRI match; generic category fallback disabled"
"LINE","DWLDEF01","lines/DWLDEF01.svg","","UNRESOLVED","no exact/direct/semantic ESRI match; generic category fallback disabled"
"LINE","DWRTCL05","lines/DWRTCL05.svg","","UNRESOLVED","no exact/direct/semantic ESRI match; generic category fallback disabled"
"LINE","DWRTCL06","lines/DWRTCL06.svg","","UNRESOLVED","no exact/direct/semantic ESRI match; generic category fallback disabled"
"LINE","DWRTCL07","lines/DWRTCL07.svg","","UNRESOLVED","no exact/direct/semantic ESRI match; generic category fallback disabled"
"LINE","DWRTCL08","lines/DWRTCL08.svg","","UNRESOLVED","no exact/direct/semantic ESRI match; generic category fallback disabled"
"LINE","DWRUTE51","lines/DWRUTE51.svg","","UNRESOLVED","no exact/direct/semantic ESRI match; generic category fallback disabled"
"LINE","ENTRES51","lines/ENTRES51.svg","","UNRESOLVED","no exact/direct/semantic ESRI match; generic category fallback disabled"
"LINE","ERBLNA01","lines/ERBLNA01.svg","","UNRESOLVED","no exact/direct/semantic ESRI match; generic category fallback disabled"
"LINE","ERBLNB01","lines/ERBLNB01.svg","","UNRESOLVED","no exact/direct/semantic ESRI match; generic category fallback disabled"
"LINE","FERYRT01","lines/FERYRT01.svg","","UNRESOLVED","no exact/direct/semantic ESRI match; generic category fallback disabled"
"LINE","FERYRT02","lines/FERYRT02.svg","","UNRESOLVED","no exact/direct/semantic ESRI match; generic category fallback disabled"
"LINE","FSHFAC02","lines/FSHFAC02.svg","","UNRESOLVED","no exact/direct/semantic ESRI match; generic category fallback disabled"
"LINE","FSHRES51","lines/FSHRES51.svg","","UNRESOLVED","no exact/direct/semantic ESRI match; generic category fallback disabled"
"LINE","HODATA01","lines/HODATA01.svg","","UNRESOLVED","no exact/direct/semantic ESRI match; generic category fallback disabled"
"LINE","LOWACC01","lines/LOWACC01.svg","","UNRESOLVED","no exact/direct/semantic ESRI match; generic category fallback disabled"
"LINE","LOWACC11","lines/LOWACC11.svg","","UNRESOLVED","no exact/direct/semantic ESRI match; generic category fallback disabled"
"LINE","LOWACC21","lines/LOWACC21.svg","","UNRESOLVED","no exact/direct/semantic ESRI match; generic category fallback disabled"
"LINE","LOWACC31","lines/LOWACC31.svg","","UNRESOLVED","no exact/direct/semantic ESRI match; generic category fallback disabled"
"LINE","LOWACC41","lines/LOWACC41.svg","","UNRESOLVED","no exact/direct/semantic ESRI match; generic category fallback disabled"
"LINE","MARSYS51","lines/MARSYS51.svg","","UNRESOLVED","no exact/direct/semantic ESRI match; generic category fallback disabled"
"LINE","NAVARE51","lines/NAVARE51.svg","","UNRESOLVED","no exact/direct/semantic ESRI match; generic category fallback disabled"
"LINE","PIPARE51","lines/PIPARE51.svg","","UNRESOLVED","no exact/direct/semantic ESRI match; generic category fallback disabled"
"LINE","PIPARE61","lines/PIPARE61.svg","","UNRESOLVED","no exact/direct/semantic ESRI match; generic category fallback disabled"
"LINE","PIPSOL05","lines/PIPSOL05.svg","","UNRESOLVED","no exact/direct/semantic ESRI match; generic category fallback disabled"
"LINE","PIPSOL06","lines/PIPSOL06.svg","","UNRESOLVED","no exact/direct/semantic ESRI match; generic category fallback disabled"
"LINE","PLNRTE03","lines/PLNRTE03.svg","","UNRESOLVED","no exact/direct/semantic ESRI match; generic category fallback disabled"
"LINE","PRCARE51","lines/PRCARE51.svg","","UNRESOLVED","no exact/direct/semantic ESRI match; generic category fallback disabled"
"LINE","QUESMRK1","lines/QUESMRK1.svg","","UNRESOLVED","no exact/direct/semantic ESRI match; generic category fallback disabled"
"LINE","RCRDEF01","lines/RCRDEF01.svg","","UNRESOLVED","no exact/direct/semantic ESRI match; generic category fallback disabled"
"LINE","RCRTCL01","lines/RCRTCL01.svg","","UNRESOLVED","no exact/direct/semantic ESRI match; generic category fallback disabled"
"LINE","RCRTCL02","lines/RCRTCL02.svg","","UNRESOLVED","no exact/direct/semantic ESRI match; generic category fallback disabled"
"LINE","RCRTCL03","lines/RCRTCL03.svg","","UNRESOLVED","no exact/direct/semantic ESRI match; generic category fallback disabled"
"LINE","RCRTCL04","lines/RCRTCL04.svg","","UNRESOLVED","no exact/direct/semantic ESRI match; generic category fallback disabled"
"LINE","RECDEF02","lines/RECDEF02.svg","","UNRESOLVED","no exact/direct/semantic ESRI match; generic category fallback disabled"
"LINE","RECTRC09","lines/RECTRC09.svg","","UNRESOLVED","no exact/direct/semantic ESRI match; generic category fallback disabled"
"LINE","RECTRC10","lines/RECTRC10.svg","","UNRESOLVED","no exact/direct/semantic ESRI match; generic category fallback disabled"
"LINE","RECTRC11","lines/RECTRC11.svg","","UNRESOLVED","no exact/direct/semantic ESRI match; generic category fallback disabled"
"LINE","RECTRC12","lines/RECTRC12.svg","","UNRESOLVED","no exact/direct/semantic ESRI match; generic category fallback disabled"
"LINE","RESARE51","lines/RESARE51.svg","N2_1_RestrictedArea.svg","SEMANTIC_TOKEN","semantic token match for RESARE"
"LINE","SCLBDY51","lines/SCLBDY51.svg","","UNRESOLVED","no exact/direct/semantic ESRI match; generic category fallback disabled"
"LINE","TIDINF51","lines/TIDINF51.svg","","UNRESOLVED","no exact/direct/semantic ESRI match; generic category fallback disabled"
"LINE","UNITFTH1","lines/UNITFTH1.svg","","UNRESOLVED","no exact/direct/semantic ESRI match; generic category fallback disabled"
"LINE","UNITMTR1","lines/UNITMTR1.svg","","UNRESOLVED","no exact/direct/semantic ESRI match; generic category fallback disabled"
"LINE","RCRTCL11","lines/RCRTCL11.svg","","UNRESOLVED","no exact/direct/semantic ESRI match; generic category fallback disabled"
"LINE","RCRTCL12","lines/RCRTCL12.svg","","UNRESOLVED","no exact/direct/semantic ESRI match; generic category fallback disabled"
"LINE","RCRTCL13","lines/RCRTCL13.svg","","UNRESOLVED","no exact/direct/semantic ESRI match; generic category fallback disabled"
"LINE","RCRTCL14","lines/RCRTCL14.svg","","UNRESOLVED","no exact/direct/semantic ESRI match; generic category fallback disabled"
"PATTERN","AIRARE02","patterns/AIRARE02.svg","","UNRESOLVED","no exact/direct/semantic ESRI match; generic category fallback disabled"
"PATTERN","DIAMOND1","patterns/DIAMOND1.svg","","UNRESOLVED","no exact/direct/semantic ESRI match; generic category fallback disabled"
"PATTERN","DQUALA11","patterns/DQUALA11.svg","","UNRESOLVED","no exact/direct/semantic ESRI match; generic category fallback disabled"
"PATTERN","DQUALA21","patterns/DQUALA21.svg","","UNRESOLVED","no exact/direct/semantic ESRI match; generic category fallback disabled"
"PATTERN","DQUALB01","patterns/DQUALB01.svg","","UNRESOLVED","no exact/direct/semantic ESRI match; generic category fallback disabled"
"PATTERN","DQUALC01","patterns/DQUALC01.svg","","UNRESOLVED","no exact/direct/semantic ESRI match; generic category fallback disabled"
"PATTERN","DQUALD01","patterns/DQUALD01.svg","","UNRESOLVED","no exact/direct/semantic ESRI match; generic category fallback disabled"
"PATTERN","DQUALU01","patterns/DQUALU01.svg","","UNRESOLVED","no exact/direct/semantic ESRI match; generic category fallback disabled"
"PATTERN","DRGARE01","patterns/DRGARE01.svg","","UNRESOLVED","no exact/direct/semantic ESRI match; generic category fallback disabled"
"PATTERN","FOULAR11","patterns/FOULAR11.svg","","UNRESOLVED","no exact/direct/semantic ESRI match; generic category fallback disabled"
"PATTERN","FSHFAC03","patterns/FSHFAC03.svg","","UNRESOLVED","no exact/direct/semantic ESRI match; generic category fallback disabled"
"PATTERN","FSHFAC04","patterns/FSHFAC04.svg","","UNRESOLVED","no exact/direct/semantic ESRI match; generic category fallback disabled"
"PATTERN","FSHHAV02","patterns/FSHHAV02.svg","","UNRESOLVED","no exact/direct/semantic ESRI match; generic category fallback disabled"
"PATTERN","ICEARE04","patterns/ICEARE04.svg","","UNRESOLVED","no exact/direct/semantic ESRI match; generic category fallback disabled"
"PATTERN","MARCUL02","patterns/MARCUL02.svg","K48_Marine_farm.svg","CUSTOM_SYMBOL_MAP","CustomSymbolMap object rule for MARCUL"
"PATTERN","MARSHES1","patterns/MARSHES1.svg","","UNRESOLVED","no exact/direct/semantic ESRI match; generic category fallback disabled"
"PATTERN","NODATA03","patterns/NODATA03.svg","","UNRESOLVED","no exact/direct/semantic ESRI match; generic category fallback disabled"
"PATTERN","OVERSC01","patterns/OVERSC01.svg","","UNRESOLVED","no exact/direct/semantic ESRI match; generic category fallback disabled"
"PATTERN","PRTSUR01","patterns/PRTSUR01.svg","","UNRESOLVED","no exact/direct/semantic ESRI match; generic category fallback disabled"
"PATTERN","QUESMRK1","patterns/QUESMRK1.svg","","UNRESOLVED","no exact/direct/semantic ESRI match; generic category fallback disabled"
"PATTERN","RCKLDG01","patterns/RCKLDG01.svg","","UNRESOLVED","no exact/direct/semantic ESRI match; generic category fallback disabled"
"PATTERN","SNDWAV01","patterns/SNDWAV01.svg","","UNRESOLVED","no exact/direct/semantic ESRI match; generic category fallback disabled"
"PATTERN","TSSJCT02","patterns/TSSJCT02.svg","","UNRESOLVED","no exact/direct/semantic ESRI match; generic category fallback disabled"
"PATTERN","VEGATN03","patterns/VEGATN03.svg","C31_1_Deciduous_tree.svg","CUSTOM_SYMBOL_MAP","CustomSymbolMap object rule for VEGATN"
"PATTERN","VEGATN04","patterns/VEGATN04.svg","C31_1_Deciduous_tree.svg","CUSTOM_SYMBOL_MAP","CustomSymbolMap object rule for VEGATN"
"PATTERN","NODATA04","patterns/NODATA04.svg","","UNRESOLVED","no exact/direct/semantic ESRI match; generic category fallback disabled"
"PATTERN","FOULAR02","patterns/FOULAR02.svg","","UNRESOLVED","no exact/direct/semantic ESRI match; generic category fallback disabled"
"PATTERN","FOULAR01","patterns/FOULAR01.svg","","UNRESOLVED","no exact/direct/semantic ESRI match; generic category fallback disabled"
"PATTERN","CROSSX01","patterns/CROSSX01.svg","","UNRESOLVED","no exact/direct/semantic ESRI match; generic category fallback disabled"
"PATTERN","CROSSX02","patterns/CROSSX02.svg","","UNRESOLVED","no exact/direct/semantic ESRI match; generic category fallback disabled"
