opencpnName,category,matchKind,esriName,opencpnColorRefs,opencpnDayColors,opencpnBitmap,matchReason
"ACHARE02","POINT","CUSTOM_SYMBOL_MAP","N10_Reported_anchorage.svg","ACHMGD","","rastersymbols-day.png:10,10,13x16@6,8","CustomSymbolMap object rule for ACHARE"
"ACHARE51","POINT","CUSTOM_SYMBOL_MAP","N10_Reported_anchorage.svg","ADEPMDBCHMGD","","rastersymbols-day.png:373,415,25x29@18,1","CustomSymbolMap object rule for ACHARE"
"ACHBRT07","POINT","UNRESOLVED","","ACHMGD","","rastersymbols-day.png:79,10,16x16@8,8","no exact/direct/semantic ESRI match; generic category fallback disabled"
"ACHRES51","POINT","UNRESOLVED","","ACHMGF","","rastersymbols-day.png:105,10,36x38@-18,-14","no exact/direct/semantic ESRI match; generic category fallback disabled"
"ACHRES61","POINT","UNRESOLVED","","ACHMGFCCHMGD","","rastersymbols-day.png:151,10,42x38@-18,-14","no exact/direct/semantic ESRI match; generic category fallback disabled"
"ACHRES71","POINT","UNRESOLVED","","ACHMGFCCHMGD","","rastersymbols-day.png:203,10,43x38@-12,-14","no exact/direct/semantic ESRI match; generic category fallback disabled"
"AIRARE02","POINT","UNRESOLVED","","ALANDF","","rastersymbols-day.png:256,10,24x24@11,11","no exact/direct/semantic ESRI match; generic category fallback disabled"
"AISDEF01","POINT","UNRESOLVED","","AARPATCCHMGD","","rastersymbols-day.png:290,10,17x23@3,20","no exact/direct/semantic ESRI match; generic category fallback disabled"
"AISONE01","POINT","UNRESOLVED","","AARPAT","","rastersymbols-day.png:317,10,13x6@6,5","no exact/direct/semantic ESRI match; generic category fallback disabled"
"AISSIX01","POINT","UNRESOLVED","","AARPAT","","rastersymbols-day.png:340,10,13x7@6,6","no exact/direct/semantic ESRI match; generic category fallback disabled"
"AISSLP01","POINT","UNRESOLVED","","AARPAT","","rastersymbols-day.png:363,10,9x23@3,20","no exact/direct/semantic ESRI match; generic category fallback disabled"
"AISVES01","POINT","UNRESOLVED","","AARPAT","","rastersymbols-day.png:382,10,15x37@7,29","no exact/direct/semantic ESRI match; generic category fallback disabled"
"ARPATG01","POINT","UNRESOLVED","","eARPAT","","rastersymbols-day.png:407,10,15x15@7,7","no exact/direct/semantic ESRI match; generic category fallback disabled"
"ARPONE01","POINT","UNRESOLVED","","AARPAT","","rastersymbols-day.png:432,10,13x2@-2147483648,-2147483648","no exact/direct/semantic ESRI match; generic category fallback disabled"
"ARPSIX01","POINT","UNRESOLVED","","AARPAT","","rastersymbols-day.png:455,10,13x2@-2147483648,-2147483648","no exact/direct/semantic ESRI match; generic category fallback disabled"
"BCNCAR01","POINT","CUSTOM_SYMBOL_MAP","Q80_Beacon.svg","mOUTLWHCHYLW","","rastersymbols-day.png:478,10,13x19@6,9","CustomSymbolMap object rule for BCNCAR"
"BCNCAR02","POINT","CUSTOM_SYMBOL_MAP","Q80_Beacon.svg","mOUTLWHCHYLW","","rastersymbols-day.png:501,10,13x20@6,10","CustomSymbolMap object rule for BCNCAR"
"BCNCAR03","POINT","CUSTOM_SYMBOL_MAP","Q80_Beacon.svg","mOUTLWHCHYLW","","rastersymbols-day.png:524,10,13x19@6,9","CustomSymbolMap object rule for BCNCAR"
"BCNCAR04","POINT","CUSTOM_SYMBOL_MAP","Q80_Beacon.svg","mOUTLWHCHYLW","","rastersymbols-day.png:547,10,13x19@6,9","CustomSymbolMap object rule for BCNCAR"
"BCNDEF13","POINT","SEMANTIC_TOKEN","Q83_Beacon_submerged_rock.svg","ACHMGDCCHGRDDOUTLW","","rastersymbols-day.png:570,10,16x14@3,6","semantic token match for BCNDEF"
"BCNGEN01","POINT","SEMANTIC_TOKEN","Q83_Beacon_submerged_rock.svg","ADEPMDBCHBLK","","rastersymbols-day.png:147,415,10x18@4,15","semantic token match for BCNGEN"
"BCNGEN03","POINT","SEMANTIC_TOKEN","Q83_Beacon_submerged_rock.svg","ACHMGDCCHBLK","","rastersymbols-day.png:616,10,18x16@4,14","semantic token match for BCNGEN"
"BCNISD21","POINT","CUSTOM_SYMBOL_MAP","Q80_Beacon.svg","AOUTLWCCHRED","","rastersymbols-day.png:644,10,8x17@3,8","CustomSymbolMap object rule for BCNISD"
"BCNLAT15","POINT","CUSTOM_SYMBOL_MAP","Q90_Stake_pole.svg","FCHREDmOUTLW","","rastersymbols-day.png:662,10,7x13@3,6","CustomSymbolMap object rule for BCNLAT"
"BCNLAT16","POINT","CUSTOM_SYMBOL_MAP","Q90_Stake_pole.svg","GCHGRNmOUTLW","","rastersymbols-day.png:679,10,7x13@3,6","CustomSymbolMap object rule for BCNLAT"
"BCNLAT21","POINT","CUSTOM_SYMBOL_MAP","Q90_Stake_pole.svg","aOUTLWbCHRED","","rastersymbols-day.png:696,10,5x15@1,7","CustomSymbolMap object rule for BCNLAT"
"BCNLAT22","POINT","CUSTOM_SYMBOL_MAP","Q90_Stake_pole.svg","aOUTLWbCHGRN","","rastersymbols-day.png:711,10,5x15@1,7","CustomSymbolMap object rule for BCNLAT"
"BCNLTC01","POINT","SEMANTIC_TOKEN","Q83_Beacon_submerged_rock.svg","ADEPMDBCHBLK","","rastersymbols-day.png:802,742,15x18@7,14","semantic token match for BCNLTC"
"BCNSAW13","POINT","CUSTOM_SYMBOL_MAP","Q92_Withy_port.svg","CCHBLKmOUTLWBDEPVS","","rastersymbols-day.png:751,10,7x13@3,6","CustomSymbolMap object rule for BCNSAW"
"BCNSAW21","POINT","CUSTOM_SYMBOL_MAP","Q92_Withy_port.svg","aOUTLWbCHBLKBDEPVS","","rastersymbols-day.png:768,10,5x15@1,7","CustomSymbolMap object rule for BCNSAW"
"BCNSPP13","POINT","CUSTOM_SYMBOL_MAP","Q90_Stake_pole.svg","HCHYLWmOUTLW","","rastersymbols-day.png:783,10,7x13@3,6","CustomSymbolMap object rule for BCNSPP"
"BCNSPP21","POINT","CUSTOM_SYMBOL_MAP","Q90_Stake_pole.svg","aOUTLWbCHYLW","","rastersymbols-day.png:800,10,5x15@1,7","CustomSymbolMap object rule for BCNSPP"
"BCNSTK02","POINT","SEMANTIC_TOKEN","Q83_Beacon_submerged_rock.svg","ADEPMDBCHBLK","","rastersymbols-day.png:527,742,8x16@3,13","semantic token match for BCNSTK"
"BCNTOW01","POINT","SEMANTIC_TOKEN","Q83_Beacon_submerged_rock.svg","ADEPMDBCHBLK","","rastersymbols-day.png:243,742,15x18@7,14","semantic token match for BCNTOW"
"BLKADJ01","POINT","UNRESOLVED","","ABKAJ1BBKAJ2","","rastersymbols-day.png:858,10,58x58@29,30","no exact/direct/semantic ESRI match; generic category fallback disabled"
"BOYBAR01","POINT","SEMANTIC_TOKEN","Q22a_Spherical_buoy.svg","ADEPMDBCHBLKCCHRED","","rastersymbols-day.png:1224,742,24x15@12,11","semantic token match for BOYBAR"
"BOYCAN01","POINT","SEMANTIC_TOKEN","Q22a_Spherical_buoy.svg","CCHBLK","","rastersymbols-day.png:955,10,19x12@8,10","semantic token match for BOYCAN"
"BOYCAR01","POINT","CUSTOM_SYMBOL_MAP","Q23a_Pillar_buoy.svg","HCHYLWmOUTLW","","rastersymbols-day.png:984,10,13x19@8,9","CustomSymbolMap object rule for BOYCAR"
"BOYCAR02","POINT","CUSTOM_SYMBOL_MAP","Q23a_Pillar_buoy.svg","mOUTLWHCHYLW","","rastersymbols-day.png:1007,10,12x20@5,10","CustomSymbolMap object rule for BOYCAR"
"BOYCAR03","POINT","CUSTOM_SYMBOL_MAP","Q23a_Pillar_buoy.svg","mOUTLWHCHYLW","","rastersymbols-day.png:1029,10,13x19@3,9","CustomSymbolMap object rule for BOYCAR"
"BOYCAR04","POINT","CUSTOM_SYMBOL_MAP","Q23a_Pillar_buoy.svg","mOUTLWHCHYLW","","rastersymbols-day.png:1052,10,19x19@9,9","CustomSymbolMap object rule for BOYCAR"
"BOYCON01","POINT","ALIAS","Q20b_Conical_buoy.svg","ADEPMDBCHBLKCCHRED","","rastersymbols-day.png:175,778,19x16@9,12","explicit alias Q20b_Conical_buoy.svg"
"BOYDEF03","POINT","SEMANTIC_TOKEN","Q22a_Spherical_buoy.svg","ACHMGDCCHGRDDOUTLW","","rastersymbols-day.png:1109,10,22x14@6,7","semantic token match for BOYDEF"
"BOYGEN03","POINT","SEMANTIC_TOKEN","Q22a_Spherical_buoy.svg","ADEPMDBCHBLKCCHMGD","","rastersymbols-day.png:1319,742,20x17@7,13","semantic token match for BOYGEN"
"BOYINB01","POINT","CUSTOM_SYMBOL_MAP","L16_Tanker_mooring.svg","CCHBLK","","rastersymbols-day.png:1174,10,26x15@12,13","CustomSymbolMap object rule for BOYINB"
"BOYISD12","POINT","CUSTOM_SYMBOL_MAP","Q23a_Pillar_buoy.svg","AOUTLWCCHRED","","rastersymbols-day.png:1210,10,12x17@5,8","CustomSymbolMap object rule for BOYISD"
"BOYLAT13","POINT","CUSTOM_SYMBOL_MAP","Q23a_Pillar_buoy.svg","ACHGRNBOUTLW","","rastersymbols-day.png:1232,10,14x14@9,9","CustomSymbolMap object rule for BOYLAT"
"BOYLAT14","POINT","CUSTOM_SYMBOL_MAP","Q23a_Pillar_buoy.svg","ACHREDbOUTLW","","rastersymbols-day.png:1256,10,14x14@9,9","CustomSymbolMap object rule for BOYLAT"
"BOYLAT23","POINT","CUSTOM_SYMBOL_MAP","Q23a_Pillar_buoy.svg","ACHGRNBOUTLW","","rastersymbols-day.png:1280,10,16x13@8,6","CustomSymbolMap object rule for BOYLAT"
"BOYLAT24","POINT","CUSTOM_SYMBOL_MAP","Q23a_Pillar_buoy.svg","ACHREDbOUTLW","","rastersymbols-day.png:1306,10,16x13@8,6","CustomSymbolMap object rule for BOYLAT"
"BOYMOR01","POINT","SEMANTIC_TOKEN","Q22a_Spherical_buoy.svg","ADEPMDBCHBLK","","rastersymbols-day.png:240,778,24x18@12,14","semantic token match for BOYMOR"
"BOYMOR03","POINT","SEMANTIC_TOKEN","Q22a_Spherical_buoy.svg","ADEPMDBCHBLKCCHGRN","","rastersymbols-day.png:274,778,19x15@9,11","semantic token match for BOYMOR"
"BOYMOR11","POINT","SEMANTIC_TOKEN","Q22a_Spherical_buoy.svg","ACHBLK","","rastersymbols-day.png:1390,10,23x11@11,5","semantic token match for BOYMOR"
"BOYPIL01","POINT","SEMANTIC_TOKEN","Q22a_Spherical_buoy.svg","ADEPMDBCHBLK","","rastersymbols-day.png:1039,358,18x18@9,14","semantic token match for BOYPIL"
"BOYSAW12","POINT","CUSTOM_SYMBOL_MAP","Q23a_Pillar_buoy.svg","CCHREDmOUTLW","","rastersymbols-day.png:1451,10,13x13@6,6","CustomSymbolMap object rule for BOYSAW"
"BOYSPH01","POINT","ALIAS","Q22a_Spherical_buoy.svg","ADEPMDBCHBLKCCHRED","","rastersymbols-day.png:1290,742,19x15@9,11","explicit alias Q22a_Spherical_buoy.svg"
"BOYSPP11","POINT","CUSTOM_SYMBOL_MAP","Q23a_Pillar_buoy.svg","HCHYLWmOUTLW","","rastersymbols-day.png:37,78,13x13@6,6","CustomSymbolMap object rule for BOYSPP"
"BOYSPP15","POINT","CUSTOM_SYMBOL_MAP","Q23a_Pillar_buoy.svg","ACHYLWBOUTLW","","rastersymbols-day.png:60,78,14x14@9,9","CustomSymbolMap object rule for BOYSPP"
"BOYSPP25","POINT","CUSTOM_SYMBOL_MAP","Q23a_Pillar_buoy.svg","ACHYLWBOUTLW","","rastersymbols-day.png:84,78,16x13@8,6","CustomSymbolMap object rule for BOYSPP"
"BOYSPR01","POINT","SEMANTIC_TOKEN","Q22a_Spherical_buoy.svg","ADEPMDBCHBLKCCHWHTDCHBLK","","rastersymbols-day.png:379,778,10x18@4,15","semantic token match for BOYSPR"
"BOYSUP01","POINT","SEMANTIC_TOKEN","Q22a_Spherical_buoy.svg","ADEPMDBCHBLKCCHRED","","rastersymbols-day.png:45,778,25x16@12,12","semantic token match for BOYSUP"
"BOYSUP02","POINT","SEMANTIC_TOKEN","Q22a_Spherical_buoy.svg","ADEPMDBCHBLKCCHBLK","","rastersymbols-day.png:80,778,25x16@12,12","semantic token match for BOYSUP"
"BOYSUP03","POINT","SEMANTIC_TOKEN","Q22a_Spherical_buoy.svg","ADEPMDBCHBLKCCHRED","","rastersymbols-day.png:303,778,25x16@12,12","semantic token match for BOYSUP"
"BRIDGE01","POINT","UNRESOLVED","","ACHMGD","","rastersymbols-day.png:235,78,13x13@6,6","no exact/direct/semantic ESRI match; generic category fallback disabled"
"BRTHNO01","POINT","UNRESOLVED","","JCHMGD","","rastersymbols-day.png:258,78,21x21@10,10","no exact/direct/semantic ESRI match; generic category fallback disabled"
"BUAARE02","POINT","UNRESOLVED","","ALANDF","","rastersymbols-day.png:289,78,16x16@7,7","no exact/direct/semantic ESRI match; generic category fallback disabled"
"BUIREL01","POINT","UNRESOLVED","","ALANDF","","rastersymbols-day.png:315,78,13x13@6,6","no exact/direct/semantic ESRI match; generic category fallback disabled"
"BUIREL04","POINT","UNRESOLVED","","ALANDF","","rastersymbols-day.png:338,78,18x9@9,4","no exact/direct/semantic ESRI match; generic category fallback disabled"
"BUIREL05","POINT","UNRESOLVED","","ALANDF","","rastersymbols-day.png:366,78,11x15@5,11","no exact/direct/semantic ESRI match; generic category fallback disabled"
"BUIREL13","POINT","UNRESOLVED","","ACHBLK","","rastersymbols-day.png:387,78,13x13@6,6","no exact/direct/semantic ESRI match; generic category fallback disabled"
"BUIREL14","POINT","UNRESOLVED","","ACHBLK","","rastersymbols-day.png:410,78,18x9@9,4","no exact/direct/semantic ESRI match; generic category fallback disabled"
"BUIREL15","POINT","UNRESOLVED","","ACHBLK","","rastersymbols-day.png:438,78,11x14@5,10","no exact/direct/semantic ESRI match; generic category fallback disabled"
"BUISGL01","POINT","CUSTOM_SYMBOL_MAP","E10_Church.svg","WLANDFKCHBRN","","rastersymbols-day.png:459,78,9x9@4,4","CustomSymbolMap object rule for BUISGL"
"BUISGL11","POINT","CUSTOM_SYMBOL_MAP","E10_Church.svg","WLANDFCCHBLK","","rastersymbols-day.png:478,78,9x9@4,4","CustomSymbolMap object rule for BUISGL"
"CAIRNS01","POINT","UNRESOLVED","","ADEPMDBLANDF","","rastersymbols-day.png:399,778,18x17@8,14","no exact/direct/semantic ESRI match; generic category fallback disabled"
"CAIRNS11","POINT","UNRESOLVED","","CCHBLK","","rastersymbols-day.png:522,78,15x15@7,13","no exact/direct/semantic ESRI match; generic category fallback disabled"
"CBLARE51","POINT","UNRESOLVED","","ACHMGF","","rastersymbols-day.png:547,78,12x33@5,16","no exact/direct/semantic ESRI match; generic category fallback disabled"
"CGUSTA02","POINT","UNRESOLVED","","ALANDFBCHWHTCCHMGF","","rastersymbols-day.png:569,78,21x15@0,13","no exact/direct/semantic ESRI match; generic category fallback disabled"
"CHCRDEL1","POINT","UNRESOLVED","","ACHCOR","","rastersymbols-day.png:600,78,24x24@12,11","no exact/direct/semantic ESRI match; generic category fallback disabled"
"CHCRID01","POINT","UNRESOLVED","","ACHCOR","","rastersymbols-day.png:634,78,4x18@1,0","no exact/direct/semantic ESRI match; generic category fallback disabled"
"CHIMNY01","POINT","UNRESOLVED","","WLANDF","","rastersymbols-day.png:648,78,15x20@5,18","no exact/direct/semantic ESRI match; generic category fallback disabled"
"CHIMNY11","POINT","UNRESOLVED","","CCHBLK","","rastersymbols-day.png:673,78,15x20@5,18","no exact/direct/semantic ESRI match; generic category fallback disabled"
"CHINFO06","POINT","UNRESOLVED","","ACHMGD","","rastersymbols-day.png:698,78,16x16@7,7","no exact/direct/semantic ESRI match; generic category fallback disabled"
"CHINFO07","POINT","UNRESOLVED","","ACHMGD","","rastersymbols-day.png:724,78,15x15@7,7","no exact/direct/semantic ESRI match; generic category fallback disabled"
"CHINFO08","POINT","UNRESOLVED","","ANINFO","","rastersymbols-day.png:749,78,15x15@7,7","no exact/direct/semantic ESRI match; generic category fallback disabled"
"CHINFO09","POINT","UNRESOLVED","","ANINFO","","rastersymbols-day.png:774,78,16x16@7,7","no exact/direct/semantic ESRI match; generic category fallback disabled"
"CHINFO10","POINT","UNRESOLVED","","AADINF","","rastersymbols-day.png:800,78,15x15@7,7","no exact/direct/semantic ESRI match; generic category fallback disabled"
"CHINFO11","POINT","UNRESOLVED","","AADINF","","rastersymbols-day.png:825,78,16x16@7,7","no exact/direct/semantic ESRI match; generic category fallback disabled"
"CHKSYM01","POINT","UNRESOLVED","","ACHBLKBOUTLW","","rastersymbols-day.png:851,78,16x15@7,7","no exact/direct/semantic ESRI match; generic category fallback disabled"
"CLRLIN01","POINT","UNRESOLVED","","fNINFO","","rastersymbols-day.png:877,78,11x19@5,18","no exact/direct/semantic ESRI match; generic category fallback disabled"
"CRANES01","POINT","CUSTOM_SYMBOL_MAP","F53_Crane.svg","WLANDF","","rastersymbols-day.png:898,78,18x16@8,14","CustomSymbolMap object rule for CRANES"
"CTNARE51","POINT","UNRESOLVED","","ATRFCF","","rastersymbols-day.png:926,78,29x29@52,-17","no exact/direct/semantic ESRI match; generic category fallback disabled"
"CTYARE51","POINT","UNRESOLVED","","ATRFCF","","rastersymbols-day.png:965,78,29x29@52,-17","no exact/direct/semantic ESRI match; generic category fallback disabled"
"CTYARE71","POINT","UNRESOLVED","","ATRFCFDCHMGD","","rastersymbols-day.png:1004,78,36x29@59,-17","no exact/direct/semantic ESRI match; generic category fallback disabled"
"CURDEF01","POINT","UNRESOLVED","","ACHGRD","","rastersymbols-day.png:1050,78,30x27@14,13","no exact/direct/semantic ESRI match; generic category fallback disabled"
"CURENT01","POINT","UNRESOLVED","","ACHGRD","","rastersymbols-day.png:1090,78,7x27@3,13","no exact/direct/semantic ESRI match; generic category fallback disabled"
"CURSRA01","POINT","UNRESOLVED","","BCURSR","","rastersymbols-day.png:1107,78,30x30@15,14","no exact/direct/semantic ESRI match; generic category fallback disabled"
"CURSRB01","POINT","UNRESOLVED","","ACURSR","","rastersymbols-day.png:1147,78,30x30@14,15","no exact/direct/semantic ESRI match; generic category fallback disabled"
"DANGER01","POINT","UNRESOLVED","","ADEPVSBCHBLK","","rastersymbols-day.png:1187,78,24x19@11,9","no exact/direct/semantic ESRI match; generic category fallback disabled"
"DANGER02","POINT","UNRESOLVED","","ACHBLK","","rastersymbols-day.png:1221,78,24x19@12,9","no exact/direct/semantic ESRI match; generic category fallback disabled"
"DANGER03","POINT","UNRESOLVED","","ADEPITBCHBLK","","rastersymbols-day.png:1255,78,24x19@11,9","no exact/direct/semantic ESRI match; generic category fallback disabled"
"DAYSQR01","POINT","UNRESOLVED","","ADEPMDBCHMGD","","rastersymbols-day.png:433,358,15x22@7,20","no exact/direct/semantic ESRI match; generic category fallback disabled"
"DAYSQR21","POINT","UNRESOLVED","","ADEPMDBCHMGD","","rastersymbols-day.png:458,358,15x23@7,20","no exact/direct/semantic ESRI match; generic category fallback disabled"
"DAYTRI01","POINT","UNRESOLVED","","ADEPMDBCHMGD","","rastersymbols-day.png:508,358,19x23@9,21","no exact/direct/semantic ESRI match; generic category fallback disabled"
"DAYTRI05","POINT","UNRESOLVED","","ADEPMDBCHMGD","","rastersymbols-day.png:537,358,19x22@9,20","no exact/direct/semantic ESRI match; generic category fallback disabled"
"DAYTRI21","POINT","UNRESOLVED","","ADEPMDBCHMGD","","rastersymbols-day.png:566,358,19x25@9,22","no exact/direct/semantic ESRI match; generic category fallback disabled"
"DAYTRI25","POINT","UNRESOLVED","","ADEPMDBCHMGD","","rastersymbols-day.png:595,358,19x23@9,20","no exact/direct/semantic ESRI match; generic category fallback disabled"
"DIRBOY01","POINT","SEMANTIC_TOKEN","Q22a_Spherical_buoy.svg","ACHMGD","","rastersymbols-day.png:10,121,38x25@-74,12","semantic token match for DIRBOY"
"DIRBOYA1","POINT","SEMANTIC_TOKEN","Q22a_Spherical_buoy.svg","ACHMGDBCHREDCCHGRN","","rastersymbols-day.png:58,121,38x25@-74,12","semantic token match for DIRBOYA"
"DIRBOYB1","POINT","SEMANTIC_TOKEN","Q22a_Spherical_buoy.svg","ACHMGDBCHGRNCCHRED","","rastersymbols-day.png:106,121,38x25@-74,12","semantic token match for DIRBOYB"
"DISMAR03","POINT","UNRESOLVED","","ACHMGD","","rastersymbols-day.png:154,121,26x13@15,8","no exact/direct/semantic ESRI match; generic category fallback disabled"
"DISMAR04","POINT","UNRESOLVED","","ACHMGD","","rastersymbols-day.png:190,121,17x13@5,8","no exact/direct/semantic ESRI match; generic category fallback disabled"
"DNGHILIT","POINT","SEMANTIC_TOKEN","S1_Ra_transponder_wLight.svg","SDNGHL","","rastersymbols-day.png:217,121,18x18@9,9","semantic token match for DNGHILIT"
"DOMES001","POINT","UNRESOLVED","","ALANDF","","rastersymbols-day.png:245,121,16x13@7,11","no exact/direct/semantic ESRI match; generic category fallback disabled"
"DOMES011","POINT","UNRESOLVED","","ACHBLK","","rastersymbols-day.png:271,121,16x13@7,11","no exact/direct/semantic ESRI match; generic category fallback disabled"
"DSHAER01","POINT","UNRESOLVED","","WLANDF","","rastersymbols-day.png:297,121,11x16@5,14","no exact/direct/semantic ESRI match; generic category fallback disabled"
"DSHAER11","POINT","UNRESOLVED","","CCHBLK","","rastersymbols-day.png:318,121,11x16@5,14","no exact/direct/semantic ESRI match; generic category fallback disabled"
"DWRTPT51","POINT","UNRESOLVED","","ATRFCF","","rastersymbols-day.png:339,121,46x28@21,51","no exact/direct/semantic ESRI match; generic category fallback disabled"
"DWRUTE51","POINT","UNRESOLVED","","ATRFCD","","rastersymbols-day.png:395,121,19x44@8,22","no exact/direct/semantic ESRI match; generic category fallback disabled"
"EBBSTR01","POINT","UNRESOLVED","","ACHGRD","","rastersymbols-day.png:424,121,7x26@2,15","no exact/direct/semantic ESRI match; generic category fallback disabled"
"EBLVRM11","POINT","UNRESOLVED","","CNINFO","","rastersymbols-day.png:441,121,7x7@3,3","no exact/direct/semantic ESRI match; generic category fallback disabled"
"ENTRES51","POINT","UNRESOLVED","","ATRFCF","","rastersymbols-day.png:458,121,29x29@58,25","no exact/direct/semantic ESRI match; generic category fallback disabled"
"ENTRES61","POINT","UNRESOLVED","","ATRFCFCCHMGD","","rastersymbols-day.png:497,121,35x30@58,25","no exact/direct/semantic ESRI match; generic category fallback disabled"
"ENTRES71","POINT","UNRESOLVED","","ATRFCFCCHMGD","","rastersymbols-day.png:542,121,36x29@65,25","no exact/direct/semantic ESRI match; generic category fallback disabled"
"ERBLTIK1","POINT","UNRESOLVED","","ANINFO","","rastersymbols-day.png:588,121,36x5@23,0","no exact/direct/semantic ESRI match; generic category fallback disabled"
"EVENTS02","POINT","UNRESOLVED","","fNINFO","","rastersymbols-day.png:634,121,13x10@6,5","no exact/direct/semantic ESRI match; generic category fallback disabled"
"FAIRWY51","POINT","UNRESOLVED","","ACHGRD","","rastersymbols-day.png:657,121,19x40@8,22","no exact/direct/semantic ESRI match; generic category fallback disabled"
"FAIRWY52","POINT","UNRESOLVED","","ACHGRD","","rastersymbols-day.png:686,121,18x40@8,22","no exact/direct/semantic ESRI match; generic category fallback disabled"
"FLASTK01","POINT","UNRESOLVED","","WLANDF","","rastersymbols-day.png:714,121,10x19@4,17","no exact/direct/semantic ESRI match; generic category fallback disabled"
"FLASTK11","POINT","UNRESOLVED","","CCHBLK","","rastersymbols-day.png:734,121,10x19@4,17","no exact/direct/semantic ESRI match; generic category fallback disabled"
"FLDSTR01","POINT","UNRESOLVED","","ACHGRD","","rastersymbols-day.png:754,121,7x27@2,13","no exact/direct/semantic ESRI match; generic category fallback disabled"
"FLGSTF01","POINT","UNRESOLVED","","WLANDF","","rastersymbols-day.png:771,121,10x16@4,14","no exact/direct/semantic ESRI match; generic category fallback disabled"
"FOGSIG01","POINT","CUSTOM_SYMBOL_MAP","R1_Fog_signal.svg","JCHMGF","","rastersymbols-day.png:791,121,12x13@15,-3","CustomSymbolMap object rule for FOGSIG"
"FORSTC01","POINT","UNRESOLVED","","WLANDF","","rastersymbols-day.png:813,121,13x13@6,6","no exact/direct/semantic ESRI match; generic category fallback disabled"
"FORSTC11","POINT","UNRESOLVED","","CCHBLK","","rastersymbols-day.png:836,121,13x13@6,6","no exact/direct/semantic ESRI match; generic category fallback disabled"
"FOULGND1","POINT","UNRESOLVED","","ACHGRD","","rastersymbols-day.png:859,121,12x10@6,5","no exact/direct/semantic ESRI match; generic category fallback disabled"
"FRYARE51","POINT","UNRESOLVED","","ACHMGF","","rastersymbols-day.png:881,121,74x10@37,4","no exact/direct/semantic ESRI match; generic category fallback disabled"
"FRYARE52","POINT","UNRESOLVED","","ACHBLK","","rastersymbols-day.png:965,121,74x10@37,4","no exact/direct/semantic ESRI match; generic category fallback disabled"
"FSHFAC02","POINT","UNRESOLVED","","ACHGRD","","rastersymbols-day.png:1049,121,16x14@8,6","no exact/direct/semantic ESRI match; generic category fallback disabled"
"FSHFAC03","POINT","UNRESOLVED","","ACHGRD","","rastersymbols-day.png:1075,121,19x6@12,3","no exact/direct/semantic ESRI match; generic category fallback disabled"
"FSHGRD01","POINT","UNRESOLVED","","ACHGRD","","rastersymbols-day.png:1104,121,33x14@21,7","no exact/direct/semantic ESRI match; generic category fallback disabled"
"FSHHAV01","POINT","UNRESOLVED","","DCHGRD","","rastersymbols-day.png:1147,121,29x19@19,9","no exact/direct/semantic ESRI match; generic category fallback disabled"
"FSHRES51","POINT","UNRESOLVED","","ACHMGF","","rastersymbols-day.png:1186,121,30x19@-33,32","no exact/direct/semantic ESRI match; generic category fallback disabled"
"FSHRES61","POINT","UNRESOLVED","","ACHMGFECHMGD","","rastersymbols-day.png:1226,121,34x19@-32,31","no exact/direct/semantic ESRI match; generic category fallback disabled"
"FSHRES71","POINT","UNRESOLVED","","ACHMGFECHMGD","","rastersymbols-day.png:1270,121,38x19@-24,32","no exact/direct/semantic ESRI match; generic category fallback disabled"
"GATCON03","POINT","UNRESOLVED","","JTRFCD","","rastersymbols-day.png:1318,121,21x21@10,10","no exact/direct/semantic ESRI match; generic category fallback disabled"
"GATCON04","POINT","UNRESOLVED","","JTRFCD","","rastersymbols-day.png:1349,121,21x21@10,10","no exact/direct/semantic ESRI match; generic category fallback disabled"
"HILTOP01","POINT","UNRESOLVED","","ALANDF","","rastersymbols-day.png:1380,121,30x25@15,13","no exact/direct/semantic ESRI match; generic category fallback disabled"
"HILTOP11","POINT","UNRESOLVED","","ACHBLK","","rastersymbols-day.png:1420,121,30x25@15,13","no exact/direct/semantic ESRI match; generic category fallback disabled"
"HRBFAC09","POINT","CUSTOM_SYMBOL_MAP","F10_Fishing_harbor.svg","ACHMGD","","rastersymbols-day.png:10,175,18x18@9,8","CustomSymbolMap object rule for HRBFAC"
"HULKES01","POINT","UNRESOLVED","","XCSTLNECHBRN","","rastersymbols-day.png:38,175,15x9@8,4","no exact/direct/semantic ESRI match; generic category fallback disabled"
"INFARE51","POINT","UNRESOLVED","","ACHMGF","","rastersymbols-day.png:63,175,24x24@-41,7","no exact/direct/semantic ESRI match; generic category fallback disabled"
"INFORM01","POINT","UNRESOLVED","","ACHMGD","","rastersymbols-day.png:97,175,47x47@5,41","no exact/direct/semantic ESRI match; generic category fallback disabled"
"ISODGR01","POINT","UNRESOLVED","","RISDNG","","rastersymbols-day.png:154,175,21x21@10,10","no exact/direct/semantic ESRI match; generic category fallback disabled"
"ITZARE51","POINT","UNRESOLVED","","ACHMGF","","rastersymbols-day.png:185,175,34x27@14,11","no exact/direct/semantic ESRI match; generic category fallback disabled"
"LIGHTDEF","POINT","SEMANTIC_TOKEN","S1_Ra_transponder_wLight.svg","ICHMGD","","rastersymbols-day.png:247,205,22x22@0,20","semantic token match for LIGHTDEF"
"LIGHTS11","POINT","SEMANTIC_TOKEN","S1_Ra_transponder_wLight.svg","PLITRD^CHBLK","","rastersymbols-day.png:247,175,22x22@0,0","semantic token match for LIGHTS"
"LIGHTS12","POINT","SEMANTIC_TOKEN","S1_Ra_transponder_wLight.svg","PLITGN^CHBLK","","rastersymbols-day.png:278,205,22x22@0,0","semantic token match for LIGHTS"
"LIGHTS13","POINT","SEMANTIC_TOKEN","S1_Ra_transponder_wLight.svg","PLITYW^CHBLK","","rastersymbols-day.png:278,175,22x22@0,0","semantic token match for LIGHTS"
"LIGHTS81","POINT","SEMANTIC_TOKEN","S1_Ra_transponder_wLight.svg","ACHMGD","","rastersymbols-day.png:307,175,12x9@6,4","semantic token match for LIGHTS"
"LIGHTS82","POINT","ALIAS","P1_Light.svg","ACHMGD","","rastersymbols-day.png:329,175,18x10@24,12","explicit alias P1_Light.svg"
"LITFLT01","POINT","CUSTOM_SYMBOL_MAP","Q30_Light_float.svg","ADEPMDBCHBLK","","rastersymbols-day.png:338,778,31x14@15,9","CustomSymbolMap object rule for LITFLT"
"LITFLT02","POINT","CUSTOM_SYMBOL_MAP","Q30_Light_float.svg","ACHBLK","","rastersymbols-day.png:394,175,19x8@10,4","CustomSymbolMap object rule for LITFLT"
"LITVES01","POINT","CUSTOM_SYMBOL_MAP","Q32_Light_vessel.svg","ADEPMDBCHBLK","","rastersymbols-day.png:1349,742,31x23@15,20","CustomSymbolMap object rule for LITVES"
"LITVES02","POINT","CUSTOM_SYMBOL_MAP","Q32_Light_vessel.svg","ACHBLK","","rastersymbols-day.png:460,175,23x12@12,5","CustomSymbolMap object rule for LITVES"
"LNDARE01","POINT","SEMANTIC_TOKEN","K10_LandPoint.svg","VLANDAXCSTLN","","rastersymbols-day.png:493,175,7x7@3,3","semantic token match for LNDARE"
"LOCMAG01","POINT","UNRESOLVED","","ACHMGD","","rastersymbols-day.png:510,175,7x28@3,14","no exact/direct/semantic ESRI match; generic category fallback disabled"
"LOCMAG51","POINT","UNRESOLVED","","ACHMGF","","rastersymbols-day.png:527,175,12x54@7,-62","no exact/direct/semantic ESRI match; generic category fallback disabled"
"LOWACC01","POINT","UNRESOLVED","","ACHBLK","","rastersymbols-day.png:549,175,34x37@36,39","no exact/direct/semantic ESRI match; generic category fallback disabled"
"MAGVAR01","POINT","UNRESOLVED","","ACHMGD","","rastersymbols-day.png:593,175,7x27@3,13","no exact/direct/semantic ESRI match; generic category fallback disabled"
"MAGVAR51","POINT","UNRESOLVED","","ACHMGF","","rastersymbols-day.png:610,175,12x54@7,107","no exact/direct/semantic ESRI match; generic category fallback disabled"
"MARCUL02","POINT","CUSTOM_SYMBOL_MAP","K48_Marine_farm.svg","ACHGRD","","rastersymbols-day.png:632,175,21x13@11,6","CustomSymbolMap object rule for MARCUL"
"MONUMT02","POINT","UNRESOLVED","","ALANDF","","rastersymbols-day.png:663,175,13x13@6,11","no exact/direct/semantic ESRI match; generic category fallback disabled"
"MONUMT12","POINT","UNRESOLVED","","ACHBLK","","rastersymbols-day.png:686,175,13x13@6,11","no exact/direct/semantic ESRI match; generic category fallback disabled"
"MORFAC03","POINT","CUSTOM_SYMBOL_MAP","Q40a_Mooring_buoy.svg","ALANDABCHBLK","","rastersymbols-day.png:709,175,9x9@5,4","CustomSymbolMap object rule for MORFAC"
"MORFAC04","POINT","CUSTOM_SYMBOL_MAP","Q40a_Mooring_buoy.svg","ACHBLK","","rastersymbols-day.png:728,175,11x16@5,16","CustomSymbolMap object rule for MORFAC"
"MSTCON04","POINT","UNRESOLVED","","WLANDF","","rastersymbols-day.png:749,175,10x20@4,18","no exact/direct/semantic ESRI match; generic category fallback disabled"
"MSTCON14","POINT","UNRESOLVED","","CCHBLK","","rastersymbols-day.png:769,175,10x20@4,18","no exact/direct/semantic ESRI match; generic category fallback disabled"
"NORTHAR1","POINT","UNRESOLVED","","ASCLBR","","rastersymbols-day.png:789,175,12x44@5,24","no exact/direct/semantic ESRI match; generic category fallback disabled"
"NOTBRD11","POINT","UNRESOLVED","","ADEPMDBCHBLK","","rastersymbols-day.png:427,778,12x18@5,15","no exact/direct/semantic ESRI match; generic category fallback disabled"
"OBSTRN01","POINT","CUSTOM_SYMBOL_MAP","Q42_Ground_tackle.svg","ADEPVSBCHBLK","","rastersymbols-day.png:831,175,13x13@6,6","CustomSymbolMap object rule for OBSTRN"
"OBSTRN02","POINT","CUSTOM_SYMBOL_MAP","Q42_Ground_tackle.svg","ACHBLK","","rastersymbols-day.png:854,175,13x13@6,6","CustomSymbolMap object rule for OBSTRN"
"OBSTRN03","POINT","CUSTOM_SYMBOL_MAP","Q42_Ground_tackle.svg","ADEPITBCHBLK","","rastersymbols-day.png:877,175,13x13@6,6","CustomSymbolMap object rule for OBSTRN"
"OBSTRN18","POINT","CUSTOM_SYMBOL_MAP","Q42_Ground_tackle.svg","BCSTLNALANDA","","rastersymbols-day.png:900,175,7x7@3,3","CustomSymbolMap object rule for OBSTRN"
"OFSPLF01","POINT","CUSTOM_SYMBOL_MAP","L10_Offshore_platform.svg","CCHBLK","","rastersymbols-day.png:917,175,13x13@6,6","CustomSymbolMap object rule for OFSPLF"
"OSPONE02","POINT","UNRESOLVED","","ASHIPS","","rastersymbols-day.png:940,175,13x2@-2147483648,-2147483648","no exact/direct/semantic ESRI match; generic category fallback disabled"
"OSPSIX02","POINT","UNRESOLVED","","ASHIPS","","rastersymbols-day.png:963,175,13x2@-2147483648,-2147483648","no exact/direct/semantic ESRI match; generic category fallback disabled"
"OWNSHP01","POINT","UNRESOLVED","","ASHIPS","","rastersymbols-day.png:986,175,29x29@14,14","no exact/direct/semantic ESRI match; generic category fallback disabled"
"OWNSHP05","POINT","UNRESOLVED","","ASHIPS","","rastersymbols-day.png:1025,175,13x49@5,24","no exact/direct/semantic ESRI match; generic category fallback disabled"
"PASTRK01","POINT","UNRESOLVED","","APSTRK","","rastersymbols-day.png:1048,175,13x2@-2147483648,-2147483648","no exact/direct/semantic ESRI match; generic category fallback disabled"
"PASTRK02","POINT","UNRESOLVED","","ASYTRK","","rastersymbols-day.png:1071,175,13x2@-2147483648,-2147483648","no exact/direct/semantic ESRI match; generic category fallback disabled"
"PILBOP02","POINT","CUSTOM_SYMBOL_MAP","T1_pilot_boarding_place.svg","ADEPDWBCHBLKCDEPMDDCHMGD","","rastersymbols-day.png:736,778,17x17@8,8","CustomSymbolMap object rule for PILBOP"
"PILPNT02","POINT","CUSTOM_SYMBOL_MAP","F22_Post.svg","CCHBLK","","rastersymbols-day.png:1120,175,7x7@3,3","CustomSymbolMap object rule for PILPNT"
"PLNPOS01","POINT","UNRESOLVED","","kPLRTE","","rastersymbols-day.png:1137,175,69x28@-1,0","no exact/direct/semantic ESRI match; generic category fallback disabled"
"PLNPOS02","POINT","UNRESOLVED","","APLRTE","","rastersymbols-day.png:1216,175,13x2@-2147483648,-2147483648","no exact/direct/semantic ESRI match; generic category fallback disabled"
"PLNSPD03","POINT","UNRESOLVED","","APLRTE","","rastersymbols-day.png:1239,175,25x18@-5,-3","no exact/direct/semantic ESRI match; generic category fallback disabled"
"PLNSPD04","POINT","UNRESOLVED","","AAPLRT","","rastersymbols-day.png:1274,175,25x18@-5,-3","no exact/direct/semantic ESRI match; generic category fallback disabled"
"POSGEN01","POINT","UNRESOLVED","","WLANDF","","rastersymbols-day.png:1309,175,13x13@6,6","no exact/direct/semantic ESRI match; generic category fallback disabled"
"POSGEN03","POINT","UNRESOLVED","","WCHBLK","","rastersymbols-day.png:1332,175,13x13@6,6","no exact/direct/semantic ESRI match; generic category fallback disabled"
"POSGEN04","POINT","UNRESOLVED","","WCHBLK","","rastersymbols-day.png:1355,175,7x7@3,3","no exact/direct/semantic ESRI match; generic category fallback disabled"
"POSITN02","POINT","UNRESOLVED","","fNINFO","","rastersymbols-day.png:1372,175,18x18@9,9","no exact/direct/semantic ESRI match; generic category fallback disabled"
"PRCARE12","POINT","UNRESOLVED","","ATRFCD","","rastersymbols-day.png:1400,175,16x16@5,9","no exact/direct/semantic ESRI match; generic category fallback disabled"
"PRCARE51","POINT","UNRESOLVED","","ATRFCF","","rastersymbols-day.png:1422,175,31x38@14,-25","no exact/direct/semantic ESRI match; generic category fallback disabled"
"PRDINS02","POINT","UNRESOLVED","","WLANDFKCHBRN","","rastersymbols-day.png:10,239,16x13@7,8","no exact/direct/semantic ESRI match; generic category fallback disabled"
"PRICKE03","POINT","UNRESOLVED","","ADEPMDBCHBLK","","rastersymbols-day.png:449,778,13x20@6,18","no exact/direct/semantic ESRI match; generic category fallback disabled"
"PRICKE04","POINT","UNRESOLVED","","ADEPMDBCHBLK","","rastersymbols-day.png:472,778,13x20@6,18","no exact/direct/semantic ESRI match; generic category fallback disabled"
"QUAPOS01","POINT","UNRESOLVED","","ACHBLK","","rastersymbols-day.png:521,415,22x21@21,20","no exact/direct/semantic ESRI match; generic category fallback disabled"
"QUARRY01","POINT","UNRESOLVED","","ALANDF","","rastersymbols-day.png:96,239,21x21@11,12","no exact/direct/semantic ESRI match; generic category fallback disabled"
"QUESMRK1","POINT","UNRESOLVED","","ACHMGD","","rastersymbols-day.png:127,239,8x14@3,7","no exact/direct/semantic ESRI match; generic category fallback disabled"
"RACNSP01","POINT","UNRESOLVED","","ACHMGD","","rastersymbols-day.png:145,239,19x19@9,9","no exact/direct/semantic ESRI match; generic category fallback disabled"
"RADRFL03","POINT","CUSTOM_SYMBOL_MAP","S5_Radar_conspicuous.svg","ACHMGD","","rastersymbols-day.png:174,239,19x19@9,9","CustomSymbolMap object rule for RADRFL"
"RASCAN01","POINT","UNRESOLVED","","ALANDF","","rastersymbols-day.png:203,239,13x17@6,15","no exact/direct/semantic ESRI match; generic category fallback disabled"
"RASCAN11","POINT","UNRESOLVED","","ACHBLK","","rastersymbols-day.png:226,239,13x17@6,15","no exact/direct/semantic ESRI match; generic category fallback disabled"
"RCLDEF01","POINT","UNRESOLVED","","ACHMGD","","rastersymbols-day.png:249,239,36x31@18,15","no exact/direct/semantic ESRI match; generic category fallback disabled"
"RCTLPT52","POINT","UNRESOLVED","","ATRFCD","","rastersymbols-day.png:295,239,18x41@8,20","no exact/direct/semantic ESRI match; generic category fallback disabled"
"RDOCAL02","POINT","CUSTOM_SYMBOL_MAP","M40_1b_Radio_calling_in.svg","ATRFCD","","rastersymbols-day.png:323,239,14x22@6,15","CustomSymbolMap object rule for RDOCAL"
"RDOCAL03","POINT","CUSTOM_SYMBOL_MAP","M40_1b_Radio_calling_in.svg","ATRFCD","","rastersymbols-day.png:347,239,14x31@6,15","CustomSymbolMap object rule for RDOCAL"
"RDOSTA02","POINT","CUSTOM_SYMBOL_MAP","S1_Ra_transponder_bn.svg","ACHMGD","","rastersymbols-day.png:371,239,18x18@9,8","CustomSymbolMap object rule for RDOSTA"
"RECDEF51","POINT","UNRESOLVED","","ACHGRD","","rastersymbols-day.png:399,239,50x14@27,7","no exact/direct/semantic ESRI match; generic category fallback disabled"
"RECTRC55","POINT","UNRESOLVED","","ACHGRD","","rastersymbols-day.png:459,239,10x50@4,24","no exact/direct/semantic ESRI match; generic category fallback disabled"
"RECTRC56","POINT","UNRESOLVED","","ACHGRD","","rastersymbols-day.png:479,239,10x44@4,22","no exact/direct/semantic ESRI match; generic category fallback disabled"
"RECTRC57","POINT","UNRESOLVED","","ACHGRD","","rastersymbols-day.png:499,239,10x30@4,14","no exact/direct/semantic ESRI match; generic category fallback disabled"
"RECTRC58","POINT","UNRESOLVED","","ACHGRD","","rastersymbols-day.png:519,239,10x36@4,18","no exact/direct/semantic ESRI match; generic category fallback disabled"
"REFPNT02","POINT","UNRESOLVED","","fNINFO","","rastersymbols-day.png:539,239,30x30@15,15","no exact/direct/semantic ESRI match; generic category fallback disabled"
"RETRFL01","POINT","UNRESOLVED","","ACHMGD","","rastersymbols-day.png:579,239,7x11@-9,10","no exact/direct/semantic ESRI match; generic category fallback disabled"
"RETRFL02","POINT","UNRESOLVED","","ACHMGD","","rastersymbols-day.png:596,239,7x11@-8,5","no exact/direct/semantic ESRI match; generic category fallback disabled"
"RFNERY01","POINT","UNRESOLVED","","ALANDF","","rastersymbols-day.png:613,239,21x21@10,10","no exact/direct/semantic ESRI match; generic category fallback disabled"
"RFNERY11","POINT","UNRESOLVED","","ACHBLK","","rastersymbols-day.png:644,239,21x21@10,11","no exact/direct/semantic ESRI match; generic category fallback disabled"
"ROLROL01","POINT","UNRESOLVED","","ACHBLK","","rastersymbols-day.png:675,239,24x10@12,4","no exact/direct/semantic ESRI match; generic category fallback disabled"
"RSCSTA02","POINT","UNRESOLVED","","ACHBLK","","rastersymbols-day.png:1258,742,22x21@21,20","no exact/direct/semantic ESRI match; generic category fallback disabled"
"RSRDEF51","POINT","UNRESOLVED","","ATRFCFDCHMGD","","rastersymbols-day.png:732,239,29x29@57,25","no exact/direct/semantic ESRI match; generic category fallback disabled"
"RTLDEF51","POINT","UNRESOLVED","","ATRFCDICHMGD","","rastersymbols-day.png:771,239,35x41@18,20","no exact/direct/semantic ESRI match; generic category fallback disabled"
"RTPBCN02","POINT","CUSTOM_SYMBOL_MAP","S1_Ra_transponder_bn.svg","ACHMGD","","rastersymbols-day.png:816,239,20x19@10,9","CustomSymbolMap object rule for RTPBCN"
"SCALEB10","POINT","UNRESOLVED","","ASCLBRDCHGRD","","rastersymbols-day.png:846,239,2x58@0,58","no exact/direct/semantic ESRI match; generic category fallback disabled"
"SCALEB11","POINT","UNRESOLVED","","ASNDG2DSNDG1","","rastersymbols-day.png:858,239,2x58@0,58","no exact/direct/semantic ESRI match; generic category fallback disabled"
"SILBUI01","POINT","UNRESOLVED","","WLANDFKCHBRN","","rastersymbols-day.png:870,239,10x10@5,5","no exact/direct/semantic ESRI match; generic category fallback disabled"
"SILBUI11","POINT","UNRESOLVED","","WLANDFCCHBLK","","rastersymbols-day.png:890,239,10x10@5,5","no exact/direct/semantic ESRI match; generic category fallback disabled"
"SISTAT02","POINT","UNRESOLVED","","ACHWHTBLANDFCCHMGF","","rastersymbols-day.png:910,239,20x13@0,0","no exact/direct/semantic ESRI match; generic category fallback disabled"
"SMCFAC02","POINT","UNRESOLVED","","ACHMGD","","rastersymbols-day.png:940,239,21x21@10,10","no exact/direct/semantic ESRI match; generic category fallback disabled"
"SNDWAV02","POINT","UNRESOLVED","","ACHGRD","","rastersymbols-day.png:971,239,35x6@19,3","no exact/direct/semantic ESRI match; generic category fallback disabled"
"SOUNDGB1","POINT","UNRESOLVED","","YSNDG1","","","no exact/direct/semantic ESRI match; generic category fallback disabled"
"SOUNDGC2","POINT","UNRESOLVED","","ASNDG1","","","no exact/direct/semantic ESRI match; generic category fallback disabled"
"SOUNDSA1","POINT","UNRESOLVED","","ZSNDG2","","","no exact/direct/semantic ESRI match; generic category fallback disabled"
"SOUNDSB1","POINT","UNRESOLVED","","ZSNDG2","","","no exact/direct/semantic ESRI match; generic category fallback disabled"
"SOUNDSC2","POINT","UNRESOLVED","","ASNDG1","","","no exact/direct/semantic ESRI match; generic category fallback disabled"
"SPRING02","POINT","UNRESOLVED","","ECHGRD","","rastersymbols-day.png:1016,239,10x11@4,10","no exact/direct/semantic ESRI match; generic category fallback disabled"
"SWPARE51","POINT","UNRESOLVED","","ACHGRF","","rastersymbols-day.png:1036,239,33x10@18,10","no exact/direct/semantic ESRI match; generic category fallback disabled"
"TIDCUR01","POINT","UNRESOLVED","","ANINFO","","rastersymbols-day.png:1079,239,13x44@5,18","no exact/direct/semantic ESRI match; generic category fallback disabled"
"TIDCUR02","POINT","UNRESOLVED","","fNINFO","","rastersymbols-day.png:1102,239,13x36@6,18","no exact/direct/semantic ESRI match; generic category fallback disabled"
"TIDCUR03","POINT","UNRESOLVED","","fNINFO","","rastersymbols-day.png:1125,239,25x15@34,-17","no exact/direct/semantic ESRI match; generic category fallback disabled"
"TIDEHT01","POINT","UNRESOLVED","","ACHGRD","","rastersymbols-day.png:1160,239,27x11@12,5","no exact/direct/semantic ESRI match; generic category fallback disabled"
"TIDSTR01","POINT","UNRESOLVED","","ACHGRD","","rastersymbols-day.png:1197,239,17x17@8,8","no exact/direct/semantic ESRI match; generic category fallback disabled"
"TMARDEF1","POINT","UNRESOLVED","","ACHBLK","","rastersymbols-day.png:1224,239,2x11@0,29","no exact/direct/semantic ESRI match; generic category fallback disabled"
"TMARDEF2","POINT","UNRESOLVED","","ACHBLK","","rastersymbols-day.png:1236,239,5x12@-2,28","no exact/direct/semantic ESRI match; generic category fallback disabled"
"TMBYRD01","POINT","UNRESOLVED","","WLANDF","","rastersymbols-day.png:1251,239,13x13@6,6","no exact/direct/semantic ESRI match; generic category fallback disabled"
"TNKCON02","POINT","UNRESOLVED","","ALANDF","","rastersymbols-day.png:1274,239,9x9@4,4","no exact/direct/semantic ESRI match; generic category fallback disabled"
"TNKCON12","POINT","UNRESOLVED","","ACHBLK","","rastersymbols-day.png:1293,239,9x9@4,4","no exact/direct/semantic ESRI match; generic category fallback disabled"
"TNKFRM01","POINT","UNRESOLVED","","ALANDF","","rastersymbols-day.png:1312,239,23x23@11,12","no exact/direct/semantic ESRI match; generic category fallback disabled"
"TNKFRM11","POINT","UNRESOLVED","","ACHBLK","","rastersymbols-day.png:1345,239,23x23@11,12","no exact/direct/semantic ESRI match; generic category fallback disabled"
"TOPMAR02","POINT","CUSTOM_SYMBOL_MAP","Q9_Arrow.svg","CCHBLK","","rastersymbols-day.png:1378,239,8x6@1,24","CustomSymbolMap object rule for TOPMAR"
"TOPMAR04","POINT","CUSTOM_SYMBOL_MAP","Q9_Arrow.svg","CCHBLK","","rastersymbols-day.png:1395,239,8x6@-1,26","CustomSymbolMap object rule for TOPMAR"
"TOPMAR05","POINT","CUSTOM_SYMBOL_MAP","Q9_Arrow.svg","CCHBLK","","rastersymbols-day.png:1413,239,9x13@0,29","CustomSymbolMap object rule for TOPMAR"
"TOPMAR06","POINT","CUSTOM_SYMBOL_MAP","Q9_Arrow.svg","CCHBLK","","rastersymbols-day.png:1432,239,10x12@-1,29","CustomSymbolMap object rule for TOPMAR"
"TOPMAR07","POINT","CUSTOM_SYMBOL_MAP","Q9_Arrow.svg","CCHBLK","","rastersymbols-day.png:1452,239,8x13@0,30","CustomSymbolMap object rule for TOPMAR"
"TOPMAR08","POINT","CUSTOM_SYMBOL_MAP","Q9_Arrow.svg","CCHBLK","","rastersymbols-day.png:10,307,11x12@1,28","CustomSymbolMap object rule for TOPMAR"
"TOPMAR10","POINT","CUSTOM_SYMBOL_MAP","Q9_Arrow.svg","CCHBLK","","rastersymbols-day.png:31,307,7x7@-1,25","CustomSymbolMap object rule for TOPMAR"
"TOPMAR12","POINT","CUSTOM_SYMBOL_MAP","Q9_Arrow.svg","CCHBLK","","rastersymbols-day.png:48,307,8x13@-1,29","CustomSymbolMap object rule for TOPMAR"
"TOPMAR13","POINT","CUSTOM_SYMBOL_MAP","Q9_Arrow.svg","CCHBLK","","rastersymbols-day.png:66,307,7x8@0,25","CustomSymbolMap object rule for TOPMAR"
"TOPMAR14","POINT","CUSTOM_SYMBOL_MAP","Q9_Arrow.svg","CCHBLK","","rastersymbols-day.png:83,307,8x8@2,24","CustomSymbolMap object rule for TOPMAR"
"TOPMAR16","POINT","CUSTOM_SYMBOL_MAP","Q9_Arrow.svg","CCHBLK","","rastersymbols-day.png:101,307,7x7@-1,25","CustomSymbolMap object rule for TOPMAR"
"TOPMAR17","POINT","CUSTOM_SYMBOL_MAP","Q9_Arrow.svg","ACHBLK","","rastersymbols-day.png:118,307,13x9@2,26","CustomSymbolMap object rule for TOPMAR"
"TOPMAR18","POINT","CUSTOM_SYMBOL_MAP","Q9_Arrow.svg","ACHBLK","","rastersymbols-day.png:141,307,13x9@1,26","CustomSymbolMap object rule for TOPMAR"
"TOPMAR22","POINT","CUSTOM_SYMBOL_MAP","Q9_Arrow.svg","CCHBLK","","rastersymbols-day.png:164,307,8x6@3,25","CustomSymbolMap object rule for TOPMAR"
"TOPMAR24","POINT","CUSTOM_SYMBOL_MAP","Q9_Arrow.svg","CCHBLK","","rastersymbols-day.png:182,307,8x6@3,25","CustomSymbolMap object rule for TOPMAR"
"TOPMAR25","POINT","CUSTOM_SYMBOL_MAP","Q9_Arrow.svg","CCHBLK","","rastersymbols-day.png:200,307,8x13@3,31","CustomSymbolMap object rule for TOPMAR"
"TOPMAR26","POINT","CUSTOM_SYMBOL_MAP","Q9_Arrow.svg","CCHBLK","","rastersymbols-day.png:218,307,8x13@3,31","CustomSymbolMap object rule for TOPMAR"
"TOPMAR27","POINT","CUSTOM_SYMBOL_MAP","Q9_Arrow.svg","CCHBLK","","rastersymbols-day.png:236,307,8x13@3,31","CustomSymbolMap object rule for TOPMAR"
"TOPMAR28","POINT","CUSTOM_SYMBOL_MAP","Q9_Arrow.svg","CCHBLK","","rastersymbols-day.png:254,307,8x13@3,31","CustomSymbolMap object rule for TOPMAR"
"TOPMAR30","POINT","CUSTOM_SYMBOL_MAP","Q9_Arrow.svg","CCHBLK","","rastersymbols-day.png:272,307,8x8@4,25","CustomSymbolMap object rule for TOPMAR"
"TOPMAR32","POINT","CUSTOM_SYMBOL_MAP","Q9_Arrow.svg","CCHBLK","","rastersymbols-day.png:290,307,8x15@3,30","CustomSymbolMap object rule for TOPMAR"
"TOPMAR33","POINT","CUSTOM_SYMBOL_MAP","Q9_Arrow.svg","CCHBLK","","rastersymbols-day.png:308,307,6x9@2,27","CustomSymbolMap object rule for TOPMAR"
"TOPMAR34","POINT","CUSTOM_SYMBOL_MAP","Q9_Arrow.svg","CCHBLK","","rastersymbols-day.png:324,307,8x5@4,25","CustomSymbolMap object rule for TOPMAR"
"TOPMAR36","POINT","CUSTOM_SYMBOL_MAP","Q9_Arrow.svg","CCHBLK","","rastersymbols-day.png:342,307,9x9@4,27","CustomSymbolMap object rule for TOPMAR"
"TOPMAR65","POINT","CUSTOM_SYMBOL_MAP","Q9_Arrow.svg","ACHBLK","","rastersymbols-day.png:361,307,9x8@0,25","CustomSymbolMap object rule for TOPMAR"
"TOPMAR85","POINT","CUSTOM_SYMBOL_MAP","Q9_Arrow.svg","CCHBLK","","rastersymbols-day.png:380,307,8x8@4,27","CustomSymbolMap object rule for TOPMAR"
"TOPMAR86","POINT","CUSTOM_SYMBOL_MAP","Q9_Arrow.svg","ACHBLK","","rastersymbols-day.png:398,307,13x13@7,31","CustomSymbolMap object rule for TOPMAR"
"TOPMAR87","POINT","CUSTOM_SYMBOL_MAP","Q9_Arrow.svg","ACHBLK","","rastersymbols-day.png:421,307,9x10@4,27","CustomSymbolMap object rule for TOPMAR"
"TOPMAR88","POINT","CUSTOM_SYMBOL_MAP","Q9_Arrow.svg","ACHBLK","","rastersymbols-day.png:440,307,9x10@4,27","CustomSymbolMap object rule for TOPMAR"
"TOPMAR89","POINT","CUSTOM_SYMBOL_MAP","Q9_Arrow.svg","ACHBLK","","rastersymbols-day.png:459,307,13x10@7,31","CustomSymbolMap object rule for TOPMAR"
"TOWERS01","POINT","UNRESOLVED","","ADEPMDBLANDF","","rastersymbols-day.png:343,742,14x26@6,22","no exact/direct/semantic ESRI match; generic category fallback disabled"
"TOWERS02","POINT","UNRESOLVED","","ADEPMDBLANDF","","rastersymbols-day.png:763,778,14x26@6,22","no exact/direct/semantic ESRI match; generic category fallback disabled"
"TOWERS03","POINT","UNRESOLVED","","ADEPMDBCHBLK","","rastersymbols-day.png:367,742,14x26@6,22","no exact/direct/semantic ESRI match; generic category fallback disabled"
"TOWERS05","POINT","UNRESOLVED","","ADEPMDBCHBLKCCHWHT","","rastersymbols-day.png:391,742,14x26@6,22","no exact/direct/semantic ESRI match; generic category fallback disabled"
"TOWERS12","POINT","UNRESOLVED","","ADEPMDBCHBLK","","rastersymbols-day.png:814,778,14x26@6,22","no exact/direct/semantic ESRI match; generic category fallback disabled"
"TOWERS15","POINT","UNRESOLVED","","ADEPMDBCHBLK","","rastersymbols-day.png:838,778,14x26@6,22","no exact/direct/semantic ESRI match; generic category fallback disabled"
"TREPNT04","POINT","UNRESOLVED","","ALANDF","","rastersymbols-day.png:604,307,12x13@5,13","no exact/direct/semantic ESRI match; generic category fallback disabled"
"TREPNT05","POINT","UNRESOLVED","","ALANDF","","rastersymbols-day.png:626,307,13x10@6,10","no exact/direct/semantic ESRI match; generic category fallback disabled"
"TSLDEF51","POINT","UNRESOLVED","","ATRFCDCCHMGD","","rastersymbols-day.png:649,307,36x40@17,22","no exact/direct/semantic ESRI match; generic category fallback disabled"
"TSSCRS51","POINT","UNRESOLVED","","ATRFCF","","rastersymbols-day.png:695,307,29x29@52,-17","no exact/direct/semantic ESRI match; generic category fallback disabled"
"TSSLPT51","POINT","UNRESOLVED","","TTRFCD","","rastersymbols-day.png:734,307,19x40@8,22","no exact/direct/semantic ESRI match; generic category fallback disabled"
"TSSRON51","POINT","UNRESOLVED","","ATRFCF","","rastersymbols-day.png:763,307,27x27@13,13","no exact/direct/semantic ESRI match; generic category fallback disabled"
"TWRDEF51","POINT","UNRESOLVED","","ATRFCDICHMGD","","rastersymbols-day.png:800,307,40x41@20,20","no exact/direct/semantic ESRI match; generic category fallback disabled"
"TWRTPT52","POINT","UNRESOLVED","","ATRFCD","","rastersymbols-day.png:850,307,19x41@9,20","no exact/direct/semantic ESRI match; generic category fallback disabled"
"TWRTPT53","POINT","UNRESOLVED","","ATRFCD","","rastersymbols-day.png:879,307,18x41@8,20","no exact/direct/semantic ESRI match; generic category fallback disabled"
"UNITFTH1","POINT","UNRESOLVED","","ASCLBR","","rastersymbols-day.png:907,307,10x15@3,6","no exact/direct/semantic ESRI match; generic category fallback disabled"
"UNITMTR1","POINT","UNRESOLVED","","ASCLBR","","rastersymbols-day.png:927,307,13x15@6,7","no exact/direct/semantic ESRI match; generic category fallback disabled"
"UWTROC03","POINT","CUSTOM_SYMBOL_MAP","K11b_Rock_uncovers.svg","ADEPVSBCHBLK","","rastersymbols-day.png:950,307,13x13@6,6","CustomSymbolMap object rule for UWTROC"
"UWTROC04","POINT","CUSTOM_SYMBOL_MAP","K11b_Rock_uncovers.svg","ACHBLK","","rastersymbols-day.png:973,307,13x11@6,5","CustomSymbolMap object rule for UWTROC"
"VECGND01","POINT","UNRESOLVED","","ASHIPS","","rastersymbols-day.png:996,307,18x13@9,0","no exact/direct/semantic ESRI match; generic category fallback disabled"
"VECGND21","POINT","UNRESOLVED","","AARPAT","","rastersymbols-day.png:1024,307,18x13@9,0","no exact/direct/semantic ESRI match; generic category fallback disabled"
"VECWTR01","POINT","UNRESOLVED","","ASHIPS","","rastersymbols-day.png:1052,307,18x11@9,0","no exact/direct/semantic ESRI match; generic category fallback disabled"
"VECWTR21","POINT","UNRESOLVED","","AARPAT","","rastersymbols-day.png:1080,307,18x11@9,0","no exact/direct/semantic ESRI match; generic category fallback disabled"
"WATTUR02","POINT","UNRESOLVED","","ACHGRD","","rastersymbols-day.png:1108,307,44x10@27,4","no exact/direct/semantic ESRI match; generic category fallback disabled"
"WAYPNT01","POINT","UNRESOLVED","","kPLRTE","","rastersymbols-day.png:1162,307,19x19@9,9","no exact/direct/semantic ESRI match; generic category fallback disabled"
"WAYPNT03","POINT","UNRESOLVED","","lAPLRT","","rastersymbols-day.png:1191,307,19x19@9,9","no exact/direct/semantic ESRI match; generic category fallback disabled"
"WAYPNT11","POINT","UNRESOLVED","","APLRTE","","rastersymbols-day.png:1220,307,19x19@9,9","no exact/direct/semantic ESRI match; generic category fallback disabled"
"WEDKLP03","POINT","UNRESOLVED","","ECHGRD","","rastersymbols-day.png:1249,307,30x8@16,4","no exact/direct/semantic ESRI match; generic category fallback disabled"
"WIMCON01","POINT","UNRESOLVED","","WLANDF","","rastersymbols-day.png:1289,307,12x20@4,18","no exact/direct/semantic ESRI match; generic category fallback disabled"
"WIMCON11","POINT","UNRESOLVED","","CCHBLK","","rastersymbols-day.png:1311,307,12x20@4,18","no exact/direct/semantic ESRI match; generic category fallback disabled"
"WNDFRM51","POINT","UNRESOLVED","","ALANDF","","rastersymbols-day.png:1333,307,23x23@11,11","no exact/direct/semantic ESRI match; generic category fallback disabled"
"WNDFRM61","POINT","UNRESOLVED","","ACHBLK","","rastersymbols-day.png:1366,307,23x23@11,11","no exact/direct/semantic ESRI match; generic category fallback disabled"
"WNDMIL02","POINT","UNRESOLVED","","WLANDF","","rastersymbols-day.png:1399,307,10x13@4,9","no exact/direct/semantic ESRI match; generic category fallback disabled"
"WNDMIL12","POINT","UNRESOLVED","","CCHBLK","","rastersymbols-day.png:1419,307,10x13@4,9","no exact/direct/semantic ESRI match; generic category fallback disabled"
"WRECKS01","POINT","ALIAS","K24_Wreck_showing_hull.svg","DCHGRD","","rastersymbols-day.png:1439,307,20x11@10,9","explicit alias K24_Wreck_showing_hull.svg"
"WRECKS04","POINT","SEMANTIC_TOKEN","K30_Wreck_safe_clearance.svg","ECHBLK","","rastersymbols-day.png:10,358,15x10@8,5","semantic token match for WRECKS"
"WRECKS05","POINT","ALIAS","K25_Wreck_danger_no_depth.svg","ADEPVSCCHBLK","","rastersymbols-day.png:35,358,19x13@9,6","explicit alias K25_Wreck_danger_no_depth.svg"
"ACHPNT01","POINT","UNRESOLVED","","JCHMGF","","rastersymbols-day.png:63,358,11x13@5,6","no exact/direct/semantic ESRI match; generic category fallback disabled"
"NMKINF01","POINT","UNRESOLVED","","ACHBLKBCHGRNCCHWHT","","rastersymbols-day.png:84,358,19x13@9,6","no exact/direct/semantic ESRI match; generic category fallback disabled"
"NMKPRH02","POINT","UNRESOLVED","","ACHBLKBCHREDCCHWHT","","rastersymbols-day.png:113,358,19x13@9,6","no exact/direct/semantic ESRI match; generic category fallback disabled"
"NMKPRH12","POINT","UNRESOLVED","","ACHBLKBCHREDCCHWHT","","rastersymbols-day.png:142,358,15x15@7,7","no exact/direct/semantic ESRI match; generic category fallback disabled"
"NMKPRH13","POINT","UNRESOLVED","","ACHBLKBCHWHTCCHRED","","rastersymbols-day.png:167,358,15x15@7,7","no exact/direct/semantic ESRI match; generic category fallback disabled"
"NMKRCD01","POINT","UNRESOLVED","","ACHBLKBCHYLW","","rastersymbols-day.png:192,358,15x15@7,7","no exact/direct/semantic ESRI match; generic category fallback disabled"
"NMKRCD02","POINT","UNRESOLVED","","ACHBLKBCHYLW","","rastersymbols-day.png:217,358,22x10@11,5","no exact/direct/semantic ESRI match; generic category fallback disabled"
"NMKRCD03","POINT","UNRESOLVED","","ACHBLKBCHWHTCCHGRN","","rastersymbols-day.png:249,358,15x15@7,7","no exact/direct/semantic ESRI match; generic category fallback disabled"
"NMKRCD04","POINT","UNRESOLVED","","ACHBLKBCHGRNCCHWHT","","rastersymbols-day.png:274,358,15x15@7,7","no exact/direct/semantic ESRI match; generic category fallback disabled"
"BOYLAT50","POINT","CUSTOM_SYMBOL_MAP","Q23a_Pillar_buoy.svg","ACHREDbOUTLW","","rastersymbols-day.png:299,358,16x13@8,6","CustomSymbolMap object rule for BOYLAT"
"BOYLAT51","POINT","CUSTOM_SYMBOL_MAP","Q23a_Pillar_buoy.svg","ACHGRNBOUTLW","","rastersymbols-day.png:325,358,14x14@9,9","CustomSymbolMap object rule for BOYLAT"
"LIGHTS14","POINT","SEMANTIC_TOKEN","S1_Ra_transponder_wLight.svg","PCHMGD^CHBLK","","rastersymbols-day.png:349,358,10x24@4,21","semantic token match for LIGHTS"
"LITDEF11","POINT","SEMANTIC_TOKEN","S1_Ra_transponder_wLight.svg","ICHMGD","","rastersymbols-day.png:369,358,8x21@3,21","semantic token match for LITDEF"
"OBSTRN11","POINT","CUSTOM_SYMBOL_MAP","Q42_Ground_tackle.svg","ACSTLNBLANDA","","rastersymbols-day.png:387,358,9x9@3,3","CustomSymbolMap object rule for OBSTRN"
"DAYTRI52","POINT","UNRESOLVED","","ADEPMDBCHBLKDCHREDCPLRTE","","rastersymbols-day.png:406,358,17x33@8,30","no exact/direct/semantic ESRI match; generic category fallback disabled"
"DAYSQR51","POINT","UNRESOLVED","","ADEPMDBCHBLKDCHGRNCRADLO","","rastersymbols-day.png:483,358,15x33@7,29","no exact/direct/semantic ESRI match; generic category fallback disabled"
"DAYTRI51","POINT","UNRESOLVED","","ADEPMDBCHBLKDCHREDCPLRTE","","rastersymbols-day.png:624,358,17x33@8,30","no exact/direct/semantic ESRI match; generic category fallback disabled"
"DAYREC51","POINT","UNRESOLVED","","ADEPMDBCHBLKCCHREDDCHWHT","","rastersymbols-day.png:651,358,13x34@6,31","no exact/direct/semantic ESRI match; generic category fallback disabled"
"LIGHTS95","POINT","SEMANTIC_TOKEN","S1_Ra_transponder_wLight.svg","ACSTLNBCHGRN","","rastersymbols-day.png:674,358,35x35@17,17","semantic token match for LIGHTS"
"LIGHTS94","POINT","SEMANTIC_TOKEN","S1_Ra_transponder_wLight.svg","ACSTLNBCHYLW","","rastersymbols-day.png:719,358,47x47@23,23","semantic token match for LIGHTS"
"LIGHTS96","POINT","SEMANTIC_TOKEN","S1_Ra_transponder_wLight.svg","ACSTLNBCHRED","","rastersymbols-day.png:776,358,41x41@20,20","semantic token match for LIGHTS"
"LIGHTS90","POINT","SEMANTIC_TOKEN","S1_Ra_transponder_wLight.svg","ACSTLNBCHMGD","","rastersymbols-day.png:827,358,35x35@17,17","semantic token match for LIGHTS"
"LIGHTS91","POINT","SEMANTIC_TOKEN","S1_Ra_transponder_wLight.svg","ACSTLNBCHYLW","","rastersymbols-day.png:872,358,33x33@16,16","semantic token match for LIGHTS"
"LIGHTS92","POINT","SEMANTIC_TOKEN","S1_Ra_transponder_wLight.svg","ACSTLNBCHGRN","","rastersymbols-day.png:915,358,21x21@10,10","semantic token match for LIGHTS"
"LIGHTS93","POINT","SEMANTIC_TOKEN","S1_Ra_transponder_wLight.svg","ACSTLNBCHRED","","rastersymbols-day.png:946,358,27x27@13,13","semantic token match for LIGHTS"
"BOYPIL78","POINT","SEMANTIC_TOKEN","Q22a_Spherical_buoy.svg","ADEPMDBCHBLKCCHREDDCHWHT","","rastersymbols-day.png:983,358,18x18@9,14","semantic token match for BOYPIL"
"BOYPIL79","POINT","SEMANTIC_TOKEN","Q22a_Spherical_buoy.svg","ADEPMDBCHBLKCCHGRNDCHWHT","","rastersymbols-day.png:1011,358,18x18@9,14","semantic token match for BOYPIL"
"BOYPIL60","POINT","SEMANTIC_TOKEN","Q22a_Spherical_buoy.svg","ADEPMDBCHBLKCCHRED","","rastersymbols-day.png:1067,358,18x18@9,14","semantic token match for BOYPIL"
"BOYPIL61","POINT","SEMANTIC_TOKEN","Q22a_Spherical_buoy.svg","ADEPMDBCHBLKCCHGRN","","rastersymbols-day.png:1095,358,18x18@9,14","semantic token match for BOYPIL"
"BOYPIL62","POINT","SEMANTIC_TOKEN","Q22a_Spherical_buoy.svg","ADEPMDBCHBLKCCHYLW","","rastersymbols-day.png:1123,358,18x18@9,14","semantic token match for BOYPIL"
"BOYPIL63","POINT","SEMANTIC_TOKEN","Q22a_Spherical_buoy.svg","ADEPMDBCHBLK","","rastersymbols-day.png:1151,358,18x18@9,14","semantic token match for BOYPIL"
"BOYPIL64","POINT","SEMANTIC_TOKEN","Q22a_Spherical_buoy.svg","ADEPMDBCHBLKCCURSR","","rastersymbols-day.png:1179,358,18x18@9,14","semantic token match for BOYPIL"
"BOYPIL65","POINT","SEMANTIC_TOKEN","Q22a_Spherical_buoy.svg","ADEPMDBCHBLKCCHGRD","","rastersymbols-day.png:1207,358,18x18@9,14","semantic token match for BOYPIL"
"BOYPIL66","POINT","SEMANTIC_TOKEN","Q22a_Spherical_buoy.svg","ADEPMDBCHBLKCCHREDDCHGRN","","rastersymbols-day.png:1235,358,18x18@9,14","semantic token match for BOYPIL"
"BOYPIL67","POINT","SEMANTIC_TOKEN","Q22a_Spherical_buoy.svg","ADEPMDBCHBLKCCHGRNDCHRED","","rastersymbols-day.png:1263,358,18x18@9,14","semantic token match for BOYPIL"
"BOYPIL68","POINT","SEMANTIC_TOKEN","Q22a_Spherical_buoy.svg","ADEPMDBCHBLKCOUTLWDCHYLW","","rastersymbols-day.png:1291,358,18x18@9,14","semantic token match for BOYPIL"
"BOYPIL69","POINT","SEMANTIC_TOKEN","Q22a_Spherical_buoy.svg","ADEPMDBCHBLKCCHYLWDOUTLW","","rastersymbols-day.png:1319,358,18x18@9,14","semantic token match for BOYPIL"
"BOYPIL70","POINT","SEMANTIC_TOKEN","Q22a_Spherical_buoy.svg","ADEPMDBCHBLKCOUTLWDCHYLW","","rastersymbols-day.png:1347,358,18x18@9,14","semantic token match for BOYPIL"
"BOYPIL71","POINT","SEMANTIC_TOKEN","Q22a_Spherical_buoy.svg","ADEPMDBCHBLKCCHYLWDOUTLW","","rastersymbols-day.png:1375,358,18x18@9,14","semantic token match for BOYPIL"
"BOYPIL72","POINT","SEMANTIC_TOKEN","Q22a_Spherical_buoy.svg","ADEPMDBCHBLKCOUTLWDCHRED","","rastersymbols-day.png:1403,358,18x18@9,14","semantic token match for BOYPIL"
"BOYPIL73","POINT","SEMANTIC_TOKEN","Q22a_Spherical_buoy.svg","ADEPMDBCHBLKCCHREDDCHWHT","","rastersymbols-day.png:1431,358,18x18@9,14","semantic token match for BOYPIL"
"BOYPIL74","POINT","SEMANTIC_TOKEN","Q22a_Spherical_buoy.svg","ADEPMDBCHBLKCCHREDDCHGRN","","rastersymbols-day.png:10,415,18x18@9,14","semantic token match for BOYPIL"
"BOYPIL75","POINT","SEMANTIC_TOKEN","Q22a_Spherical_buoy.svg","ADEPMDBCHBLKCCHGRNDCHRED","","rastersymbols-day.png:38,415,18x18@9,14","semantic token match for BOYPIL"
"BOYPIL76","POINT","SEMANTIC_TOKEN","Q22a_Spherical_buoy.svg","ADEPMDBCHBLKCCHREDDCHWHT","","rastersymbols-day.png:66,415,18x18@9,14","semantic token match for BOYPIL"
"BOYPIL77","POINT","SEMANTIC_TOKEN","Q22a_Spherical_buoy.svg","ADEPMDBCHBLKCCHGRNDCHWHT","","rastersymbols-day.png:94,415,18x18@9,14","semantic token match for BOYPIL"
"BCNTOW68","POINT","SEMANTIC_TOKEN","Q83_Beacon_submerged_rock.svg","ADEPMDBCHBLKCCHYLW","","rastersymbols-day.png:122,415,15x18@7,14","semantic token match for BCNTOW"
"BOYCON60","POINT","SEMANTIC_TOKEN","Q20a_Conical_buoy.svg","ADEPMDBCHBLKCCHRED","","rastersymbols-day.png:167,415,19x16@9,12","semantic token match for BOYCON"
"BOYCON61","POINT","SEMANTIC_TOKEN","Q20a_Conical_buoy.svg","ADEPMDBCHBLKCCHGRN","","rastersymbols-day.png:196,415,19x16@9,12","semantic token match for BOYCON"
"BOYCON62","POINT","SEMANTIC_TOKEN","Q20a_Conical_buoy.svg","ADEPMDBCHBLKCCHYLW","","rastersymbols-day.png:225,415,19x16@9,12","semantic token match for BOYCON"
"BOYCAN61","POINT","SEMANTIC_TOKEN","Q22a_Spherical_buoy.svg","ADEPMDBCHBLKCCHGRN","","rastersymbols-day.png:254,415,19x15@9,11","semantic token match for BOYCAN"
"BOYCAN62","POINT","SEMANTIC_TOKEN","Q22a_Spherical_buoy.svg","ADEPMDBCHBLKCCHGRN","","rastersymbols-day.png:283,415,19x15@9,11","semantic token match for BOYCAN"
"BOYCAN63","POINT","SEMANTIC_TOKEN","Q22a_Spherical_buoy.svg","ADEPMDBCHBLKCCHYLW","","rastersymbols-day.png:312,415,19x15@9,11","semantic token match for BOYCAN"
"RESTRN51","POINT","UNRESOLVED","","ADEPMDBCHMGD","","rastersymbols-day.png:341,415,22x26@27,-6","no exact/direct/semantic ESRI match; generic category fallback disabled"
"ACHPNT02","POINT","UNRESOLVED","","ADEPMDBCHBLK","","rastersymbols-day.png:408,415,25x29@18,1","no exact/direct/semantic ESRI match; generic category fallback disabled"
"DANGER51","POINT","UNRESOLVED","","ACHBLKBDEPVS","","rastersymbols-day.png:443,415,29x21@16,10","no exact/direct/semantic ESRI match; generic category fallback disabled"
"DANGER52","POINT","UNRESOLVED","","ACHBLK","","rastersymbols-day.png:482,415,29x21@16,10","no exact/direct/semantic ESRI match; generic category fallback disabled"
"QUAPOS02","POINT","UNRESOLVED","","ACHBLK","","rastersymbols-day.png:553,415,22x21@21,20","no exact/direct/semantic ESRI match; generic category fallback disabled"
"QUAPOS03","POINT","UNRESOLVED","","ACHBLK","","rastersymbols-day.png:585,415,26x21@25,20","no exact/direct/semantic ESRI match; generic category fallback disabled"
"ISODGR51","POINT","UNRESOLVED","","ADEPMDBCHMGD","","rastersymbols-day.png:621,415,19x19@9,9","no exact/direct/semantic ESRI match; generic category fallback disabled"
"BOYSPR04","POINT","SEMANTIC_TOKEN","Q22a_Spherical_buoy.svg","ADEPMDBCHBLKCCHWHTDCHCOR","","rastersymbols-day.png:650,415,10x18@4,15","semantic token match for BOYSPR"
"BOYSPR05","POINT","SEMANTIC_TOKEN","Q22a_Spherical_buoy.svg","ADEPMDBCHBLKCCHWHTDCHBLK","","rastersymbols-day.png:670,415,10x18@4,15","semantic token match for BOYSPR"
"SOUNDG00","POINT","UNRESOLVED","","ACHGRDBDEPMD","","rastersymbols-day.png:690,415,6x10@-2,4","no exact/direct/semantic ESRI match; generic category fallback disabled"
"SOUNDG01","POINT","UNRESOLVED","","ACHGRDBDEPMD","","rastersymbols-day.png:706,415,4x10@-2,4","no exact/direct/semantic ESRI match; generic category fallback disabled"
"SOUNDG02","POINT","UNRESOLVED","","ACHGRDBDEPMD","","rastersymbols-day.png:720,415,6x10@-2,4","no exact/direct/semantic ESRI match; generic category fallback disabled"
"SOUNDG03","POINT","UNRESOLVED","","ACHGRDBDEPMD","","rastersymbols-day.png:736,415,6x10@-2,4","no exact/direct/semantic ESRI match; generic category fallback disabled"
"SOUNDG04","POINT","UNRESOLVED","","ACHGRDBDEPMD","","rastersymbols-day.png:752,415,6x10@-2,4","no exact/direct/semantic ESRI match; generic category fallback disabled"
"SOUNDG05","POINT","UNRESOLVED","","ACHGRDBDEPMD","","rastersymbols-day.png:768,415,6x10@-2,4","no exact/direct/semantic ESRI match; generic category fallback disabled"
"SOUNDG06","POINT","UNRESOLVED","","ACHGRDBDEPMD","","rastersymbols-day.png:784,415,6x10@-2,4","no exact/direct/semantic ESRI match; generic category fallback disabled"
"SOUNDG07","POINT","UNRESOLVED","","ACHGRDBDEPMD","","rastersymbols-day.png:800,415,6x10@-2,4","no exact/direct/semantic ESRI match; generic category fallback disabled"
"SOUNDG08","POINT","UNRESOLVED","","ACHGRDBDEPMD","","rastersymbols-day.png:816,415,6x10@-2,4","no exact/direct/semantic ESRI match; generic category fallback disabled"
"SOUNDG09","POINT","UNRESOLVED","","ACHGRDBDEPMD","","rastersymbols-day.png:832,415,6x10@-2,4","no exact/direct/semantic ESRI match; generic category fallback disabled"
"SOUNDG10","POINT","UNRESOLVED","","ACHGRDBDEPMD","","rastersymbols-day.png:848,415,6x10@5,4","no exact/direct/semantic ESRI match; generic category fallback disabled"
"SOUNDG11","POINT","UNRESOLVED","","ACHGRDBDEPMD","","rastersymbols-day.png:864,415,4x10@4,4","no exact/direct/semantic ESRI match; generic category fallback disabled"
"SOUNDG12","POINT","UNRESOLVED","","ACHGRDBDEPMD","","rastersymbols-day.png:878,415,6x10@5,4","no exact/direct/semantic ESRI match; generic category fallback disabled"
"SOUNDG13","POINT","UNRESOLVED","","ACHGRDBDEPMD","","rastersymbols-day.png:894,415,6x10@5,4","no exact/direct/semantic ESRI match; generic category fallback disabled"
"SOUNDG14","POINT","UNRESOLVED","","ACHGRDBDEPMD","","rastersymbols-day.png:910,415,6x10@5,4","no exact/direct/semantic ESRI match; generic category fallback disabled"
"SOUNDG15","POINT","UNRESOLVED","","ACHGRDBDEPMD","","rastersymbols-day.png:926,415,6x10@5,4","no exact/direct/semantic ESRI match; generic category fallback disabled"
"SOUNDG16","POINT","UNRESOLVED","","ACHGRDBDEPMD","","rastersymbols-day.png:942,415,6x10@5,4","no exact/direct/semantic ESRI match; generic category fallback disabled"
"SOUNDG17","POINT","UNRESOLVED","","ACHGRDBDEPMD","","rastersymbols-day.png:958,415,6x10@5,4","no exact/direct/semantic ESRI match; generic category fallback disabled"
"SOUNDG18","POINT","UNRESOLVED","","ACHGRDBDEPMD","","rastersymbols-day.png:974,415,6x10@5,4","no exact/direct/semantic ESRI match; generic category fallback disabled"
"SOUNDG19","POINT","UNRESOLVED","","ACHGRDBDEPMD","","rastersymbols-day.png:990,415,6x10@5,4","no exact/direct/semantic ESRI match; generic category fallback disabled"
"SOUNDG20","POINT","UNRESOLVED","","ACHGRDBDEPMD","","rastersymbols-day.png:1006,415,6x10@12,4","no exact/direct/semantic ESRI match; generic category fallback disabled"
"SOUNDG21","POINT","UNRESOLVED","","ACHGRDBDEPMD","","rastersymbols-day.png:1022,415,4x10@11,4","no exact/direct/semantic ESRI match; generic category fallback disabled"
"SOUNDG22","POINT","UNRESOLVED","","ACHGRDBDEPMD","","rastersymbols-day.png:1036,415,6x10@12,4","no exact/direct/semantic ESRI match; generic category fallback disabled"
"SOUNDG23","POINT","UNRESOLVED","","ACHGRDBDEPMD","","rastersymbols-day.png:1052,415,6x10@12,4","no exact/direct/semantic ESRI match; generic category fallback disabled"
"SOUNDG24","POINT","UNRESOLVED","","ACHGRDBDEPMD","","rastersymbols-day.png:1068,415,6x10@12,4","no exact/direct/semantic ESRI match; generic category fallback disabled"
"SOUNDG25","POINT","UNRESOLVED","","ACHGRDBDEPMD","","rastersymbols-day.png:1084,415,6x10@12,4","no exact/direct/semantic ESRI match; generic category fallback disabled"
"SOUNDG26","POINT","UNRESOLVED","","ACHGRDBDEPMD","","rastersymbols-day.png:1100,415,6x10@12,4","no exact/direct/semantic ESRI match; generic category fallback disabled"
"SOUNDG27","POINT","UNRESOLVED","","ACHGRDBDEPMD","","rastersymbols-day.png:1116,415,6x10@12,4","no exact/direct/semantic ESRI match; generic category fallback disabled"
"SOUNDG28","POINT","UNRESOLVED","","ACHGRDBDEPMD","","rastersymbols-day.png:1132,415,6x10@12,4","no exact/direct/semantic ESRI match; generic category fallback disabled"
"SOUNDG29","POINT","UNRESOLVED","","ACHGRDBDEPMD","","rastersymbols-day.png:1148,415,6x10@12,4","no exact/direct/semantic ESRI match; generic category fallback disabled"
"SOUNDG30","POINT","UNRESOLVED","","ACHGRDBDEPMD","","rastersymbols-day.png:1164,415,6x10@19,4","no exact/direct/semantic ESRI match; generic category fallback disabled"
"SOUNDG31","POINT","UNRESOLVED","","ACHGRDBDEPMD","","rastersymbols-day.png:1180,415,4x10@18,4","no exact/direct/semantic ESRI match; generic category fallback disabled"
"SOUNDG32","POINT","UNRESOLVED","","ACHGRDBDEPMD","","rastersymbols-day.png:1194,415,6x10@19,4","no exact/direct/semantic ESRI match; generic category fallback disabled"
"SOUNDG33","POINT","UNRESOLVED","","ACHGRDBDEPMD","","rastersymbols-day.png:1210,415,6x10@19,4","no exact/direct/semantic ESRI match; generic category fallback disabled"
"SOUNDG34","POINT","UNRESOLVED","","ACHGRDBDEPMD","","rastersymbols-day.png:1226,415,6x10@19,4","no exact/direct/semantic ESRI match; generic category fallback disabled"
"SOUNDG35","POINT","UNRESOLVED","","ACHGRDBDEPMD","","rastersymbols-day.png:1242,415,6x10@19,4","no exact/direct/semantic ESRI match; generic category fallback disabled"
"SOUNDG36","POINT","UNRESOLVED","","ACHGRDBDEPMD","","rastersymbols-day.png:1258,415,6x10@19,4","no exact/direct/semantic ESRI match; generic category fallback disabled"
"SOUNDG37","POINT","UNRESOLVED","","ACHGRDBDEPMD","","rastersymbols-day.png:1274,415,6x10@19,4","no exact/direct/semantic ESRI match; generic category fallback disabled"
"SOUNDG38","POINT","UNRESOLVED","","ACHGRDBDEPMD","","rastersymbols-day.png:1290,415,6x10@19,4","no exact/direct/semantic ESRI match; generic category fallback disabled"
"SOUNDG39","POINT","UNRESOLVED","","ACHGRDBDEPMD","","rastersymbols-day.png:1306,415,6x10@19,4","no exact/direct/semantic ESRI match; generic category fallback disabled"
"SOUNDG40","POINT","UNRESOLVED","","ACHGRDBDEPMD","","rastersymbols-day.png:1322,415,6x10@-9,4","no exact/direct/semantic ESRI match; generic category fallback disabled"
"SOUNDG41","POINT","UNRESOLVED","","ACHGRDBDEPMD","","rastersymbols-day.png:1338,415,4x10@-9,4","no exact/direct/semantic ESRI match; generic category fallback disabled"
"SOUNDG42","POINT","UNRESOLVED","","ACHGRDBDEPMD","","rastersymbols-day.png:1352,415,6x10@-9,4","no exact/direct/semantic ESRI match; generic category fallback disabled"
"SOUNDG43","POINT","UNRESOLVED","","ACHGRDBDEPMD","","rastersymbols-day.png:1368,415,6x10@-9,4","no exact/direct/semantic ESRI match; generic category fallback disabled"
"SOUNDG44","POINT","UNRESOLVED","","ACHGRDBDEPMD","","rastersymbols-day.png:1384,415,6x10@-9,4","no exact/direct/semantic ESRI match; generic category fallback disabled"
"SOUNDG45","POINT","UNRESOLVED","","ACHGRDBDEPMD","","rastersymbols-day.png:1400,415,6x10@-9,4","no exact/direct/semantic ESRI match; generic category fallback disabled"
"SOUNDG46","POINT","UNRESOLVED","","ACHGRDBDEPMD","","rastersymbols-day.png:1416,415,6x10@-9,4","no exact/direct/semantic ESRI match; generic category fallback disabled"
"SOUNDG47","POINT","UNRESOLVED","","ACHGRDBDEPMD","","rastersymbols-day.png:1432,415,6x10@-9,4","no exact/direct/semantic ESRI match; generic category fallback disabled"
"SOUNDG48","POINT","UNRESOLVED","","ACHGRDBDEPMD","","rastersymbols-day.png:1448,415,6x10@-9,4","no exact/direct/semantic ESRI match; generic category fallback disabled"
"SOUNDG49","POINT","UNRESOLVED","","ACHGRDBDEPMD","","rastersymbols-day.png:1464,415,6x10@-9,4","no exact/direct/semantic ESRI match; generic category fallback disabled"
"SOUNDG50","POINT","UNRESOLVED","","ACHGRDBDEPMD","","rastersymbols-day.png:10,454,6x10@-2,0","no exact/direct/semantic ESRI match; generic category fallback disabled"
"SOUNDG51","POINT","UNRESOLVED","","ACHGRDBDEPMD","","rastersymbols-day.png:26,454,4x10@-2,0","no exact/direct/semantic ESRI match; generic category fallback disabled"
"SOUNDG52","POINT","UNRESOLVED","","ACHGRDBDEPMD","","rastersymbols-day.png:40,454,6x10@-2,0","no exact/direct/semantic ESRI match; generic category fallback disabled"
"SOUNDG53","POINT","UNRESOLVED","","ACHGRDBDEPMD","","rastersymbols-day.png:56,454,6x10@-2,0","no exact/direct/semantic ESRI match; generic category fallback disabled"
"SOUNDG54","POINT","UNRESOLVED","","ACHGRDBDEPMD","","rastersymbols-day.png:72,454,6x10@-2,0","no exact/direct/semantic ESRI match; generic category fallback disabled"
"SOUNDG55","POINT","UNRESOLVED","","ACHGRDBDEPMD","","rastersymbols-day.png:88,454,6x10@-2,0","no exact/direct/semantic ESRI match; generic category fallback disabled"
"SOUNDG56","POINT","UNRESOLVED","","ACHGRDBDEPMD","","rastersymbols-day.png:104,454,6x10@-2,0","no exact/direct/semantic ESRI match; generic category fallback disabled"
"SOUNDG57","POINT","UNRESOLVED","","ACHGRDBDEPMD","","rastersymbols-day.png:120,454,6x10@-2,0","no exact/direct/semantic ESRI match; generic category fallback disabled"
"SOUNDG58","POINT","UNRESOLVED","","ACHGRDBDEPMD","","rastersymbols-day.png:136,454,6x10@-2,0","no exact/direct/semantic ESRI match; generic category fallback disabled"
"SOUNDG59","POINT","UNRESOLVED","","ACHGRDBDEPMD","","rastersymbols-day.png:152,454,6x10@-2,0","no exact/direct/semantic ESRI match; generic category fallback disabled"
"SOUNDGA1","POINT","UNRESOLVED","","ASNDG2BDEPMD","","rastersymbols-day.png:168,454,8x2@6,6","no exact/direct/semantic ESRI match; generic category fallback disabled"
"STARPT01","POINT","UNRESOLVED","","BCHMGFACHBLK","","rastersymbols-day.png:258,454,24x24@11,8","no exact/direct/semantic ESRI match; generic category fallback disabled"
"SOUNDS00","POINT","UNRESOLVED","","ASNDG2BDEPMD","","rastersymbols-day.png:292,454,6x10@-2,4","no exact/direct/semantic ESRI match; generic category fallback disabled"
"SOUNDS01","POINT","UNRESOLVED","","ASNDG2BDEPMD","","rastersymbols-day.png:308,454,4x10@-2,4","no exact/direct/semantic ESRI match; generic category fallback disabled"
"SOUNDS02","POINT","UNRESOLVED","","ASNDG2BDEPMD","","rastersymbols-day.png:322,454,6x10@-2,4","no exact/direct/semantic ESRI match; generic category fallback disabled"
"SOUNDS03","POINT","UNRESOLVED","","ASNDG2BDEPMD","","rastersymbols-day.png:338,454,6x10@-2,4","no exact/direct/semantic ESRI match; generic category fallback disabled"
"SOUNDS04","POINT","UNRESOLVED","","ASNDG2BDEPMD","","rastersymbols-day.png:354,454,6x10@-2,4","no exact/direct/semantic ESRI match; generic category fallback disabled"
"SOUNDS05","POINT","UNRESOLVED","","ASNDG2BDEPMD","","rastersymbols-day.png:370,454,6x10@-2,4","no exact/direct/semantic ESRI match; generic category fallback disabled"
"SOUNDS06","POINT","UNRESOLVED","","ASNDG2BDEPMD","","rastersymbols-day.png:386,454,6x10@-2,4","no exact/direct/semantic ESRI match; generic category fallback disabled"
"SOUNDS07","POINT","UNRESOLVED","","ASNDG2BDEPMD","","rastersymbols-day.png:402,454,6x10@-2,4","no exact/direct/semantic ESRI match; generic category fallback disabled"
"SOUNDS08","POINT","UNRESOLVED","","ASNDG2BDEPMD","","rastersymbols-day.png:418,454,6x10@-2,4","no exact/direct/semantic ESRI match; generic category fallback disabled"
"SOUNDS09","POINT","UNRESOLVED","","ASNDG2BDEPMD","","rastersymbols-day.png:434,454,6x10@-2,4","no exact/direct/semantic ESRI match; generic category fallback disabled"
"SOUNDS10","POINT","UNRESOLVED","","ASNDG2BDEPMD","","rastersymbols-day.png:450,454,6x10@5,4","no exact/direct/semantic ESRI match; generic category fallback disabled"
"SOUNDS11","POINT","UNRESOLVED","","ASNDG2BDEPMD","","rastersymbols-day.png:466,454,4x10@4,4","no exact/direct/semantic ESRI match; generic category fallback disabled"
"SOUNDS12","POINT","UNRESOLVED","","ASNDG2BDEPMD","","rastersymbols-day.png:480,454,6x10@5,4","no exact/direct/semantic ESRI match; generic category fallback disabled"
"SOUNDS13","POINT","UNRESOLVED","","ASNDG2BDEPMD","","rastersymbols-day.png:496,454,6x10@5,4","no exact/direct/semantic ESRI match; generic category fallback disabled"
"SOUNDS14","POINT","UNRESOLVED","","ASNDG2BDEPMD","","rastersymbols-day.png:512,454,6x10@5,4","no exact/direct/semantic ESRI match; generic category fallback disabled"
"SOUNDS15","POINT","UNRESOLVED","","ASNDG2BDEPMD","","rastersymbols-day.png:528,454,6x10@5,4","no exact/direct/semantic ESRI match; generic category fallback disabled"
"SOUNDS16","POINT","UNRESOLVED","","ASNDG2BDEPMD","","rastersymbols-day.png:544,454,6x10@5,4","no exact/direct/semantic ESRI match; generic category fallback disabled"
"SOUNDS17","POINT","UNRESOLVED","","ASNDG2BDEPMD","","rastersymbols-day.png:560,454,6x10@5,4","no exact/direct/semantic ESRI match; generic category fallback disabled"
"SOUNDS18","POINT","UNRESOLVED","","ASNDG2BDEPMD","","rastersymbols-day.png:576,454,6x10@5,4","no exact/direct/semantic ESRI match; generic category fallback disabled"
"SOUNDS19","POINT","UNRESOLVED","","ASNDG2BDEPMD","","rastersymbols-day.png:592,454,6x10@5,4","no exact/direct/semantic ESRI match; generic category fallback disabled"
"SOUNDS20","POINT","UNRESOLVED","","ASNDG2BDEPMD","","rastersymbols-day.png:608,454,6x10@12,4","no exact/direct/semantic ESRI match; generic category fallback disabled"
"SOUNDS21","POINT","UNRESOLVED","","ASNDG2BDEPMD","","rastersymbols-day.png:624,454,4x10@11,4","no exact/direct/semantic ESRI match; generic category fallback disabled"
"SOUNDS22","POINT","UNRESOLVED","","ASNDG2BDEPMD","","rastersymbols-day.png:638,454,6x10@12,4","no exact/direct/semantic ESRI match; generic category fallback disabled"
"SOUNDS23","POINT","UNRESOLVED","","ASNDG2BDEPMD","","rastersymbols-day.png:654,454,6x10@12,4","no exact/direct/semantic ESRI match; generic category fallback disabled"
"SOUNDS24","POINT","UNRESOLVED","","ASNDG2BDEPMD","","rastersymbols-day.png:670,454,6x10@12,4","no exact/direct/semantic ESRI match; generic category fallback disabled"
"SOUNDS25","POINT","UNRESOLVED","","ASNDG2BDEPMD","","rastersymbols-day.png:686,454,6x10@12,4","no exact/direct/semantic ESRI match; generic category fallback disabled"
"SOUNDS26","POINT","UNRESOLVED","","ASNDG2BDEPMD","","rastersymbols-day.png:702,454,6x10@12,4","no exact/direct/semantic ESRI match; generic category fallback disabled"
"SOUNDS27","POINT","UNRESOLVED","","ASNDG2BDEPMD","","rastersymbols-day.png:718,454,6x10@12,4","no exact/direct/semantic ESRI match; generic category fallback disabled"
"SOUNDS28","POINT","UNRESOLVED","","ASNDG2BDEPMD","","rastersymbols-day.png:734,454,6x10@12,4","no exact/direct/semantic ESRI match; generic category fallback disabled"
"SOUNDS29","POINT","UNRESOLVED","","ASNDG2BDEPMD","","rastersymbols-day.png:750,454,6x10@12,4","no exact/direct/semantic ESRI match; generic category fallback disabled"
"SOUNDS30","POINT","UNRESOLVED","","ASNDG2BDEPMD","","rastersymbols-day.png:766,454,6x10@19,4","no exact/direct/semantic ESRI match; generic category fallback disabled"
"SOUNDS31","POINT","UNRESOLVED","","ASNDG2BDEPMD","","rastersymbols-day.png:782,454,4x10@18,4","no exact/direct/semantic ESRI match; generic category fallback disabled"
"SOUNDS32","POINT","UNRESOLVED","","ASNDG2BDEPMD","","rastersymbols-day.png:796,454,6x10@19,4","no exact/direct/semantic ESRI match; generic category fallback disabled"
"SOUNDS33","POINT","UNRESOLVED","","ASNDG2BDEPMD","","rastersymbols-day.png:812,454,6x10@19,4","no exact/direct/semantic ESRI match; generic category fallback disabled"
"SOUNDS34","POINT","UNRESOLVED","","ASNDG2BDEPMD","","rastersymbols-day.png:828,454,6x10@19,4","no exact/direct/semantic ESRI match; generic category fallback disabled"
"SOUNDS35","POINT","UNRESOLVED","","ASNDG2BDEPMD","","rastersymbols-day.png:844,454,6x10@19,4","no exact/direct/semantic ESRI match; generic category fallback disabled"
"SOUNDS36","POINT","UNRESOLVED","","ASNDG2BDEPMD","","rastersymbols-day.png:860,454,6x10@19,4","no exact/direct/semantic ESRI match; generic category fallback disabled"
"SOUNDS37","POINT","UNRESOLVED","","ASNDG2BDEPMD","","rastersymbols-day.png:876,454,6x10@19,4","no exact/direct/semantic ESRI match; generic category fallback disabled"
"SOUNDS38","POINT","UNRESOLVED","","ASNDG2BDEPMD","","rastersymbols-day.png:892,454,6x10@19,4","no exact/direct/semantic ESRI match; generic category fallback disabled"
"SOUNDS39","POINT","UNRESOLVED","","ASNDG2BDEPMD","","rastersymbols-day.png:908,454,6x10@19,4","no exact/direct/semantic ESRI match; generic category fallback disabled"
"SOUNDS40","POINT","UNRESOLVED","","ASNDG2BDEPMD","","rastersymbols-day.png:924,454,6x10@-9,4","no exact/direct/semantic ESRI match; generic category fallback disabled"
"SOUNDS41","POINT","UNRESOLVED","","ASNDG2BDEPMD","","rastersymbols-day.png:940,454,4x10@-9,4","no exact/direct/semantic ESRI match; generic category fallback disabled"
"SOUNDS42","POINT","UNRESOLVED","","ASNDG2BDEPMD","","rastersymbols-day.png:954,454,6x10@-9,4","no exact/direct/semantic ESRI match; generic category fallback disabled"
"SOUNDS43","POINT","UNRESOLVED","","ASNDG2BDEPMD","","rastersymbols-day.png:970,454,6x10@-9,4","no exact/direct/semantic ESRI match; generic category fallback disabled"
"SOUNDS44","POINT","UNRESOLVED","","ASNDG2BDEPMD","","rastersymbols-day.png:986,454,6x10@-9,4","no exact/direct/semantic ESRI match; generic category fallback disabled"
"SOUNDS45","POINT","UNRESOLVED","","ASNDG2BDEPMD","","rastersymbols-day.png:1002,454,6x10@-9,4","no exact/direct/semantic ESRI match; generic category fallback disabled"
"SOUNDS46","POINT","UNRESOLVED","","ASNDG2BDEPMD","","rastersymbols-day.png:1018,454,6x10@-9,4","no exact/direct/semantic ESRI match; generic category fallback disabled"
"SOUNDS47","POINT","UNRESOLVED","","ASNDG2BDEPMD","","rastersymbols-day.png:1034,454,6x10@-9,4","no exact/direct/semantic ESRI match; generic category fallback disabled"
"SOUNDS48","POINT","UNRESOLVED","","ASNDG2BDEPMD","","rastersymbols-day.png:1050,454,6x10@-9,4","no exact/direct/semantic ESRI match; generic category fallback disabled"
"SOUNDS49","POINT","UNRESOLVED","","ASNDG2BDEPMD","","rastersymbols-day.png:1066,454,6x10@-9,4","no exact/direct/semantic ESRI match; generic category fallback disabled"
"SOUNDS50","POINT","UNRESOLVED","","ASNDG2BDEPMD","","rastersymbols-day.png:1082,454,6x10@-2,0","no exact/direct/semantic ESRI match; generic category fallback disabled"
"SOUNDS51","POINT","UNRESOLVED","","ASNDG2BDEPMD","","rastersymbols-day.png:1098,454,4x10@-2,0","no exact/direct/semantic ESRI match; generic category fallback disabled"
"SOUNDS52","POINT","UNRESOLVED","","ASNDG2BDEPMD","","rastersymbols-day.png:1112,454,6x10@-2,0","no exact/direct/semantic ESRI match; generic category fallback disabled"
"SOUNDS53","POINT","UNRESOLVED","","ASNDG2BDEPMD","","rastersymbols-day.png:1128,454,6x10@-2,0","no exact/direct/semantic ESRI match; generic category fallback disabled"
"SOUNDS54","POINT","UNRESOLVED","","ASNDG2BDEPMD","","rastersymbols-day.png:1144,454,6x10@-2,0","no exact/direct/semantic ESRI match; generic category fallback disabled"
"SOUNDS55","POINT","UNRESOLVED","","ASNDG2BDEPMD","","rastersymbols-day.png:1160,454,6x10@-2,0","no exact/direct/semantic ESRI match; generic category fallback disabled"
"SOUNDS56","POINT","UNRESOLVED","","ASNDG2BDEPMD","","rastersymbols-day.png:1176,454,6x10@-2,0","no exact/direct/semantic ESRI match; generic category fallback disabled"
"SOUNDS57","POINT","UNRESOLVED","","ASNDG2BDEPMD","","rastersymbols-day.png:1192,454,6x10@-2,0","no exact/direct/semantic ESRI match; generic category fallback disabled"
"SOUNDS58","POINT","UNRESOLVED","","ASNDG2BDEPMD","","rastersymbols-day.png:1208,454,6x10@-2,0","no exact/direct/semantic ESRI match; generic category fallback disabled"
"SOUNDS59","POINT","UNRESOLVED","","ASNDG2BDEPMD","","rastersymbols-day.png:1224,454,6x10@-2,0","no exact/direct/semantic ESRI match; generic category fallback disabled"
"ADDMRK01","POINT","UNRESOLVED","","ACHBLKBCHWHT","","rastersymbols-day.png:1240,454,17x31@-15,15","no exact/direct/semantic ESRI match; generic category fallback disabled"
"ADDMRK02","POINT","UNRESOLVED","","ACHBLKBCHWHT","","rastersymbols-day.png:1267,454,17x31@31,15","no exact/direct/semantic ESRI match; generic category fallback disabled"
"ADDMRK03","POINT","UNRESOLVED","","ACHBLKBCHWHT","","rastersymbols-day.png:1294,454,31x11@15,-23","no exact/direct/semantic ESRI match; generic category fallback disabled"
"ADDMRK04","POINT","UNRESOLVED","","ACHBLKBCHWHT","","rastersymbols-day.png:1335,454,31x11@15,31","no exact/direct/semantic ESRI match; generic category fallback disabled"
"ADDMRK05","POINT","UNRESOLVED","","ACHBLKBCHWHT","","rastersymbols-day.png:1376,454,31x11@15,-15","no exact/direct/semantic ESRI match; generic category fallback disabled"
"ADDMRK06","POINT","UNRESOLVED","","ACHBLKBCHWHT","","rastersymbols-day.png:1417,454,31x11@15,25","no exact/direct/semantic ESRI match; generic category fallback disabled"
"ADDMRK07","POINT","UNRESOLVED","","ACHBLKBCHWHT","","rastersymbols-day.png:10,495,17x31@-22,15","no exact/direct/semantic ESRI match; generic category fallback disabled"
"ADDMRK08","POINT","UNRESOLVED","","ACHBLKBCHWHT","","rastersymbols-day.png:37,495,17x31@38,15","no exact/direct/semantic ESRI match; generic category fallback disabled"
"ADDMRK09","POINT","UNRESOLVED","","ACHBLKBCHWHT","","rastersymbols-day.png:64,495,31x16@15,-15","no exact/direct/semantic ESRI match; generic category fallback disabled"
"ADDMRK10","POINT","UNRESOLVED","","ACHBLKBCHWHT","","rastersymbols-day.png:105,495,31x16@15,-23","no exact/direct/semantic ESRI match; generic category fallback disabled"
"BCNLAT23","POINT","CUSTOM_SYMBOL_MAP","Q90_Stake_pole.svg","ADEPMDBCHBLKDCHGRNCCHRED","","rastersymbols-day.png:146,495,8x22@4,11","CustomSymbolMap object rule for BCNLAT"
"BCNSTK03","POINT","SEMANTIC_TOKEN","Q83_Beacon_submerged_rock.svg","ADEPMDBCHBLK","","rastersymbols-day.png:164,495,7x14@3,11","semantic token match for BCNSTK"
"BORDER01","POINT","UNRESOLVED","","BCHGRDCCHREDDDEPDWADEPMD","","rastersymbols-day.png:181,495,20x24@9,11","no exact/direct/semantic ESRI match; generic category fallback disabled"
"BOYLAT25","POINT","CUSTOM_SYMBOL_MAP","Q23a_Pillar_buoy.svg","ADEPMDBCHBLKDCHGRNCCHRED","","rastersymbols-day.png:211,495,17x17@8,8","CustomSymbolMap object rule for BOYLAT"
"BOYLAT26","POINT","CUSTOM_SYMBOL_MAP","Q23a_Pillar_buoy.svg","ADEPMDBCHBLKCCHREDDCHWHT","","rastersymbols-day.png:238,495,10x20@4,9","CustomSymbolMap object rule for BOYLAT"
"BOYLAT27","POINT","CUSTOM_SYMBOL_MAP","Q23a_Pillar_buoy.svg","ADEPMDBCHBLKCCHGRNDCHWHT","","rastersymbols-day.png:258,495,10x20@4,9","CustomSymbolMap object rule for BOYLAT"
"BUNSTA01","POINT","UNRESOLVED","","ADEPMDBCHBLKCNODTADCHWHT","","rastersymbols-day.png:278,495,16x19@5,10","no exact/direct/semantic ESRI match; generic category fallback disabled"
"BUNSTA02","POINT","UNRESOLVED","","ADEPMDBCHBLKCRESBLDNODTA","","rastersymbols-day.png:304,495,14x22@6,11","no exact/direct/semantic ESRI match; generic category fallback disabled"
"BUNSTA03","POINT","UNRESOLVED","","ADEPMDBCHBLKCNODTA","","rastersymbols-day.png:328,495,21x19@11,12","no exact/direct/semantic ESRI match; generic category fallback disabled"
"CATHAF01","POINT","UNRESOLVED","","ACHBLKBCHWHT","","rastersymbols-day.png:359,495,27x27@13,13","no exact/direct/semantic ESRI match; generic category fallback disabled"
"CATHAF02","POINT","UNRESOLVED","","ACHBLKBCHWHTCCHREDDNODTAECURSR","","rastersymbols-day.png:396,495,27x27@13,13","no exact/direct/semantic ESRI match; generic category fallback disabled"
"CATHAF04","POINT","UNRESOLVED","","ACHBLKBCHWHTCCHGRD","","rastersymbols-day.png:433,495,27x27@13,13","no exact/direct/semantic ESRI match; generic category fallback disabled"
"CUSTOM01","POINT","UNRESOLVED","","DCHGRDBCHREDCCHWHTADEPMD","","rastersymbols-day.png:470,495,17x17@8,8","no exact/direct/semantic ESRI match; generic category fallback disabled"
"DISMAR05","POINT","UNRESOLVED","","ACHBLK","","rastersymbols-day.png:497,495,7x7@3,3","no exact/direct/semantic ESRI match; generic category fallback disabled"
"DISMAR06","POINT","UNRESOLVED","","ACHBLK","","rastersymbols-day.png:514,495,11x11@5,5","no exact/direct/semantic ESRI match; generic category fallback disabled"
"HECMTR01","POINT","UNRESOLVED","","ACHMGD","","rastersymbols-day.png:535,495,7x7@3,3","no exact/direct/semantic ESRI match; generic category fallback disabled"
"HECMTR02","POINT","UNRESOLVED","","ACHMGD","","rastersymbols-day.png:552,495,9x9@4,4","no exact/direct/semantic ESRI match; generic category fallback disabled"
"HGWTMK01","POINT","UNRESOLVED","","ADEPMDBCHBLKCDEPDW","","rastersymbols-day.png:571,495,21x34@10,31","no exact/direct/semantic ESRI match; generic category fallback disabled"
"HRBFAC10","POINT","CUSTOM_SYMBOL_MAP","F10_Fishing_harbor.svg","ADEPMDBCHBLKCNODTA","","rastersymbols-day.png:602,495,19x19@9,9","CustomSymbolMap object rule for HRBFAC"
"HRBFAC11","POINT","CUSTOM_SYMBOL_MAP","F10_Fishing_harbor.svg","ADEPMDBCHBLKCNODTA","","rastersymbols-day.png:631,495,19x19@9,9","CustomSymbolMap object rule for HRBFAC"
"HRBFAC12","POINT","CUSTOM_SYMBOL_MAP","F10_Fishing_harbor.svg","ADEPMDBCHBLKCNODTA","","rastersymbols-day.png:660,495,19x19@9,9","CustomSymbolMap object rule for HRBFAC"
"HRBFAC13","POINT","CUSTOM_SYMBOL_MAP","F10_Fishing_harbor.svg","ADEPMDBCHBLKCNODTA","","rastersymbols-day.png:689,495,18x23@8,11","CustomSymbolMap object rule for HRBFAC"
"HRBFAC14","POINT","CUSTOM_SYMBOL_MAP","F10_Fishing_harbor.svg","ADEPMDBCHBLKCNODTA","","rastersymbols-day.png:717,495,19x19@9,9","CustomSymbolMap object rule for HRBFAC"
"HRBFAC15","POINT","CUSTOM_SYMBOL_MAP","F10_Fishing_harbor.svg","ADEPMDBCHBLKCNODTA","","rastersymbols-day.png:746,495,19x19@9,9","CustomSymbolMap object rule for HRBFAC"
"HRBFAC16","POINT","CUSTOM_SYMBOL_MAP","F10_Fishing_harbor.svg","ADEPMDBCHBLKCNODTA","","rastersymbols-day.png:775,495,19x19@9,9","CustomSymbolMap object rule for HRBFAC"
"HRBFAC17","POINT","CUSTOM_SYMBOL_MAP","F10_Fishing_harbor.svg","ADEPMDBCHBLKCNODTA","","rastersymbols-day.png:804,495,19x19@9,9","CustomSymbolMap object rule for HRBFAC"
"HRBFAC18","POINT","CUSTOM_SYMBOL_MAP","F10_Fishing_harbor.svg","ADEPMDBCHBLKCNODTA","","rastersymbols-day.png:833,495,19x19@9,9","CustomSymbolMap object rule for HRBFAC"
"NMKINF02","POINT","UNRESOLVED","","ACHBLKBRESBLCCHWHT","","rastersymbols-day.png:862,495,31x31@15,15","no exact/direct/semantic ESRI match; generic category fallback disabled"
"NMKINF03","POINT","UNRESOLVED","","ACHBLKBRESBLCCHWHT","","rastersymbols-day.png:903,495,45x31@22,15","no exact/direct/semantic ESRI match; generic category fallback disabled"
"NMKINF04","POINT","UNRESOLVED","","ACHBLKBRESBLCCHWHT","","rastersymbols-day.png:958,495,45x31@22,15","no exact/direct/semantic ESRI match; generic category fallback disabled"
"NMKINF05","POINT","UNRESOLVED","","ACHBLKBRESBLCCHWHT","","rastersymbols-day.png:1013,495,45x31@22,15","no exact/direct/semantic ESRI match; generic category fallback disabled"
"NMKINF19","POINT","UNRESOLVED","","ACHBLKBRESBLCCHWHT","","rastersymbols-day.png:1068,495,31x45@15,21","no exact/direct/semantic ESRI match; generic category fallback disabled"
"NMKINF22","POINT","UNRESOLVED","","ACHBLKBRESBLCCHWHT","","rastersymbols-day.png:1109,495,31x31@15,15","no exact/direct/semantic ESRI match; generic category fallback disabled"
"NMKINF23","POINT","UNRESOLVED","","ACHBLKBRESBLCCHWHT","","rastersymbols-day.png:1150,495,31x31@15,15","no exact/direct/semantic ESRI match; generic category fallback disabled"
"NMKINF24","POINT","UNRESOLVED","","ACHBLKBRESBLCCHWHT","","rastersymbols-day.png:1191,495,31x31@15,15","no exact/direct/semantic ESRI match; generic category fallback disabled"
"NMKINF25","POINT","UNRESOLVED","","ACHBLKBRESBLCCHWHT","","rastersymbols-day.png:1232,495,31x31@16,15","no exact/direct/semantic ESRI match; generic category fallback disabled"
"NMKINF28","POINT","UNRESOLVED","","ACHBLKBRESBLCCHWHT","","rastersymbols-day.png:1273,495,31x31@15,15","no exact/direct/semantic ESRI match; generic category fallback disabled"
"NMKINF29","POINT","UNRESOLVED","","ACHBLKBRESBLCCHWHT","","rastersymbols-day.png:1314,495,31x31@15,15","no exact/direct/semantic ESRI match; generic category fallback disabled"
"NMKINF30","POINT","UNRESOLVED","","ACHBLKBRESBLCCHWHT","","rastersymbols-day.png:1355,495,31x31@15,15","no exact/direct/semantic ESRI match; generic category fallback disabled"
"NMKINF31","POINT","UNRESOLVED","","ACHBLKBRESBLCCHWHT","","rastersymbols-day.png:1396,495,31x31@15,15","no exact/direct/semantic ESRI match; generic category fallback disabled"
"NMKINF32","POINT","UNRESOLVED","","ACHBLKBRESBLCCHWHT","","rastersymbols-day.png:1437,495,31x31@15,15","no exact/direct/semantic ESRI match; generic category fallback disabled"
"NMKINF33","POINT","UNRESOLVED","","ACHBLKBRESBLCCHWHT","","rastersymbols-day.png:10,550,31x31@15,15","no exact/direct/semantic ESRI match; generic category fallback disabled"
"NMKINF34","POINT","UNRESOLVED","","ACHBLKBRESBLCCHWHT","","rastersymbols-day.png:51,550,31x31@15,15","no exact/direct/semantic ESRI match; generic category fallback disabled"
"NMKINF35","POINT","UNRESOLVED","","ACHBLKBRESBLCCHWHT","","rastersymbols-day.png:92,550,31x31@15,15","no exact/direct/semantic ESRI match; generic category fallback disabled"
"NMKINF36","POINT","UNRESOLVED","","ACHBLKBRESBLCCHWHT","","rastersymbols-day.png:133,550,31x31@15,15","no exact/direct/semantic ESRI match; generic category fallback disabled"
"NMKINF37","POINT","UNRESOLVED","","ACHBLKBRESBLCCHWHT","","rastersymbols-day.png:174,550,31x31@15,15","no exact/direct/semantic ESRI match; generic category fallback disabled"
"NMKINF38","POINT","UNRESOLVED","","ACHBLKBRESBLCCHWHT","","rastersymbols-day.png:215,550,31x45@15,21","no exact/direct/semantic ESRI match; generic category fallback disabled"
"NMKINF39","POINT","UNRESOLVED","","ACHBLKBRESBLCCHWHT","","rastersymbols-day.png:256,550,31x31@15,15","no exact/direct/semantic ESRI match; generic category fallback disabled"
"NMKINF40","POINT","UNRESOLVED","","ACHBLKBRESBLCCHWHT","","rastersymbols-day.png:297,550,31x31@15,15","no exact/direct/semantic ESRI match; generic category fallback disabled"
"NMKINF41","POINT","UNRESOLVED","","ACHBLKBRESBLCCHWHT","","rastersymbols-day.png:338,550,31x31@15,15","no exact/direct/semantic ESRI match; generic category fallback disabled"
"NMKINF42","POINT","UNRESOLVED","","ACHBLKBRESBLCCHWHT","","rastersymbols-day.png:379,550,31x31@15,15","no exact/direct/semantic ESRI match; generic category fallback disabled"
"NMKINF43","POINT","UNRESOLVED","","ACHBLKBRESBLCCHWHT","","rastersymbols-day.png:420,550,31x31@15,15","no exact/direct/semantic ESRI match; generic category fallback disabled"
"NMKINF44","POINT","UNRESOLVED","","ACHBLKBRESBLCCHWHT","","rastersymbols-day.png:461,550,31x31@15,15","no exact/direct/semantic ESRI match; generic category fallback disabled"
"NMKINF45","POINT","UNRESOLVED","","ACHBLKBRESBLCCHWHT","","rastersymbols-day.png:502,550,31x31@15,15","no exact/direct/semantic ESRI match; generic category fallback disabled"
"NMKINF46","POINT","UNRESOLVED","","ACHBLKBRESBLCCHWHT","","rastersymbols-day.png:543,550,31x31@15,15","no exact/direct/semantic ESRI match; generic category fallback disabled"
"NMKINF47","POINT","UNRESOLVED","","ACHBLKBRESBLCCHWHT","","rastersymbols-day.png:584,550,31x31@15,15","no exact/direct/semantic ESRI match; generic category fallback disabled"
"NMKINF48","POINT","UNRESOLVED","","ACHBLKBRESBLCCHWHT","","rastersymbols-day.png:625,550,31x31@15,15","no exact/direct/semantic ESRI match; generic category fallback disabled"
"NMKINF49","POINT","UNRESOLVED","","ACHBLKBRESBLCCHWHT","","rastersymbols-day.png:666,550,31x31@15,15","no exact/direct/semantic ESRI match; generic category fallback disabled"
"NMKINF50","POINT","UNRESOLVED","","ACHBLKBRESBLCCHWHT","","rastersymbols-day.png:707,550,31x31@15,15","no exact/direct/semantic ESRI match; generic category fallback disabled"
"NMKINF51","POINT","UNRESOLVED","","ACHBLKBRESBLCCHWHT","","rastersymbols-day.png:748,550,31x31@15,15","no exact/direct/semantic ESRI match; generic category fallback disabled"
"NMKINF52","POINT","UNRESOLVED","","ACHBLKBRESBLCCHWHT","","rastersymbols-day.png:789,550,31x31@15,15","no exact/direct/semantic ESRI match; generic category fallback disabled"
"NMKINF53","POINT","UNRESOLVED","","ACHBLKBRESBLCCHWHT","","rastersymbols-day.png:830,550,31x31@15,15","no exact/direct/semantic ESRI match; generic category fallback disabled"
"NMKINF54","POINT","UNRESOLVED","","ACHBLKBRESBLCCHWHT","","rastersymbols-day.png:871,550,31x31@15,15","no exact/direct/semantic ESRI match; generic category fallback disabled"
"NMKINF55","POINT","UNRESOLVED","","ACHBLKBRESBLCCHWHT","","rastersymbols-day.png:912,550,31x31@15,15","no exact/direct/semantic ESRI match; generic category fallback disabled"
"NMKPRH01","POINT","UNRESOLVED","","ACHBLKBCHREDCCHWHT","","rastersymbols-day.png:953,550,31x31@15,15","no exact/direct/semantic ESRI match; generic category fallback disabled"
"NMKPRH04","POINT","UNRESOLVED","","ACHBLKBCHREDCCHWHT","","rastersymbols-day.png:994,550,31x45@15,21","no exact/direct/semantic ESRI match; generic category fallback disabled"
"NMKPRH05","POINT","UNRESOLVED","","ACHBLKBCHREDCCHWHT","","rastersymbols-day.png:1035,550,31x45@15,21","no exact/direct/semantic ESRI match; generic category fallback disabled"
"NMKPRH06","POINT","UNRESOLVED","","ACHBLKBCHREDCCHWHT","","rastersymbols-day.png:1076,550,31x45@15,21","no exact/direct/semantic ESRI match; generic category fallback disabled"
"NMKPRH08","POINT","UNRESOLVED","","ACHBLKBCHREDCCHWHT","","rastersymbols-day.png:1117,550,31x45@15,21","no exact/direct/semantic ESRI match; generic category fallback disabled"
"NMKPRH10","POINT","UNRESOLVED","","ACHBLKBCHREDCCHWHT","","rastersymbols-day.png:1158,550,31x31@15,15","no exact/direct/semantic ESRI match; generic category fallback disabled"
"NMKPRH11","POINT","UNRESOLVED","","ACHBLKBCHREDCCHWHT","","rastersymbols-day.png:1199,550,31x31@15,15","no exact/direct/semantic ESRI match; generic category fallback disabled"
"NMKPRH14","POINT","UNRESOLVED","","ACHBLKBCHREDCCHWHT","","rastersymbols-day.png:1240,550,31x31@15,15","no exact/direct/semantic ESRI match; generic category fallback disabled"
"NMKPRH15","POINT","UNRESOLVED","","ACHBLKBCHREDCCHWHT","","rastersymbols-day.png:1281,550,31x31@15,15","no exact/direct/semantic ESRI match; generic category fallback disabled"
"NMKPRH16","POINT","UNRESOLVED","","ACHBLKBCHREDCCHWHT","","rastersymbols-day.png:1322,550,31x31@15,15","no exact/direct/semantic ESRI match; generic category fallback disabled"
"NMKPRH17","POINT","UNRESOLVED","","ACHBLKBCHREDCCHWHT","","rastersymbols-day.png:1363,550,31x31@15,15","no exact/direct/semantic ESRI match; generic category fallback disabled"
"NMKPRH18","POINT","UNRESOLVED","","ACHBLKBCHREDCCHWHT","","rastersymbols-day.png:1404,550,31x31@15,15","no exact/direct/semantic ESRI match; generic category fallback disabled"
"NMKPRH19","POINT","UNRESOLVED","","ACHBLKBCHREDCCHWHT","","rastersymbols-day.png:10,605,31x31@15,15","no exact/direct/semantic ESRI match; generic category fallback disabled"
"NMKPRH20","POINT","UNRESOLVED","","ACHBLKBCHREDCCHWHT","","rastersymbols-day.png:51,605,31x31@15,15","no exact/direct/semantic ESRI match; generic category fallback disabled"
"NMKPRH21","POINT","UNRESOLVED","","ACHBLKBCHREDCCHWHT","","rastersymbols-day.png:92,605,31x31@15,15","no exact/direct/semantic ESRI match; generic category fallback disabled"
"NMKPRH22","POINT","UNRESOLVED","","ACHBLKBCHREDCCHWHT","","rastersymbols-day.png:133,605,31x31@15,15","no exact/direct/semantic ESRI match; generic category fallback disabled"
"NMKRCD05","POINT","UNRESOLVED","","ACHBLKBRESBLCCHWHT","","rastersymbols-day.png:174,605,45x31@22,15","no exact/direct/semantic ESRI match; generic category fallback disabled"
"NMKRCD06","POINT","UNRESOLVED","","ACHBLKBRESBLCCHWHT","","rastersymbols-day.png:229,605,45x31@22,15","no exact/direct/semantic ESRI match; generic category fallback disabled"
"NMKREG01","POINT","UNRESOLVED","","ACHBLKBCHREDCCHWHT","","rastersymbols-day.png:284,605,31x31@15,15","no exact/direct/semantic ESRI match; generic category fallback disabled"
"NMKREG02","POINT","UNRESOLVED","","ACHBLKBCHREDCCHWHT","","rastersymbols-day.png:325,605,45x31@22,15","no exact/direct/semantic ESRI match; generic category fallback disabled"
"NMKREG03","POINT","UNRESOLVED","","ACHBLKBCHREDCCHWHT","","rastersymbols-day.png:380,605,45x31@22,15","no exact/direct/semantic ESRI match; generic category fallback disabled"
"NMKREG04","POINT","UNRESOLVED","","ACHBLKBCHREDCCHWHT","","rastersymbols-day.png:435,605,31x45@15,21","no exact/direct/semantic ESRI match; generic category fallback disabled"
"NMKREG05","POINT","UNRESOLVED","","ACHBLKBCHREDCCHWHT","","rastersymbols-day.png:476,605,31x45@15,21","no exact/direct/semantic ESRI match; generic category fallback disabled"
"NMKREG06","POINT","UNRESOLVED","","ACHBLKBCHREDCCHWHT","","rastersymbols-day.png:517,605,31x45@15,21","no exact/direct/semantic ESRI match; generic category fallback disabled"
"NMKREG07","POINT","UNRESOLVED","","ACHBLKBCHREDCCHWHT","","rastersymbols-day.png:558,605,31x45@15,21","no exact/direct/semantic ESRI match; generic category fallback disabled"
"NMKREG08","POINT","UNRESOLVED","","ACHBLKBCHREDCCHWHT","","rastersymbols-day.png:599,605,31x45@15,21","no exact/direct/semantic ESRI match; generic category fallback disabled"
"NMKREG09","POINT","UNRESOLVED","","ACHBLKBCHREDCCHWHT","","rastersymbols-day.png:640,605,31x45@15,21","no exact/direct/semantic ESRI match; generic category fallback disabled"
"NMKREG10","POINT","UNRESOLVED","","ACHBLKBCHREDCCHWHT","","rastersymbols-day.png:681,605,31x31@15,15","no exact/direct/semantic ESRI match; generic category fallback disabled"
"NMKREG11","POINT","UNRESOLVED","","ACHBLKBCHREDCCHWHT","","rastersymbols-day.png:722,605,31x31@15,15","no exact/direct/semantic ESRI match; generic category fallback disabled"
"NMKREG12","POINT","UNRESOLVED","","ACHBLKBCHREDCCHWHT","","rastersymbols-day.png:763,605,31x31@15,15","no exact/direct/semantic ESRI match; generic category fallback disabled"
"NMKREG13","POINT","UNRESOLVED","","ACHBLKBCHREDCCHWHT","","rastersymbols-day.png:804,605,31x31@15,15","no exact/direct/semantic ESRI match; generic category fallback disabled"
"NMKREG14","POINT","UNRESOLVED","","ACHBLKBCHREDCCHWHT","","rastersymbols-day.png:845,605,31x31@15,15","no exact/direct/semantic ESRI match; generic category fallback disabled"
"NMKREG15","POINT","UNRESOLVED","","ACHBLKBCHREDCCHWHT","","rastersymbols-day.png:886,605,31x31@15,15","no exact/direct/semantic ESRI match; generic category fallback disabled"
"NMKREG16","POINT","UNRESOLVED","","ACHBLKBCHREDCCHWHT","","rastersymbols-day.png:927,605,31x31@15,15","no exact/direct/semantic ESRI match; generic category fallback disabled"
"NMKREG17","POINT","UNRESOLVED","","ACHBLKBCHREDCCHWHT","","rastersymbols-day.png:968,605,31x31@15,15","no exact/direct/semantic ESRI match; generic category fallback disabled"
"NMKREG18","POINT","UNRESOLVED","","ACHBLKBCHREDCCHWHT","","rastersymbols-day.png:1009,605,31x31@15,15","no exact/direct/semantic ESRI match; generic category fallback disabled"
"NMKREG19","POINT","UNRESOLVED","","ACHBLKBCHREDCCHWHT","","rastersymbols-day.png:1050,605,45x31@22,15","no exact/direct/semantic ESRI match; generic category fallback disabled"
"NMKREG20","POINT","UNRESOLVED","","ACHBLKBCHREDCCHWHT","","rastersymbols-day.png:1105,605,45x31@22,15","no exact/direct/semantic ESRI match; generic category fallback disabled"
"NOTMRK01","POINT","UNRESOLVED","","ADEPMDBCHBLKCCHREDDCHWHT","","rastersymbols-day.png:1160,605,15x15@7,7","no exact/direct/semantic ESRI match; generic category fallback disabled"
"NOTMRK02","POINT","UNRESOLVED","","ADEPMDBCHBLKCCHREDDCHWHT","","rastersymbols-day.png:1185,605,15x15@7,7","no exact/direct/semantic ESRI match; generic category fallback disabled"
"NOTMRK03","POINT","UNRESOLVED","","ADEPMDBCHBLKCRESBL","","rastersymbols-day.png:1210,605,15x15@7,7","no exact/direct/semantic ESRI match; generic category fallback disabled"
"PIER0001","POINT","UNRESOLVED","","ADEPMDBCHBLKCLANDADCHGRDECSTLNFDEPMS","","rastersymbols-day.png:1235,605,21x21@10,10","no exact/direct/semantic ESRI match; generic category fallback disabled"
"RADHLT01","POINT","UNRESOLVED","","ARADHI","","rastersymbols-day.png:1266,605,17x17@8,8","no exact/direct/semantic ESRI match; generic category fallback disabled"
"REFDMP01","POINT","UNRESOLVED","","ADEPMDBCHBLKCCHGRDDCHGRN","","rastersymbols-day.png:1293,605,19x24@9,12","no exact/direct/semantic ESRI match; generic category fallback disabled"
"SSENTR01","POINT","UNRESOLVED","","ADEPMDBCHBLKCDEPDW","","rastersymbols-day.png:1322,605,17x31@8,28","no exact/direct/semantic ESRI match; generic category fallback disabled"
"SSLOCK01","POINT","UNRESOLVED","","ADEPMDBCHBLKCDEPDW","","rastersymbols-day.png:1349,605,21x26@10,23","no exact/direct/semantic ESRI match; generic category fallback disabled"
"SSWARS01","POINT","UNRESOLVED","","ADEPMDBCHBLKCDEPDW","","rastersymbols-day.png:1380,605,17x31@8,28","no exact/direct/semantic ESRI match; generic category fallback disabled"
"TERMNL01","POINT","UNRESOLVED","","ADEPMDBCHBLKCNODTA","","rastersymbols-day.png:1407,605,27x27@13,13","no exact/direct/semantic ESRI match; generic category fallback disabled"
"TERMNL02","POINT","UNRESOLVED","","ADEPMDBCHBLKCNODTADCHGRD","","rastersymbols-day.png:10,660,27x27@13,13","no exact/direct/semantic ESRI match; generic category fallback disabled"
"TERMNL03","POINT","UNRESOLVED","","ADEPMDBCHBLKCNODTADCHREDERADHI","","rastersymbols-day.png:47,660,27x27@13,13","no exact/direct/semantic ESRI match; generic category fallback disabled"
"TERMNL04","POINT","UNRESOLVED","","ADEPMDBCHBLKCNODTADCHWHTECHGRD","","rastersymbols-day.png:84,660,27x27@13,13","no exact/direct/semantic ESRI match; generic category fallback disabled"
"TERMNL05","POINT","UNRESOLVED","","ADEPMDBCHBLKCNODTA","","rastersymbols-day.png:121,660,27x27@13,13","no exact/direct/semantic ESRI match; generic category fallback disabled"
"TERMNL06","POINT","UNRESOLVED","","ADEPMDBCHBLKCNODTA","","rastersymbols-day.png:158,660,27x27@13,13","no exact/direct/semantic ESRI match; generic category fallback disabled"
"TERMNL07","POINT","UNRESOLVED","","ADEPMDBCHBLKCNODTA","","rastersymbols-day.png:195,660,27x27@13,13","no exact/direct/semantic ESRI match; generic category fallback disabled"
"TERMNL08","POINT","UNRESOLVED","","ADEPMDBCHBLKCNODTA","","rastersymbols-day.png:232,660,27x27@13,13","no exact/direct/semantic ESRI match; generic category fallback disabled"
"TERMNL09","POINT","UNRESOLVED","","ADEPMDBCHBLKCNODTADCHREDECHYLWFCHGRD","","rastersymbols-day.png:269,660,27x27@13,13","no exact/direct/semantic ESRI match; generic category fallback disabled"
"TERMNL10","POINT","UNRESOLVED","","ADEPMDBCHBLKCNODTA","","rastersymbols-day.png:306,660,27x27@13,13","no exact/direct/semantic ESRI match; generic category fallback disabled"
"TERMNL11","POINT","UNRESOLVED","","ADEPMDBCHBLKCNODTA","","rastersymbols-day.png:343,660,27x27@13,13","no exact/direct/semantic ESRI match; generic category fallback disabled"
"TERMNL12","POINT","UNRESOLVED","","ADEPMDBCHBLKCNODTA","","rastersymbols-day.png:380,660,27x27@13,13","no exact/direct/semantic ESRI match; generic category fallback disabled"
"TERMNL13","POINT","UNRESOLVED","","ADEPMDBCHBLKCNODTA","","rastersymbols-day.png:417,660,27x27@13,13","no exact/direct/semantic ESRI match; generic category fallback disabled"
"TOPMA100","POINT","UNRESOLVED","","ADEPMDBCHBLKCCHRED","","rastersymbols-day.png:454,660,15x11@7,22","no exact/direct/semantic ESRI match; generic category fallback disabled"
"TOPMA101","POINT","UNRESOLVED","","ADEPMDBCHBLKCCHREDDCHWHT","","rastersymbols-day.png:479,660,15x11@7,22","no exact/direct/semantic ESRI match; generic category fallback disabled"
"TOPMA102","POINT","UNRESOLVED","","ADEPMDBCHBLKCCHGRN","","rastersymbols-day.png:504,660,15x12@7,23","no exact/direct/semantic ESRI match; generic category fallback disabled"
"TOPMA103","POINT","UNRESOLVED","","ADEPMDBCHBLKCCHGRNDCHWHT","","rastersymbols-day.png:529,660,15x12@7,23","no exact/direct/semantic ESRI match; generic category fallback disabled"
"TOPMA104","POINT","UNRESOLVED","","ADEPMDBCHBLKCCHREDDCHGRN","","rastersymbols-day.png:554,660,15x22@7,33","no exact/direct/semantic ESRI match; generic category fallback disabled"
"TOPMA105","POINT","UNRESOLVED","","ADEPMDBCHBLKCCHREDDCHWHTECHGRN","","rastersymbols-day.png:579,660,15x22@7,33","no exact/direct/semantic ESRI match; generic category fallback disabled"
"TOPMA106","POINT","UNRESOLVED","","ADEPMDBCHBLKCCHWHTDCHRED","","rastersymbols-day.png:604,660,15x15@7,26","no exact/direct/semantic ESRI match; generic category fallback disabled"
"TOPMA107","POINT","UNRESOLVED","","ADEPMDBCHBLKCCHREDDCHWHT","","rastersymbols-day.png:629,660,15x15@7,26","no exact/direct/semantic ESRI match; generic category fallback disabled"
"TOPMA108","POINT","UNRESOLVED","","ADEPMDBCHBLKCCHGRNDCHWHT","","rastersymbols-day.png:654,660,17x16@8,27","no exact/direct/semantic ESRI match; generic category fallback disabled"
"TOPMA109","POINT","UNRESOLVED","","ADEPMDBCHBLKCCHGRNDCHWHT","","rastersymbols-day.png:681,660,17x16@8,27","no exact/direct/semantic ESRI match; generic category fallback disabled"
"TOPMA110","POINT","UNRESOLVED","","ADEPMDBCHBLKCCHYLW","","rastersymbols-day.png:708,660,15x15@7,26","no exact/direct/semantic ESRI match; generic category fallback disabled"
"TOPMA111","POINT","UNRESOLVED","","ADEPMDBCHBLKCCHYLW","","rastersymbols-day.png:733,660,17x17@8,28","no exact/direct/semantic ESRI match; generic category fallback disabled"
"TOPMA112","POINT","UNRESOLVED","","ADEPMDBCHBLKCCHYLW","","rastersymbols-day.png:760,660,17x16@8,27","no exact/direct/semantic ESRI match; generic category fallback disabled"
"TOPMA113","POINT","UNRESOLVED","","ADEPMDBCHBLKCCHYLW","","rastersymbols-day.png:787,660,17x17@8,26","no exact/direct/semantic ESRI match; generic category fallback disabled"
"TOPMA114","POINT","UNRESOLVED","","ADEPMDBCHBLKCCHRED","","rastersymbols-day.png:814,660,8x23@2,23","no exact/direct/semantic ESRI match; generic category fallback disabled"
"TOPMA115","POINT","UNRESOLVED","","ADEPMDBCHBLKCCHGRN","","rastersymbols-day.png:830,660,8x23@3,23","no exact/direct/semantic ESRI match; generic category fallback disabled"
"TOPMA116","POINT","UNRESOLVED","","ADEPMDBCHBLKCCHREDDCHWHT","","rastersymbols-day.png:850,660,14x10@5,23","no exact/direct/semantic ESRI match; generic category fallback disabled"
"TOPMA117","POINT","UNRESOLVED","","ADEPMDBUINFDCCHREDDCHGRN","","rastersymbols-day.png:874,660,13x13@2,23","no exact/direct/semantic ESRI match; generic category fallback disabled"
"TRNBSN01","POINT","UNRESOLVED","","ADEPMDBCHMGD","","rastersymbols-day.png:897,660,23x23@11,11","no exact/direct/semantic ESRI match; generic category fallback disabled"
"CARTRF01","POINT","UNRESOLVED","","BCHBLKDCHGRFADEPMDCDEPMS","","rastersymbols-day.png:930,660,18x24@7,11","no exact/direct/semantic ESRI match; generic category fallback disabled"
"VTCLMK01","POINT","UNRESOLVED","","ADEPMDBCHBLKCDEPDW","","rastersymbols-day.png:958,660,8x24@3,3","no exact/direct/semantic ESRI match; generic category fallback disabled"
"WTLVGG01","POINT","UNRESOLVED","","ADEPMDBCHBLKCDEPDW","","rastersymbols-day.png:976,660,19x26@9,23","no exact/direct/semantic ESRI match; generic category fallback disabled"
"WTLVGG02","POINT","UNRESOLVED","","ADEPMDBCHBLKCDEPDW","","rastersymbols-day.png:1005,660,8x24@3,20","no exact/direct/semantic ESRI match; generic category fallback disabled"
"NMKINF06","POINT","UNRESOLVED","","ACHBLKBRESBLCCHWHT","","rastersymbols-day.png:1023,660,31x31@15,15","no exact/direct/semantic ESRI match; generic category fallback disabled"
"NMKINF07","POINT","UNRESOLVED","","ACHBLKBRESBLCCHWHT","","rastersymbols-day.png:1064,660,31x31@15,15","no exact/direct/semantic ESRI match; generic category fallback disabled"
"NMKINF08","POINT","UNRESOLVED","","ACHBLKBRESBLCCHWHT","","rastersymbols-day.png:1105,660,31x31@15,15","no exact/direct/semantic ESRI match; generic category fallback disabled"
"NMKINF09","POINT","UNRESOLVED","","ACHBLKBRESBLCCHWHT","","rastersymbols-day.png:1146,660,31x31@15,15","no exact/direct/semantic ESRI match; generic category fallback disabled"
"NMKINF10","POINT","UNRESOLVED","","ACHBLKBRESBLCCHWHT","","rastersymbols-day.png:1187,660,31x31@15,15","no exact/direct/semantic ESRI match; generic category fallback disabled"
"NMKINF11","POINT","UNRESOLVED","","ACHBLKBRESBLCCHWHT","","rastersymbols-day.png:1228,660,31x31@15,15","no exact/direct/semantic ESRI match; generic category fallback disabled"
"NMKINF12","POINT","UNRESOLVED","","ACHBLKBRESBLCCHWHT","","rastersymbols-day.png:1269,660,31x31@15,15","no exact/direct/semantic ESRI match; generic category fallback disabled"
"NMKINF13","POINT","UNRESOLVED","","ACHBLKBRESBLCCHWHT","","rastersymbols-day.png:1310,660,31x31@15,15","no exact/direct/semantic ESRI match; generic category fallback disabled"
"NMKINF14","POINT","UNRESOLVED","","ACHBLKBRESBLCCHWHT","","rastersymbols-day.png:1351,660,31x31@15,15","no exact/direct/semantic ESRI match; generic category fallback disabled"
"NMKINF15","POINT","UNRESOLVED","","ACHBLKBRESBLCCHWHT","","rastersymbols-day.png:1392,660,31x31@15,15","no exact/direct/semantic ESRI match; generic category fallback disabled"
"NMKINF16","POINT","UNRESOLVED","","ACHBLKBRESBLCCHWHT","","rastersymbols-day.png:1433,660,31x31@15,15","no exact/direct/semantic ESRI match; generic category fallback disabled"
"NMKINF17","POINT","UNRESOLVED","","ACHBLKBRESBLCCHWHT","","rastersymbols-day.png:10,701,31x31@15,15","no exact/direct/semantic ESRI match; generic category fallback disabled"
"NMKINF18","POINT","UNRESOLVED","","ACHBLKBRESBLCCHWHT","","rastersymbols-day.png:51,701,31x31@15,15","no exact/direct/semantic ESRI match; generic category fallback disabled"
"NMKINF20","POINT","UNRESOLVED","","ACHBLKBRESBLCCHWHT","","rastersymbols-day.png:92,701,31x31@15,15","no exact/direct/semantic ESRI match; generic category fallback disabled"
"NMKINF21","POINT","UNRESOLVED","","ACHBLKBRESBLCCHWHT","","rastersymbols-day.png:133,701,31x31@15,15","no exact/direct/semantic ESRI match; generic category fallback disabled"
"NMKINF26","POINT","UNRESOLVED","","AUINFDBRESBLCCHWHT","","rastersymbols-day.png:174,701,31x31@15,15","no exact/direct/semantic ESRI match; generic category fallback disabled"
"NMKINF27","POINT","UNRESOLVED","","AUINFDBRESBLCCHWHT","","rastersymbols-day.png:215,701,31x31@15,15","no exact/direct/semantic ESRI match; generic category fallback disabled"
"NMKPRH07","POINT","UNRESOLVED","","ACHBLKBCHREDCCHWHT","","rastersymbols-day.png:256,701,31x31@15,15","no exact/direct/semantic ESRI match; generic category fallback disabled"
"BOYCAN60","POINT","SEMANTIC_TOKEN","Q22a_Spherical_buoy.svg","ADEPMDBCHBLKCCHRED","","rastersymbols-day.png:297,701,19x15@9,11","semantic token match for BOYCAN"
"BOYBAR60","POINT","SEMANTIC_TOKEN","Q22a_Spherical_buoy.svg","ADEPMDBCHBLKCCHRED","","rastersymbols-day.png:326,701,24x15@12,11","semantic token match for BOYBAR"
"BOYBAR61","POINT","SEMANTIC_TOKEN","Q22a_Spherical_buoy.svg","ADEPMDBCHBLKCCHGRN","","rastersymbols-day.png:360,701,24x15@12,11","semantic token match for BOYBAR"
"BOYBAR62","POINT","SEMANTIC_TOKEN","Q22a_Spherical_buoy.svg","ADEPMDBCHBLKCCHYLW","","rastersymbols-day.png:394,701,24x15@12,11","semantic token match for BOYBAR"
"BOYSPH60","POINT","SEMANTIC_TOKEN","Q22a_Spherical_buoy.svg","ADEPMDBCHBLKCCHRED","","rastersymbols-day.png:428,701,19x15@9,11","semantic token match for BOYSPH"
"BOYSPH61","POINT","SEMANTIC_TOKEN","Q22a_Spherical_buoy.svg","ADEPMDBCHBLKCCHGRN","","rastersymbols-day.png:457,701,19x15@9,11","semantic token match for BOYSPH"
"BOYSPH62","POINT","SEMANTIC_TOKEN","Q22a_Spherical_buoy.svg","ADEPMDBCHBLKCCHYLW","","rastersymbols-day.png:486,701,19x15@9,11","semantic token match for BOYSPH"
"BOYCAN64","POINT","SEMANTIC_TOKEN","Q22a_Spherical_buoy.svg","ADEPMDBCHBLKCCHBLK","","rastersymbols-day.png:515,701,19x15@9,11","semantic token match for BOYCAN"
"BOYSPH05","POINT","SEMANTIC_TOKEN","Q22a_Spherical_buoy.svg","ADEPMDBCHBLKCCHWHT","","rastersymbols-day.png:544,701,19x15@9,11","semantic token match for BOYSPH"
"BOYCON64","POINT","SEMANTIC_TOKEN","Q20a_Conical_buoy.svg","ADEPMDBCHBLKCCHBLK","","rastersymbols-day.png:573,701,19x16@9,12","semantic token match for BOYCON"
"BOYSPH65","POINT","SEMANTIC_TOKEN","Q22a_Spherical_buoy.svg","ADEPMDBCHBLKCCHREDDCHWHT","","rastersymbols-day.png:602,701,19x15@9,11","semantic token match for BOYSPH"
"BOYSPH66","POINT","SEMANTIC_TOKEN","Q22a_Spherical_buoy.svg","ADEPMDBCHBLKCCHREDDCHGRN","","rastersymbols-day.png:631,701,19x15@9,11","semantic token match for BOYSPH"
"BOYSPH67","POINT","SEMANTIC_TOKEN","Q22a_Spherical_buoy.svg","ADEPMDBCHBLKCCHGRNDCHRED","","rastersymbols-day.png:660,701,19x15@9,11","semantic token match for BOYSPH"
"BOYCAN68","POINT","SEMANTIC_TOKEN","Q22a_Spherical_buoy.svg","ADEPMDBCHBLKCCHYLW","","rastersymbols-day.png:689,701,19x15@9,11","semantic token match for BOYCAN"
"BOYCAN70","POINT","SEMANTIC_TOKEN","Q22a_Spherical_buoy.svg","ADEPMDBCHBLKCCHYLW","","rastersymbols-day.png:718,701,19x15@9,11","semantic token match for BOYCAN"
"BOYCAN71","POINT","SEMANTIC_TOKEN","Q22a_Spherical_buoy.svg","ADEPMDBCHBLKCCHYLW","","rastersymbols-day.png:747,701,19x15@9,11","semantic token match for BOYCAN"
"BOYCAN69","POINT","SEMANTIC_TOKEN","Q22a_Spherical_buoy.svg","ADEPMDBCHBLKCCHYLW","","rastersymbols-day.png:776,701,19x15@9,11","semantic token match for BOYCAN"
"BOYCAN72","POINT","SEMANTIC_TOKEN","Q22a_Spherical_buoy.svg","ADEPMDBCHBLKCCHREDDCHGRN","","rastersymbols-day.png:805,701,19x15@9,11","semantic token match for BOYCAN"
"BOYCAN73","POINT","SEMANTIC_TOKEN","Q22a_Spherical_buoy.svg","ADEPMDBCHBLKCCHGRNDCHRED","","rastersymbols-day.png:834,701,19x15@9,11","semantic token match for BOYCAN"
"BOYPIL80","POINT","SEMANTIC_TOKEN","Q22a_Spherical_buoy.svg","ADEPMDBCHBLKCCHREDDCHYLW","","rastersymbols-day.png:863,701,18x18@9,14","semantic token match for BOYPIL"
"BOYCON66","POINT","SEMANTIC_TOKEN","Q20a_Conical_buoy.svg","ADEPMDBCHBLKCCHREDDCHGRN","","rastersymbols-day.png:891,701,19x16@9,12","semantic token match for BOYCON"
"BOYCON67","POINT","SEMANTIC_TOKEN","Q20a_Conical_buoy.svg","ADEPMDBCHBLKCCHGRNDCHRED","","rastersymbols-day.png:920,701,19x16@9,12","semantic token match for BOYCON"
"BOYSPH74","POINT","SEMANTIC_TOKEN","Q22a_Spherical_buoy.svg","ADEPMDBCHBLKCCHREDDCHGRN","","rastersymbols-day.png:949,701,19x15@9,11","semantic token match for BOYSPH"
"BOYCAN74","POINT","SEMANTIC_TOKEN","Q22a_Spherical_buoy.svg","ADEPMDBCHBLKCCHREDDCHWHT","","rastersymbols-day.png:978,701,19x15@9,11","semantic token match for BOYCAN"
"BOYCAN75","POINT","SEMANTIC_TOKEN","Q22a_Spherical_buoy.svg","ADEPMDBCHBLKCCHREDDCHGRN","","rastersymbols-day.png:1007,701,19x15@9,11","semantic token match for BOYCAN"
"BOYCON68","POINT","SEMANTIC_TOKEN","Q20a_Conical_buoy.svg","ADEPMDBCHBLKCCHGRNDCHRED","","rastersymbols-day.png:1036,701,19x16@9,12","semantic token match for BOYCON"
"BOYCAN76","POINT","SEMANTIC_TOKEN","Q22a_Spherical_buoy.svg","ADEPMDBCHBLKCCHRED","","rastersymbols-day.png:1065,701,19x15@9,11","semantic token match for BOYCAN"
"BOYCON71","POINT","SEMANTIC_TOKEN","Q20a_Conical_buoy.svg","ADEPMDBCHBLKCCHBLKDCHYLW","","rastersymbols-day.png:1094,701,19x16@9,12","semantic token match for BOYCON"
"BOYCON72","POINT","SEMANTIC_TOKEN","Q20a_Conical_buoy.svg","ADEPMDBCHBLKCCHYLWDCHBLK","","rastersymbols-day.png:1123,701,19x16@9,12","semantic token match for BOYCON"
"BOYCON69","POINT","SEMANTIC_TOKEN","Q20a_Conical_buoy.svg","ADEPMDBCHBLKCCHBLKDCHYLW","","rastersymbols-day.png:1152,701,19x16@9,12","semantic token match for BOYCON"
"BOYCON70","POINT","SEMANTIC_TOKEN","Q20a_Conical_buoy.svg","ADEPMDBCHBLKCCHYLWDCHBLK","","rastersymbols-day.png:1181,701,19x16@9,12","semantic token match for BOYCON"
"BOYSUP60","POINT","SEMANTIC_TOKEN","Q22a_Spherical_buoy.svg","ADEPMDBCHBLKCCHRED","","rastersymbols-day.png:1210,701,25x16@12,12","semantic token match for BOYSUP"
"BOYSUP61","POINT","SEMANTIC_TOKEN","Q22a_Spherical_buoy.svg","ADEPMDBCHBLKCCHGRN","","rastersymbols-day.png:1245,701,25x16@12,12","semantic token match for BOYSUP"
"BOYSUP62","POINT","SEMANTIC_TOKEN","Q22a_Spherical_buoy.svg","ADEPMDBCHBLKCCHYLW","","rastersymbols-day.png:1280,701,25x16@12,12","semantic token match for BOYSUP"
"BOYCON73","POINT","SEMANTIC_TOKEN","Q20a_Conical_buoy.svg","ADEPMDBCHBLKCCHGRNDCHWHT","","rastersymbols-day.png:1315,701,19x16@9,12","semantic token match for BOYCON"
"BOYPIL81","POINT","SEMANTIC_TOKEN","Q22a_Spherical_buoy.svg","ADEPMDBCHBLKCCHWHTDCHCOR","","rastersymbols-day.png:1344,701,18x18@9,14","semantic token match for BOYPIL"
"BOYCAN77","POINT","SEMANTIC_TOKEN","Q22a_Spherical_buoy.svg","ADEPMDBCHBLKCCHWHTDCHCOR","","rastersymbols-day.png:1372,701,19x15@9,11","semantic token match for BOYCAN"
"BOYCAN78","POINT","SEMANTIC_TOKEN","Q22a_Spherical_buoy.svg","ADEPMDBCHBLKCCHWHTDCHCOR","","rastersymbols-day.png:1401,701,19x15@9,11","semantic token match for BOYCAN"
"BOYCAN79","POINT","SEMANTIC_TOKEN","Q22a_Spherical_buoy.svg","ADEPMDBCHBLKCCHCOR","","rastersymbols-day.png:1430,701,19x15@9,11","semantic token match for BOYCAN"
"BOYSPR68","POINT","SEMANTIC_TOKEN","Q22a_Spherical_buoy.svg","ADEPMDBCHBLKCCHYLWDCHBLK","","rastersymbols-day.png:1459,701,10x18@4,15","semantic token match for BOYSPR"
"BCNLAT50","POINT","CUSTOM_SYMBOL_MAP","Q90_Stake_pole.svg","ADEPMDBCHBLK","","rastersymbols-day.png:10,742,7x14@3,11","CustomSymbolMap object rule for BCNLAT"
"BOYCON77","POINT","SEMANTIC_TOKEN","Q20a_Conical_buoy.svg","ADEPMDBCHBLKCCHWHTDCHCOR","","rastersymbols-day.png:27,742,19x16@9,12","semantic token match for BOYCON"
"BOYSPH77","POINT","SEMANTIC_TOKEN","Q22a_Spherical_buoy.svg","ADEPMDBCHBLKCCHWHTDCHCOR","","rastersymbols-day.png:56,742,19x15@9,11","semantic token match for BOYSPH"
"BOYCON78","POINT","SEMANTIC_TOKEN","Q20a_Conical_buoy.svg","ADEPMDBCHBLKCCHWHTDCHRED","","rastersymbols-day.png:85,742,19x16@9,12","semantic token match for BOYCON"
"BOYSPH75","POINT","SEMANTIC_TOKEN","Q22a_Spherical_buoy.svg","ADEPMDBCHBLKCCHGRNDCHRED","","rastersymbols-day.png:114,742,19x15@9,11","semantic token match for BOYSPH"
"BOYSPR69","POINT","SEMANTIC_TOKEN","Q22a_Spherical_buoy.svg","ADEPMDBCHBLKCCHYLWDCHBLK","","rastersymbols-day.png:143,742,10x18@4,15","semantic token match for BOYSPR"
"BOYSPR70","POINT","SEMANTIC_TOKEN","Q22a_Spherical_buoy.svg","ADEPMDBCHBLKCCHYLWDCHBLK","","rastersymbols-day.png:163,742,10x18@4,15","semantic token match for BOYSPR"
"BOYSPR71","POINT","SEMANTIC_TOKEN","Q22a_Spherical_buoy.svg","ADEPMDBCHBLKCCHYLWDCHBLK","","rastersymbols-day.png:183,742,10x18@4,15","semantic token match for BOYSPR"
"BOYSPR62","POINT","SEMANTIC_TOKEN","Q22a_Spherical_buoy.svg","ADEPMDBCHBLKCCHYLWDCHBLK","","rastersymbols-day.png:203,742,10x18@4,15","semantic token match for BOYSPR"
"BCNSPR62","POINT","SEMANTIC_TOKEN","Q83_Beacon_submerged_rock.svg","ADEPMDBCHBLKCCHBLKDCHYLW","","rastersymbols-day.png:223,742,10x18@4,15","semantic token match for BCNSPR"
"BCNTOW61","POINT","SEMANTIC_TOKEN","Q83_Beacon_submerged_rock.svg","ADEPMDBCHBLKCCHGRN","","rastersymbols-day.png:268,742,15x18@7,14","semantic token match for BCNTOW"
"BCNTOW60","POINT","SEMANTIC_TOKEN","Q83_Beacon_submerged_rock.svg","ADEPMDBCHBLKCCHRED","","rastersymbols-day.png:293,742,15x18@7,14","semantic token match for BCNTOW"
"BCNTOW62","POINT","SEMANTIC_TOKEN","Q83_Beacon_submerged_rock.svg","ADEPMDBCHBLKCCHYLW","","rastersymbols-day.png:318,742,15x18@7,14","semantic token match for BCNTOW"
"TOWERS78","POINT","UNRESOLVED","","ADEPMDBCHBLKCCHWHTDCHRED","","rastersymbols-day.png:415,742,14x26@6,22","no exact/direct/semantic ESRI match; generic category fallback disabled"
"TOWERS62","POINT","UNRESOLVED","","ADEPMDBCHBLKCCHYLW","","rastersymbols-day.png:439,742,14x26@6,22","no exact/direct/semantic ESRI match; generic category fallback disabled"
"TOWERS79","POINT","UNRESOLVED","","ADEPMDBCHBLKCCHWHTDCHBLK","","rastersymbols-day.png:463,742,14x26@6,22","no exact/direct/semantic ESRI match; generic category fallback disabled"
"BCNGEN60","POINT","SEMANTIC_TOKEN","Q83_Beacon_submerged_rock.svg","ADEPMDBCHBLKCCHRED","","rastersymbols-day.png:487,742,10x18@4,15","semantic token match for BCNGEN"
"BCNGEN61","POINT","SEMANTIC_TOKEN","Q83_Beacon_submerged_rock.svg","ADEPMDBCHBLKCCHGRN","","rastersymbols-day.png:507,742,10x18@4,15","semantic token match for BCNGEN"
"BCNSTK60","POINT","SEMANTIC_TOKEN","Q83_Beacon_submerged_rock.svg","ADEPMDBCHBLKCCHRED","","rastersymbols-day.png:545,742,8x16@3,13","semantic token match for BCNSTK"
"BCNSTK61","POINT","SEMANTIC_TOKEN","Q83_Beacon_submerged_rock.svg","ADEPMDBCHBLKCCHGRN","","rastersymbols-day.png:563,742,8x16@3,13","semantic token match for BCNSTK"
"BCNGEN68","POINT","SEMANTIC_TOKEN","Q83_Beacon_submerged_rock.svg","ADEPMDBCHBLKCCHYLW","","rastersymbols-day.png:581,742,10x18@4,15","semantic token match for BCNGEN"
"BCNGEN69","POINT","SEMANTIC_TOKEN","Q83_Beacon_submerged_rock.svg","ADEPMDBCHBLKCCHYLW","","rastersymbols-day.png:601,742,10x18@4,15","semantic token match for BCNGEN"
"BCNGEN70","POINT","SEMANTIC_TOKEN","Q83_Beacon_submerged_rock.svg","ADEPMDBCHBLKCCHYLW","","rastersymbols-day.png:621,742,10x18@4,15","semantic token match for BCNGEN"
"BCNGEN71","POINT","SEMANTIC_TOKEN","Q83_Beacon_submerged_rock.svg","ADEPMDBCHBLKCCHYLW","","rastersymbols-day.png:641,742,10x18@4,15","semantic token match for BCNGEN"
"BOYSPH68","POINT","SEMANTIC_TOKEN","Q22a_Spherical_buoy.svg","ADEPMDBCHBLKCCHBLKDCHYLW","","rastersymbols-day.png:661,742,19x15@9,11","semantic token match for BOYSPH"
"BOYSPH69","POINT","SEMANTIC_TOKEN","Q22a_Spherical_buoy.svg","ADEPMDBCHBLKCCHYLWDCHBLK","","rastersymbols-day.png:690,742,19x15@9,11","semantic token match for BOYSPH"
"BOYSPH70","POINT","SEMANTIC_TOKEN","Q22a_Spherical_buoy.svg","ADEPMDBCHBLKCCHBLKDCHYLW","","rastersymbols-day.png:719,742,19x15@9,11","semantic token match for BOYSPH"
"BOYSPH71","POINT","SEMANTIC_TOKEN","Q22a_Spherical_buoy.svg","ADEPMDBCHBLKCCHYLWDCHBLK","","rastersymbols-day.png:748,742,19x15@9,11","semantic token match for BOYSPH"
"BCNTOW76","POINT","SEMANTIC_TOKEN","Q83_Beacon_submerged_rock.svg","ADEPMDBCHBLKCCHRED","","rastersymbols-day.png:777,742,15x18@7,14","semantic token match for BCNTOW"
"TOWERS60","POINT","UNRESOLVED","","ADEPMDBCHBLKCCHRED","","rastersymbols-day.png:827,742,14x26@6,22","no exact/direct/semantic ESRI match; generic category fallback disabled"
"TOWERS61","POINT","UNRESOLVED","","ADEPMDBCHBLKCCHGRN","","rastersymbols-day.png:851,742,14x26@6,22","no exact/direct/semantic ESRI match; generic category fallback disabled"
"BCNGEN76","POINT","SEMANTIC_TOKEN","Q83_Beacon_submerged_rock.svg","ADEPMDBCHBLKCCHRED","","rastersymbols-day.png:875,742,10x18@4,15","semantic token match for BCNGEN"
"BCNSTK78","POINT","SEMANTIC_TOKEN","Q83_Beacon_submerged_rock.svg","ADEPMDBCHBLKCCHREDDCHWHT","","rastersymbols-day.png:895,742,10x18@4,15","semantic token match for BCNSTK"
"TOPMAR23","POINT","CUSTOM_SYMBOL_MAP","Q9_Arrow.svg","ADEPMDBCHYLW","","rastersymbols-day.png:913,742,9x6@4,21","CustomSymbolMap object rule for TOPMAR"
"BCNTOW69","POINT","SEMANTIC_TOKEN","Q83_Beacon_submerged_rock.svg","ADEPMDBCHBLKCCHYLW","","rastersymbols-day.png:932,742,15x18@7,14","semantic token match for BCNTOW"
"BCNTOW70","POINT","SEMANTIC_TOKEN","Q83_Beacon_submerged_rock.svg","ADEPMDBCHBLKCCHYLW","","rastersymbols-day.png:957,742,15x18@7,14","semantic token match for BCNTOW"
"BCNTOW71","POINT","SEMANTIC_TOKEN","Q83_Beacon_submerged_rock.svg","ADEPMDBCHBLKCCHYLW","","rastersymbols-day.png:982,742,15x18@7,14","semantic token match for BCNTOW"
"BCNTOW64","POINT","SEMANTIC_TOKEN","Q83_Beacon_submerged_rock.svg","ADEPMDBCHBLKCCHREDDCHWHT","","rastersymbols-day.png:1007,742,15x18@7,14","semantic token match for BCNTOW"
"BCNTOW05","POINT","SEMANTIC_TOKEN","Q83_Beacon_submerged_rock.svg","ADEPMDBCHBLKCCHWHT","","rastersymbols-day.png:1032,742,15x18@7,14","semantic token match for BCNTOW"
"BCNTOW65","POINT","SEMANTIC_TOKEN","Q83_Beacon_submerged_rock.svg","ADEPMDBCHBLKCCHGRNDCHWHT","","rastersymbols-day.png:1057,742,15x18@7,14","semantic token match for BCNTOW"
"BCNGEN05","POINT","SEMANTIC_TOKEN","Q83_Beacon_submerged_rock.svg","ADEPMDBCHBLKCCHWHT","","rastersymbols-day.png:1082,742,10x18@4,15","semantic token match for BCNGEN"
"BCNGEN79","POINT","SEMANTIC_TOKEN","Q83_Beacon_submerged_rock.svg","ADEPMDBCHBLKCCHCOR","","rastersymbols-day.png:1102,742,10x18@4,15","semantic token match for BCNGEN"
"BCNGEN64","POINT","SEMANTIC_TOKEN","Q83_Beacon_submerged_rock.svg","ADEPMDBCHBLKCCHWHTDCHRED","","rastersymbols-day.png:1122,742,10x18@4,15","semantic token match for BCNGEN"
"BOYSPR72","POINT","SEMANTIC_TOKEN","Q22a_Spherical_buoy.svg","ADEPMDBCHBLKCCHREDDCHBLK","","rastersymbols-day.png:1142,742,10x18@4,15","semantic token match for BOYSPR"
"BCNGEN65","POINT","SEMANTIC_TOKEN","Q83_Beacon_submerged_rock.svg","ADEPMDBCHBLKCCHWHTDCHGRN","","rastersymbols-day.png:1162,742,10x18@4,15","semantic token match for BCNGEN"
"BCNSTK62","POINT","SEMANTIC_TOKEN","Q83_Beacon_submerged_rock.svg","ADEPMDBCHBLKCCHYLW","","rastersymbols-day.png:1182,742,8x16@3,13","semantic token match for BCNSTK"
"TOWERS77","POINT","UNRESOLVED","","ADEPMDBCHBLKCCHWHTDCHGRN","","rastersymbols-day.png:1200,742,14x26@6,22","no exact/direct/semantic ESRI match; generic category fallback disabled"
"LITVES60","POINT","CUSTOM_SYMBOL_MAP","Q32_Light_vessel.svg","ADEPMDBCHBLKCCHRED","","rastersymbols-day.png:1390,742,31x23@15,20","CustomSymbolMap object rule for LITVES"
"LITVES61","POINT","CUSTOM_SYMBOL_MAP","Q32_Light_vessel.svg","ADEPMDBCHBLKCCHGRN","","rastersymbols-day.png:1431,742,31x23@15,20","CustomSymbolMap object rule for LITVES"
"BOYSUP65","POINT","SEMANTIC_TOKEN","Q22a_Spherical_buoy.svg","ADEPMDBCHBLKCCHREDDCHWHT","","rastersymbols-day.png:10,778,25x16@12,12","semantic token match for BOYSUP"
"BOYSPR60","POINT","SEMANTIC_TOKEN","Q22a_Spherical_buoy.svg","ADEPMDBCHBLKCCHREDDCHBLK","","rastersymbols-day.png:115,778,10x18@4,15","semantic token match for BOYSPR"
"BOYSPR61","POINT","SEMANTIC_TOKEN","Q22a_Spherical_buoy.svg","ADEPMDBCHBLKCCHGRNDCHBLK","","rastersymbols-day.png:135,778,10x18@4,15","semantic token match for BOYSPR"
"BOYSPR65","POINT","SEMANTIC_TOKEN","Q22a_Spherical_buoy.svg","ADEPMDBCHBLKCCHREDDCHWHT","","rastersymbols-day.png:155,778,10x18@4,15","semantic token match for BOYSPR"
"BCNSTK01","POINT","ALIAS","Q90_Stake_pole.svg","ADEPMDBCHBLKCCHREDDNODTA","","rastersymbols-day.png:204,778,8x16@3,13","explicit alias Q90_Stake_pole.svg"
"BCNSTK05","POINT","SEMANTIC_TOKEN","Q83_Beacon_submerged_rock.svg","ADEPMDBCHBLKCCHWHT","","rastersymbols-day.png:222,778,8x16@3,13","semantic token match for BCNSTK"
"TOWERS80","POINT","UNRESOLVED","","ADEPMDBCHBLKCCHWHTDCHBLKECHRED","","rastersymbols-day.png:495,778,14x26@6,22","no exact/direct/semantic ESRI match; generic category fallback disabled"
"TOWERS81","POINT","UNRESOLVED","","ADEPMDBCHBLKCCHWHTDCHBLKECHREDFCHGRN","","rastersymbols-day.png:519,778,14x26@6,22","no exact/direct/semantic ESRI match; generic category fallback disabled"
"TOWERS82","POINT","UNRESOLVED","","ADEPMDBCHBLKCCHWHTDCHGRNECHREDFCHGRF","","rastersymbols-day.png:543,778,14x26@6,22","no exact/direct/semantic ESRI match; generic category fallback disabled"
"TOWERS83","POINT","UNRESOLVED","","ADEPMDBCHBLKCCHWHTDCHBLK","","rastersymbols-day.png:567,778,14x26@6,22","no exact/direct/semantic ESRI match; generic category fallback disabled"
"TOWERS84","POINT","UNRESOLVED","","ADEPMDBCHBLKCCHWHTDCHGRNECHREDFCHGRF","","rastersymbols-day.png:591,778,14x26@6,22","no exact/direct/semantic ESRI match; generic category fallback disabled"
"TOWERS85","POINT","UNRESOLVED","","ADEPMDBCHBLKCCHWHTDCHRED","","rastersymbols-day.png:615,778,14x26@6,22","no exact/direct/semantic ESRI match; generic category fallback disabled"
"TOWERS86","POINT","UNRESOLVED","","ADEPMDBCHBLKCCHREDDCHGRD","","rastersymbols-day.png:639,778,14x26@6,22","no exact/direct/semantic ESRI match; generic category fallback disabled"
"TOWERS87","POINT","UNRESOLVED","","ADEPMDBCHBLKCCHWHTDCHGRNECHREDFCHGRF","","rastersymbols-day.png:663,778,14x26@6,22","no exact/direct/semantic ESRI match; generic category fallback disabled"
"BCNTOW85","POINT","SEMANTIC_TOKEN","Q83_Beacon_submerged_rock.svg","ADEPMDBCHBLKCUINFGDDEPDW","","rastersymbols-day.png:687,778,15x18@7,14","semantic token match for BCNTOW"
"TOWERS89","POINT","UNRESOLVED","","ADEPMDBCHBLKCCHGRNDCHGRNECHREDFCHGRF","","rastersymbols-day.png:712,778,14x26@6,22","no exact/direct/semantic ESRI match; generic category fallback disabled"
"PILBOP04","POINT","CUSTOM_SYMBOL_MAP","T1_pilot_boarding_place.svg","ADEPMDBCHBLKCDEPMDDCHMGD","","rastersymbols-day.png:787,778,17x17@8,8","CustomSymbolMap object rule for PILBOP"
"BCNGEN80","POINT","SEMANTIC_TOKEN","Q83_Beacon_submerged_rock.svg","ADEPMDBCHBLKCCHCOR","","rastersymbols-day.png:862,778,10x18@4,15","semantic token match for BCNGEN"
"BCNSTK79","POINT","SEMANTIC_TOKEN","Q83_Beacon_submerged_rock.svg","ADEPMDBCHBLKCCHREDDCHWHTECHGRN","","rastersymbols-day.png:882,778,10x18@4,15","semantic token match for BCNSTK"
"BCNSTK80","POINT","SEMANTIC_TOKEN","Q83_Beacon_submerged_rock.svg","ADEPMDBCHBLKCCHGRNDCHWHTECHRED","","rastersymbols-day.png:900,778,10x18@4,15","semantic token match for BCNSTK"
"TOPMAR99","POINT","CUSTOM_SYMBOL_MAP","Q9_Arrow.svg","ADEPMDBCHBLKCCHREDDCHYLW","","rastersymbols-day.png:918,778,15x11@7,22","CustomSymbolMap object rule for TOPMAR"
"BOYCAN80","POINT","SEMANTIC_TOKEN","Q22a_Spherical_buoy.svg","ADEPMDBCHBLKCCHREDDCHWHT","","rastersymbols-day.png:943,778,19x15@9,11","semantic token match for BOYCAN"
"BCNSTK08","POINT","SEMANTIC_TOKEN","Q83_Beacon_submerged_rock.svg","ADEPMDBCHBLKCCHYLW","","rastersymbols-day.png:972,778,8x16@3,13","semantic token match for BCNSTK"
"BCNSTK81","POINT","SEMANTIC_TOKEN","Q83_Beacon_submerged_rock.svg","ADEPMDBCHBLKCCHGRNDCHWHT","","rastersymbols-day.png:989,778,10x18@4,15","semantic token match for BCNSTK"
"BOYCON63","POINT","SEMANTIC_TOKEN","Q20a_Conical_buoy.svg","ADEPMDBCHBLKCCHRED","","rastersymbols-day.png:1008,778,19x16@9,12","semantic token match for BOYCON"
"BOYCON65","POINT","SEMANTIC_TOKEN","Q20a_Conical_buoy.svg","ADEPMDBCHBLKCCHGRNDCHWHT","","rastersymbols-day.png:1037,778,19x16@9,12","semantic token match for BOYCON"
"BOYMOR31","POINT","SEMANTIC_TOKEN","Q22a_Spherical_buoy.svg","ADEPMDBCHBLKCCHWHT","","rastersymbols-day.png:1066,778,19x15@9,11","semantic token match for BOYMOR"
"NOTBRD12","POINT","UNRESOLVED","","ADEPMDBCHBLKCCHYLW","","rastersymbols-day.png:1095,778,12x18@5,15","no exact/direct/semantic ESRI match; generic category fallback disabled"
"TOWERS63","POINT","UNRESOLVED","","ADEPMDBCHBLK","","rastersymbols-day.png:1117,778,14x26@6,22","no exact/direct/semantic ESRI match; generic category fallback disabled"
"LITFLT61","POINT","CUSTOM_SYMBOL_MAP","Q30_Light_float.svg","ADEPMDBCHBLKCCHGRN","","rastersymbols-day.png:1141,778,31x14@15,9","CustomSymbolMap object rule for LITFLT"
"LITFLT10","POINT","CUSTOM_SYMBOL_MAP","Q30_Light_float.svg","ADEPMDBCHBLKCCHREDDCHWHT","","rastersymbols-day.png:1182,778,31x14@15,9","CustomSymbolMap object rule for LITFLT"
"TOWERS69","POINT","UNRESOLVED","","ADEPMDBCHBLKCCHWHTDCHBLKECHYLWFCHGRN","","rastersymbols-day.png:1223,778,14x26@6,22","no exact/direct/semantic ESRI match; generic category fallback disabled"
"TOWERS68","POINT","UNRESOLVED","","ADEPMDBCHBLKCCHWHTDCHBLKECHYLWFCHGRN","","rastersymbols-day.png:1247,778,14x26@6,22","no exact/direct/semantic ESRI match; generic category fallback disabled"
"TOWERS70","POINT","UNRESOLVED","","ADEPMDBCHBLKCCHWHTDCHBLKECHYLWFCHGRN","","rastersymbols-day.png:1271,778,14x26@6,22","no exact/direct/semantic ESRI match; generic category fallback disabled"
"TOWERS71","POINT","UNRESOLVED","","ADEPMDBCHBLKCCHWHTDCHBLKECHYLWFCHGRN","","rastersymbols-day.png:1295,778,14x26@6,22","no exact/direct/semantic ESRI match; generic category fallback disabled"
"BCNSTK77","POINT","SEMANTIC_TOKEN","Q83_Beacon_submerged_rock.svg","ADEPMDBCHBLKCCHGRNDCHWHT","","rastersymbols-day.png:1319,778,8x16@3,13","semantic token match for BCNSTK"
"BCNTOW73","POINT","SEMANTIC_TOKEN","Q83_Beacon_submerged_rock.svg","ADEPMDBCHBLKCRADHIDCHWHTECHRED","","rastersymbols-day.png:1337,778,15x18@7,14","semantic token match for BCNTOW"
"TOWERS90","POINT","UNRESOLVED","","ADEPMDBCHBLKCCHWHTDCHGRNECHREDFCHGRF","","rastersymbols-day.png:1362,778,14x26@6,22","no exact/direct/semantic ESRI match; generic category fallback disabled"
"TOWERS91","POINT","UNRESOLVED","","ADEPMDBCHBLKCCHWHTDCHGRNECHREDFCHGRF","","rastersymbols-day.png:1386,778,14x26@6,22","no exact/direct/semantic ESRI match; generic category fallback disabled"
"TOWERS92","POINT","UNRESOLVED","","ADEPMDBCHBLKCCHWHTDCHBLKECHYLWFCHGRN","","rastersymbols-day.png:1410,778,14x26@6,22","no exact/direct/semantic ESRI match; generic category fallback disabled"
"TOWERS93","POINT","UNRESOLVED","","ADEPMDBCHBLKCCHWHTDCHBLKECHYLWFCHGRNGCHGRF","","rastersymbols-day.png:1434,778,14x26@6,22","no exact/direct/semantic ESRI match; generic category fallback disabled"
"TOWERS94","POINT","UNRESOLVED","","ADEPMDBCHBLKCCHWHTDCHBLKECHYLWFCHGRNGCHGRF","","rastersymbols-day.png:10,814,14x26@6,22","no exact/direct/semantic ESRI match; generic category fallback disabled"
"BCNTOW86","POINT","SEMANTIC_TOKEN","Q83_Beacon_submerged_rock.svg","ADEPMDBCHBLKCCHYLWDCHWHT","","rastersymbols-day.png:34,814,15x18@7,14","semantic token match for BCNTOW"
"BCNTOW87","POINT","SEMANTIC_TOKEN","Q83_Beacon_submerged_rock.svg","ADEPMDBCHBLKCCHYLWDCHWHT","","rastersymbols-day.png:59,814,15x18@7,14","semantic token match for BCNTOW"
"BCNTOW88","POINT","SEMANTIC_TOKEN","Q83_Beacon_submerged_rock.svg","ADEPMDBCHBLKCCHYLWDCHWHT","","rastersymbols-day.png:84,814,15x18@7,14","semantic token match for BCNTOW"
"BCNTOW89","POINT","SEMANTIC_TOKEN","Q83_Beacon_submerged_rock.svg","ADEPMDBCHBLKCCHYLWDCHWHT","","rastersymbols-day.png:109,814,15x18@7,14","semantic token match for BCNTOW"
"BCNTOW90","POINT","SEMANTIC_TOKEN","Q83_Beacon_submerged_rock.svg","ADEPMDBCHBLKCCHYLWDCHWHTECHBRN","","rastersymbols-day.png:134,814,15x18@7,14","semantic token match for BCNTOW"
"BCNTOW91","POINT","SEMANTIC_TOKEN","Q83_Beacon_submerged_rock.svg","ADEPMDBCHBLKCCHYLWDCHWHTECHBRN","","rastersymbols-day.png:159,814,15x18@7,14","semantic token match for BCNTOW"
"TOPSHP11","POINT","SEMANTIC_TOKEN","Q130_3_topmark_E.svg","ADEPMDBCHBLKCCHGRNDCHWHTECHCOR","","rastersymbols-day.png:184,814,15x15@7,26","semantic token match for TOPSHP"
"TOPSHP12","POINT","SEMANTIC_TOKEN","Q130_3_topmark_E.svg","ADEPMDBCHBLKCCHGRNDCHWHTECHRED","","rastersymbols-day.png:209,814,15x15@7,26","semantic token match for TOPSHP"
"TOPSHP13","POINT","SEMANTIC_TOKEN","Q130_3_topmark_E.svg","ADEPMDBCHBLKCCHCORDCHBLK","","rastersymbols-day.png:234,814,13x34@6,31","semantic token match for TOPSHP"
"TOPSHP14","POINT","SEMANTIC_TOKEN","Q130_3_topmark_E.svg","ADEPMDBCHBLKCCHREDDCHWHTECHGRN","","rastersymbols-day.png:257,814,15x15@7,26","semantic token match for TOPSHP"
"TOPSHP17","POINT","SEMANTIC_TOKEN","Q130_3_topmark_E.svg","ADEPMDBCHBLKCCHGRNDCHWHTECHCOR","","rastersymbols-day.png:282,814,15x15@7,26","semantic token match for TOPSHP"
"TOPSHP16","POINT","SEMANTIC_TOKEN","Q130_3_topmark_E.svg","ADEPMDBCHBLKCCHGRNDCHWHTECHRED","","rastersymbols-day.png:307,814,15x15@7,26","semantic token match for TOPSHP"
"TOPSHP21","POINT","SEMANTIC_TOKEN","Q130_3_topmark_E.svg","ADEPMDBCHBLKCCHREDDCHWHT","","rastersymbols-day.png:332,814,15x15@7,26","semantic token match for TOPSHP"
"TOPSHP22","POINT","SEMANTIC_TOKEN","Q130_3_topmark_E.svg","ADEPMDBCHBLKCCHREDDCHWHT","","rastersymbols-day.png:357,814,15x15@7,26","semantic token match for TOPSHP"
"TOPSHP23","POINT","SEMANTIC_TOKEN","Q130_3_topmark_E.svg","ADEPMDBCHBLKCCHREDDCHWHT","","rastersymbols-day.png:382,814,15x15@7,26","semantic token match for TOPSHP"
"TOPSHP24","POINT","SEMANTIC_TOKEN","Q130_3_topmark_E.svg","ADEPMDBCHBLKCCHREDDCHWHTECHGRN","","rastersymbols-day.png:407,814,15x15@7,26","semantic token match for TOPSHP"
"TOPSHP28","POINT","SEMANTIC_TOKEN","Q130_3_topmark_E.svg","ADEPMDBCHBLKCCHREDDCHWHTECHGRN","","rastersymbols-day.png:432,814,15x15@7,26","semantic token match for TOPSHP"
"TOPSHP34","POINT","SEMANTIC_TOKEN","Q130_3_topmark_E.svg","ADEPMDBCHBLKCCHCORDCHWHTECHGRN","","rastersymbols-day.png:457,814,15x15@7,26","semantic token match for TOPSHP"
"TOPSHP32","POINT","SEMANTIC_TOKEN","Q130_3_topmark_E.svg","ADEPMDBCHBLKCCHREDDCHWHTECHGRN","","rastersymbols-day.png:482,814,15x15@7,26","semantic token match for TOPSHP"
"TOPSHP42","POINT","SEMANTIC_TOKEN","Q130_3_topmark_E.svg","ADEPMDBCHBLKCCHREDDCHWHTECHGRN","","rastersymbols-day.png:507,814,15x15@7,26","semantic token match for TOPSHP"
"TOPSHP44","POINT","SEMANTIC_TOKEN","Q130_3_topmark_E.svg","ADEPMDBCHBLKCCHYLWDCHWHTECHGRNFCHYLW","","rastersymbols-day.png:532,814,15x15@7,26","semantic token match for TOPSHP"
"TOPSHP47","POINT","SEMANTIC_TOKEN","Q130_3_topmark_E.svg","ADEPMDBCHBLKCCHREDDCHWHTECHGRNFCHYLW","","rastersymbols-day.png:557,814,15x15@7,26","semantic token match for TOPSHP"
"TOPSHP48","POINT","SEMANTIC_TOKEN","Q130_3_topmark_E.svg","ADEPMDBCHBLKCCHREDDCHWHTECHGRNFCHYLW","","rastersymbols-day.png:582,814,15x15@7,26","semantic token match for TOPSHP"
"TOPSHP51","POINT","SEMANTIC_TOKEN","Q130_3_topmark_E.svg","ADEPMDBCHBLKCCHGRNDCHWHT","","rastersymbols-day.png:607,814,17x16@8,27","semantic token match for TOPSHP"
"TOPSHP58","POINT","SEMANTIC_TOKEN","Q130_3_topmark_E.svg","ADEPMDBCHBLKCCHGRNDCHWHTECHRED","","rastersymbols-day.png:634,814,17x16@8,27","semantic token match for TOPSHP"
"TOPSHP61","POINT","SEMANTIC_TOKEN","Q130_3_topmark_E.svg","ADEPMDBCHBLKCCHGRNDCHCORECHWHT","","rastersymbols-day.png:661,814,17x16@8,27","semantic token match for TOPSHP"
"TOPSHP62","POINT","SEMANTIC_TOKEN","Q130_3_topmark_E.svg","ADEPMDBCHBLKCCHGRNDCHWHTECHCOR","","rastersymbols-day.png:688,814,17x16@8,27","semantic token match for TOPSHP"
"TOPSHP65","POINT","SEMANTIC_TOKEN","Q130_3_topmark_E.svg","ADEPMDBCHBLKCCHGRNDCHWHTECHRED","","rastersymbols-day.png:715,814,17x16@8,27","semantic token match for TOPSHP"
"TOPSHP63","POINT","SEMANTIC_TOKEN","Q130_3_topmark_E.svg","ADEPMDBCHBLKCCHGRNDCHWHTECHRED","","rastersymbols-day.png:742,814,17x16@8,27","semantic token match for TOPSHP"
"TOPSHP64","POINT","SEMANTIC_TOKEN","Q130_3_topmark_E.svg","ADEPMDBCHBLKCCHGRNDCHWHTECHRED","","rastersymbols-day.png:769,814,17x16@8,27","semantic token match for TOPSHP"
"TOPSHP69","POINT","SEMANTIC_TOKEN","Q130_3_topmark_E.svg","ADEPMDBCHBLKCCHGRNDCHWHTECHREDFCHRED","","rastersymbols-day.png:796,814,17x16@8,27","semantic token match for TOPSHP"
"TOPSHP19","POINT","SEMANTIC_TOKEN","Q130_3_topmark_E.svg","ADEPMDBCHBLKCCHGRNDCHYLWECHRED","","rastersymbols-day.png:823,814,15x15@7,26","semantic token match for TOPSHP"
"TOPSHP20","POINT","SEMANTIC_TOKEN","Q130_3_topmark_E.svg","ADEPMDBCHBLKCCHGRNDCHWHTECHRED","","rastersymbols-day.png:848,814,15x15@7,26","semantic token match for TOPSHP"
"BCNLAT24","POINT","CUSTOM_SYMBOL_MAP","Q90_Stake_pole.svg","ADEPMDBCHBLKDCHGRNCCHRED","","rastersymbols-day.png:873,814,8x22@4,11","CustomSymbolMap object rule for BCNLAT"
"TOPSHP25","POINT","SEMANTIC_TOKEN","Q130_3_topmark_E.svg","ADEPMDBCHBLKCCHREDDCHWHTECHCOR","","rastersymbols-day.png:891,814,15x15@7,26","semantic token match for TOPSHP"
"TOPSHP67","POINT","SEMANTIC_TOKEN","Q130_3_topmark_E.svg","ADEPMDBCHBLKCCHGRNDCHWHTECHREDFCHCOR","","rastersymbols-day.png:916,814,17x16@8,27","semantic token match for TOPSHP"
"TOPSHP29","POINT","SEMANTIC_TOKEN","Q130_3_topmark_E.svg","ADEPMDBCHBLKCCHREDDCHWHTECHGRN","","rastersymbols-day.png:943,814,15x15@7,26","semantic token match for TOPSHP"
"TOPSHP30","POINT","SEMANTIC_TOKEN","Q130_3_topmark_E.svg","ADEPMDBCHBLKCCHREDDCHWHTECHGRNFCHYLW","","rastersymbols-day.png:968,814,15x15@7,26","semantic token match for TOPSHP"
"TOPSHP15","POINT","SEMANTIC_TOKEN","Q130_3_topmark_E.svg","ADEPMDBCHBLKCCHGRNDCHWHTECHREDFCHYLW","","rastersymbols-day.png:993,814,15x15@7,26","semantic token match for TOPSHP"
"TOPSHP43","POINT","SEMANTIC_TOKEN","Q130_3_topmark_E.svg","ADEPMDBCHBLKCCHREDDCHWHTECHGRNFCHYLW","","rastersymbols-day.png:1018,814,15x15@7,26","semantic token match for TOPSHP"
"TOPSHP50","POINT","SEMANTIC_TOKEN","Q130_3_topmark_E.svg","ADEPMDBCHBLKCCHREDDCHWHTECHGRNFCHYLW","","rastersymbols-day.png:1043,814,15x15@7,26","semantic token match for TOPSHP"
"TOPSHP70","POINT","SEMANTIC_TOKEN","Q130_3_topmark_E.svg","ADEPMDBCHBLKCCHYLWDCHWHTECHRED","","rastersymbols-day.png:1068,814,17x16@8,27","semantic token match for TOPSHP"
"TOPSHP35","POINT","SEMANTIC_TOKEN","Q130_3_topmark_E.svg","ADEPMDBCHBLKCCHREDDCHWHTECHYLW","","rastersymbols-day.png:1095,814,15x15@7,26","semantic token match for TOPSHP"
"TOPSHP10","POINT","SEMANTIC_TOKEN","Q130_3_topmark_E.svg","ADEPMDBCHBLKCCHGRNDCHWHTECHYLW","","rastersymbols-day.png:1120,814,15x15@7,26","semantic token match for TOPSHP"
"TOPSHP09","POINT","SEMANTIC_TOKEN","Q130_3_topmark_E.svg","ADEPMDBCHBLKCCHGRNDCHWHTECHRED","","rastersymbols-day.png:1145,814,15x15@7,26","semantic token match for TOPSHP"
"TOPSHP71","POINT","SEMANTIC_TOKEN","Q130_3_topmark_E.svg","ADEPMDBCHBLKCCHGRNDCHWHTECHREDFCHCOR","","rastersymbols-day.png:1170,814,17x16@8,27","semantic token match for TOPSHP"
"TOPSHP31","POINT","SEMANTIC_TOKEN","Q130_3_topmark_E.svg","ADEPMDBCHBLKCCHREDDCHWHTECHCOR","","rastersymbols-day.png:1197,814,15x15@7,26","semantic token match for TOPSHP"
"TOPSHP55","POINT","SEMANTIC_TOKEN","Q130_3_topmark_E.svg","ADEPMDBCHBLKCCHCORDCHWHT","","rastersymbols-day.png:1222,814,17x16@8,27","semantic token match for TOPSHP"
"BOYCAN65","POINT","SEMANTIC_TOKEN","Q22a_Spherical_buoy.svg","ADEPMDBCHBLKCCHWHT","","rastersymbols-day.png:1249,814,19x15@9,11","semantic token match for BOYCAN"
"TOPSHPA9","POINT","SEMANTIC_TOKEN","Q130_3_topmark_E.svg","ADEPMDBCHBLKCCHREDDCHWHT","","rastersymbols-day.png:1278,814,13x34@6,31","semantic token match for TOPSHPA"
"TOPMAR98","POINT","CUSTOM_SYMBOL_MAP","Q9_Arrow.svg","ADEPMDBCHBLKCCHGRNDCHWHTECHREDFCHCOR","","rastersymbols-day.png:1301,814,17x16@8,27","CustomSymbolMap object rule for TOPMAR"
"TOPSHP36","POINT","SEMANTIC_TOKEN","Q130_3_topmark_E.svg","ADEPMDBCHBLKCCHREDDCHWHTECHCOR","","rastersymbols-day.png:1328,814,15x15@7,26","semantic token match for TOPSHP"
"TOPSHP37","POINT","SEMANTIC_TOKEN","Q130_3_topmark_E.svg","ADEPMDBCHBLKCCHREDDCHWHTECHGRN","","rastersymbols-day.png:1353,814,15x15@7,26","semantic token match for TOPSHP"
"TOPSHP41","POINT","SEMANTIC_TOKEN","Q130_3_topmark_E.svg","ADEPMDBCHBLKCSCLBRDCHWHTECHGRN","","rastersymbols-day.png:1378,814,15x15@7,26","semantic token match for TOPSHP"
"TOPSHP73","POINT","SEMANTIC_TOKEN","Q130_3_topmark_E.svg","ADEPMDBCHBLKCCHGRNDCHWHTECHRED","","rastersymbols-day.png:1403,814,17x16@8,27","semantic token match for TOPSHP"
"TOPSHP72","POINT","SEMANTIC_TOKEN","Q130_3_topmark_E.svg","ADEPMDBCHBLKCCHGRNDCHWHTECHRED","","rastersymbols-day.png:1430,814,17x16@8,27","semantic token match for TOPSHP"
"BOYCAN81","POINT","SEMANTIC_TOKEN","Q22a_Spherical_buoy.svg","ADEPMDBCHBLKCCHWHTDCHCOR","","rastersymbols-day.png:10,858,19x15@9,11","semantic token match for BOYCAN"
"TOPSHP74","POINT","SEMANTIC_TOKEN","Q130_3_topmark_E.svg","ADEPMDBCHBLKCCHGRNDCHWHTECHRED","","rastersymbols-day.png:39,858,17x16@8,27","semantic token match for TOPSHP"
"TOPSHP92","POINT","SEMANTIC_TOKEN","Q130_3_topmark_E.svg","ADEPMDBCHBLKCCHWHTDCHRED","","rastersymbols-day.png:66,858,13x34@6,31","semantic token match for TOPSHP"
"TOPSHP90","POINT","SEMANTIC_TOKEN","Q130_3_topmark_E.svg","ADEPMDBCHBLKCCHREDDCHWHT","","rastersymbols-day.png:89,858,13x34@6,31","semantic token match for TOPSHP"
"TOPSHP91","POINT","SEMANTIC_TOKEN","Q130_3_topmark_E.svg","ADEPMDBCHBLKCCHREDDCHWHT","","rastersymbols-day.png:112,858,13x34@6,31","semantic token match for TOPSHP"
"TOPSHP93","POINT","SEMANTIC_TOKEN","Q130_3_topmark_E.svg","ADEPMDBCHBLKCCHWHTDCHGRN","","rastersymbols-day.png:135,858,13x34@6,31","semantic token match for TOPSHP"
"TOPSHP94","POINT","SEMANTIC_TOKEN","Q130_3_topmark_E.svg","ADEPMDBCHBLKCCHWHTDCHRED","","rastersymbols-day.png:158,858,13x34@6,31","semantic token match for TOPSHP"
"TOPSHP95","POINT","SEMANTIC_TOKEN","Q130_3_topmark_E.svg","ADEPMDBCHBLKCCHWHTDCHWHT","","rastersymbols-day.png:181,858,13x34@6,31","semantic token match for TOPSHP"
"TOPSHP96","POINT","SEMANTIC_TOKEN","Q130_3_topmark_E.svg","ADEPMDBCHBLKCCHREDDCHWHTECHYLW","","rastersymbols-day.png:204,858,13x34@6,31","semantic token match for TOPSHP"
"TOPSHP76","POINT","SEMANTIC_TOKEN","Q130_3_topmark_E.svg","ADEPMDBCHBLKCCHGRNDCHWHTECHRED","","rastersymbols-day.png:227,858,17x16@8,27","semantic token match for TOPSHP"
"TOPSHP97","POINT","SEMANTIC_TOKEN","Q130_3_topmark_E.svg","ADEPMDBCHBLKCCHYLWDCHBLK","","rastersymbols-day.png:254,858,13x34@6,31","semantic token match for TOPSHP"
"TOPSHP85","POINT","SEMANTIC_TOKEN","Q130_3_topmark_E.svg","ADEPMDBCHBLKDNODTACNODTAECHREDFCHWHT","","rastersymbols-day.png:277,858,17x33@8,30","semantic token match for TOPSHP"
"TOPSHP86","POINT","SEMANTIC_TOKEN","Q130_3_topmark_E.svg","ADEPMDBCHBLKDNODTACNODTAECHWHTFCHRED","","rastersymbols-day.png:304,858,17x33@8,30","semantic token match for TOPSHP"
"TOPSHP01","POINT","SEMANTIC_TOKEN","Q130_3_topmark_E.svg","ADEPMDBCHBLKCCHREDDCHWHTECHCOR","","rastersymbols-day.png:331,858,15x15@7,26","semantic token match for TOPSHP"
"TOPSHP84","POINT","SEMANTIC_TOKEN","Q130_3_topmark_E.svg","ADEPMDBCHBLKDNODTACNODTAECHCORFCHWHT","","rastersymbols-day.png:356,858,17x33@8,30","semantic token match for TOPSHP"
"TOPSHP77","POINT","SEMANTIC_TOKEN","Q130_3_topmark_E.svg","ADEPMDBCHBLKCCHGRNDCHWHTECHBLK","","rastersymbols-day.png:383,858,17x16@8,27","semantic token match for TOPSHP"
"TOPSHP99","POINT","SEMANTIC_TOKEN","Q130_3_topmark_E.svg","ADEPMDBCHBLKCCHWHTDCHBLK","","rastersymbols-day.png:410,858,13x34@6,31","semantic token match for TOPSHP"
"TOPSHP89","POINT","SEMANTIC_TOKEN","Q130_3_topmark_E.svg","ADEPMDBCHBLKDNODTACNODTAECHREDFCHWHT","","rastersymbols-day.png:433,858,17x33@8,30","semantic token match for TOPSHP"
"TOPSHP83","POINT","SEMANTIC_TOKEN","Q130_3_topmark_E.svg","ADEPMDBCHBLKDNODTACNODTAECHCORFCHWHT","","rastersymbols-day.png:460,858,17x33@8,30","semantic token match for TOPSHP"
"TOPSHPA1","POINT","SEMANTIC_TOKEN","Q130_3_topmark_E.svg","ADEPMDBCHBLKCCHBLKDCHWHT","","rastersymbols-day.png:487,858,13x34@6,31","semantic token match for TOPSHPA"
"TOPSHP82","POINT","SEMANTIC_TOKEN","Q130_3_topmark_E.svg","ADEPMDBCHBLKDNODTACNODTAECHCORFCHBLK","","rastersymbols-day.png:510,858,17x33@8,30","semantic token match for TOPSHP"
"TOPSHPA0","POINT","SEMANTIC_TOKEN","Q130_3_topmark_E.svg","ADEPMDBCHBLKCCHREDDCHBLK","","rastersymbols-day.png:537,858,13x34@6,31","semantic token match for TOPSHPA"
"TOPSHPB0","POINT","SEMANTIC_TOKEN","Q130_3_topmark_E.svg","ADEPMDBCHBLKCCHWHTDCHRED","","rastersymbols-day.png:560,858,13x34@6,31","semantic token match for TOPSHPB"
"TOPSHPA2","POINT","SEMANTIC_TOKEN","Q130_3_topmark_E.svg","ADEPMDBCHBLKCCHREDDCHGRN","","rastersymbols-day.png:583,858,13x34@6,31","semantic token match for TOPSHPA"
"TOPSHPA3","POINT","SEMANTIC_TOKEN","Q130_3_topmark_E.svg","ADEPMDBCHBLKCCHREDDCHGRN","","rastersymbols-day.png:606,858,13x34@6,31","semantic token match for TOPSHPA"
"TOPSHPA4","POINT","SEMANTIC_TOKEN","Q130_3_topmark_E.svg","ADEPMDBCHBLKCCHREDDCHWHT","","rastersymbols-day.png:629,858,13x34@6,31","semantic token match for TOPSHPA"
"TOPSHP81","POINT","SEMANTIC_TOKEN","Q130_3_topmark_E.svg","ADEPMDBCHBLKDNODTACNODTAECHCORFCHBLK","","rastersymbols-day.png:652,858,17x33@8,30","semantic token match for TOPSHP"
"TOPSHPD1","POINT","SEMANTIC_TOKEN","Q130_3_topmark_E.svg","ADEPMDBCHBLKCCHREDDCHWHTECHCOR","","rastersymbols-day.png:679,858,15x15@7,26","semantic token match for TOPSHPD"
"TOPSHPA5","POINT","SEMANTIC_TOKEN","Q130_3_topmark_E.svg","ADEPMDBCHBLKCCHWHTDCHBLK","","rastersymbols-day.png:704,858,13x34@6,31","semantic token match for TOPSHPA"
"TOPSHPA6","POINT","SEMANTIC_TOKEN","Q130_3_topmark_E.svg","ADEPMDBCHBLKCCHREDDCHWHT","","rastersymbols-day.png:727,858,13x34@6,31","semantic token match for TOPSHPA"
"TOPSHP05","POINT","SEMANTIC_TOKEN","Q130_3_topmark_E.svg","ADEPMDBCHBLKCCHCORDCHWHTECHYLW","","rastersymbols-day.png:750,858,15x15@7,26","semantic token match for TOPSHP"
"TOPSHPA7","POINT","SEMANTIC_TOKEN","Q130_3_topmark_E.svg","ADEPMDBCHBLKCCHGRNDCHRED","","rastersymbols-day.png:775,858,13x34@6,31","semantic token match for TOPSHPA"
"TOPSHPA8","POINT","SEMANTIC_TOKEN","Q130_3_topmark_E.svg","ADEPMDBCHBLKCCHGRNDCHBLK","","rastersymbols-day.png:798,858,13x34@6,31","semantic token match for TOPSHPA"
"TOPSHP08","POINT","SEMANTIC_TOKEN","Q130_3_topmark_E.svg","ADEPMDBCHBLKCCHGRNDCHWHTECHREDFCHYLW","","rastersymbols-day.png:821,858,15x15@7,26","semantic token match for TOPSHP"
"TOPSHQ19","POINT","UNRESOLVED","","ADEPMDBCHBLKCCHREDDCHWHTECHGRN","","rastersymbols-day.png:846,858,15x15@7,26","no exact/direct/semantic ESRI match; generic category fallback disabled"
"TOPSHQ21","POINT","UNRESOLVED","","ADEPMDBCHBLKCCHWHTDCHRED","","rastersymbols-day.png:871,858,13x34@6,31","no exact/direct/semantic ESRI match; generic category fallback disabled"
"TOPSHQ20","POINT","UNRESOLVED","","ADEPMDBCHBLKDNODTACNODTAECHCORFCHWHT","","rastersymbols-day.png:894,858,17x33@8,30","no exact/direct/semantic ESRI match; generic category fallback disabled"
"TOPSHQ22","POINT","UNRESOLVED","","ADEPMDBCHBLKCCHREDDCHWHTECHCOR","","rastersymbols-day.png:921,858,15x15@7,26","no exact/direct/semantic ESRI match; generic category fallback disabled"
"TOPSHQ23","POINT","UNRESOLVED","","ADEPMDBCHBLKCCHREDDCHWHTECHCOR","","rastersymbols-day.png:946,858,15x15@7,26","no exact/direct/semantic ESRI match; generic category fallback disabled"
"TOPSHQ24","POINT","UNRESOLVED","","ADEPMDBCHBLKCCHGRNDCHWHTECHYLW","","rastersymbols-day.png:971,858,15x15@7,26","no exact/direct/semantic ESRI match; generic category fallback disabled"
"TOPSHQ25","POINT","UNRESOLVED","","ADEPMDBCHBLKCCHGRNDCHWHTECHYLW","","rastersymbols-day.png:996,858,15x15@7,26","no exact/direct/semantic ESRI match; generic category fallback disabled"
"TOPSHQ26","POINT","UNRESOLVED","","ADEPMDBCHBLKCCHREDDCHWHTECHCOR","","rastersymbols-day.png:1021,858,15x15@7,26","no exact/direct/semantic ESRI match; generic category fallback disabled"
"TOPSHPD3","POINT","SEMANTIC_TOKEN","Q130_3_topmark_E.svg","ADEPMDBCHBLKCCHREDDCHWHTECHRED","","rastersymbols-day.png:1046,858,15x15@7,26","semantic token match for TOPSHPD"
"TOPSHP87","POINT","SEMANTIC_TOKEN","Q130_3_topmark_E.svg","ADEPMDBCHBLKDNODTACNODTAECHWHTFCHRED","","rastersymbols-day.png:1071,858,17x33@8,30","semantic token match for TOPSHP"
"TOPSHP88","POINT","SEMANTIC_TOKEN","Q130_3_topmark_E.svg","ADEPMDBCHBLKDNODTACNODTAECHREDFCHWHT","","rastersymbols-day.png:1098,858,17x33@8,30","semantic token match for TOPSHP"
"TOPSHP38","POINT","SEMANTIC_TOKEN","Q130_3_topmark_E.svg","ADEPMDBCHBLKCCHREDDCHWHTECHCOR","","rastersymbols-day.png:1125,858,15x15@7,26","semantic token match for TOPSHP"
"TOPSHP39","POINT","SEMANTIC_TOKEN","Q130_3_topmark_E.svg","ADEPMDBCHBLKCCHWHTDCHRED","","rastersymbols-day.png:1150,858,15x15@7,26","semantic token match for TOPSHP"
"TOPSHP40","POINT","SEMANTIC_TOKEN","Q130_3_topmark_E.svg","ADEPMDBCHBLKCCHWHTDCHBLK","","rastersymbols-day.png:1175,858,15x15@7,26","semantic token match for TOPSHP"
"TOPSHP18","POINT","SEMANTIC_TOKEN","Q130_3_topmark_E.svg","ADEPMDBCHBLKCCHGRNDCHWHTECHYLW","","rastersymbols-day.png:1200,858,15x15@7,26","semantic token match for TOPSHP"
"BOYCON79","POINT","SEMANTIC_TOKEN","Q20a_Conical_buoy.svg","ADEPMDBCHBLKCCHREDDCHGRN","","rastersymbols-day.png:1225,858,19x16@9,12","semantic token match for BOYCON"
"BOYCON80","POINT","SEMANTIC_TOKEN","Q20a_Conical_buoy.svg","ADEPMDBCHBLKCCHWHTDCHCOR","","rastersymbols-day.png:1254,858,19x16@9,12","semantic token match for BOYCON"
"BOYCON81","POINT","SEMANTIC_TOKEN","Q20a_Conical_buoy.svg","ADEPMDBCHBLKCRESBLDCHREDECHWHT","","rastersymbols-day.png:1283,858,19x16@9,12","semantic token match for BOYCON"
"TOPSHPD2","POINT","SEMANTIC_TOKEN","Q130_3_topmark_E.svg","ADEPMDBCHBLKCCHREDDCHWHTECHGRN","","rastersymbols-day.png:1312,858,15x15@7,26","semantic token match for TOPSHPD"
"TOPSHP02","POINT","SEMANTIC_TOKEN","Q130_3_topmark_E.svg","ADEPMDBCHBLKCCHWHTDCHREDECHBLK","","rastersymbols-day.png:1337,858,15x15@7,26","semantic token match for TOPSHP"
"TOPSHP03","POINT","SEMANTIC_TOKEN","Q130_3_topmark_E.svg","ADEPMDBCHBLKCCHREDDCHWHTECHCOR","","rastersymbols-day.png:1362,858,15x15@7,26","semantic token match for TOPSHP"
"TOPSHP04","POINT","SEMANTIC_TOKEN","Q130_3_topmark_E.svg","ADEPMDBCHBLKCCHWHTDCHREDECHBLK","","rastersymbols-day.png:1387,858,15x15@7,26","semantic token match for TOPSHP"
"TOPSHP98","POINT","SEMANTIC_TOKEN","Q130_3_topmark_E.svg","ADEPMDBCHBLKCCHREDDCHBLK","","rastersymbols-day.png:1412,858,13x34@6,31","semantic token match for TOPSHP"
"TOPSHP00","POINT","SEMANTIC_TOKEN","Q130_3_topmark_E.svg","ADEPMDBCHBLKCCHREDDCHWHTECHGRN","","rastersymbols-day.png:1435,858,15x15@7,26","semantic token match for TOPSHP"
"TOPSHP80","POINT","SEMANTIC_TOKEN","Q130_3_topmark_E.svg","ADEPMDBCHBLKDNODTACNODTAECHREDFCHWHT","","rastersymbols-day.png:10,902,17x33@8,30","semantic token match for TOPSHP"
"TOPSHP79","POINT","SEMANTIC_TOKEN","Q130_3_topmark_E.svg","ADEPMDBCHBLKDNODTACNODTAECHCORFCHWHT","","rastersymbols-day.png:37,902,17x33@8,30","semantic token match for TOPSHP"
"TOPSHP06","POINT","SEMANTIC_TOKEN","Q130_3_topmark_E.svg","ADEPMDBCHBLKCCHREDDCHWHTECHYLW","","rastersymbols-day.png:64,902,15x15@7,26","semantic token match for TOPSHP"
"BOYCON74","POINT","SEMANTIC_TOKEN","Q20a_Conical_buoy.svg","ADEPMDBCHBLKCCHGRNDCHWHT","","rastersymbols-day.png:89,902,19x16@9,12","semantic token match for BOYCON"
"BOYCAN82","POINT","SEMANTIC_TOKEN","Q22a_Spherical_buoy.svg","ADEPMDBCHBLKCCHREDDCHWHT","","rastersymbols-day.png:118,902,19x15@9,11","semantic token match for BOYCAN"
"BOYCAN83","POINT","SEMANTIC_TOKEN","Q22a_Spherical_buoy.svg","ADEPMDBCHBLKCCHREDDCHWHT","","rastersymbols-day.png:147,902,19x15@9,11","semantic token match for BOYCAN"
"TOPSHPI1","POINT","SEMANTIC_TOKEN","Q130_3_topmark_E.svg","ADEPMDBCHBLKCCHREDDCHWHTECHYLW","","rastersymbols-day.png:176,902,15x15@6,27","semantic token match for TOPSHPI"
"TOPSHQ17","POINT","UNRESOLVED","","ADEPMDBCHBLKDNODTACNODTAECHCORFCHWHT","","rastersymbols-day.png:201,902,17x33@8,30","no exact/direct/semantic ESRI match; generic category fallback disabled"
"TOPSHPJ1","POINT","SEMANTIC_TOKEN","Q130_3_topmark_E.svg","ADEPMDBCHBLKDCHYLWCCHYLWECHCORFCHWHT","","rastersymbols-day.png:228,902,17x33@8,30","semantic token match for TOPSHPJ"
"TOPSHPJ2","POINT","SEMANTIC_TOKEN","Q130_3_topmark_E.svg","ADEPMDBCHBLKDCHGRNCCHYLWECHCORFCHWHT","","rastersymbols-day.png:255,902,17x33@8,30","semantic token match for TOPSHPJ"
"TOPMAR01","POINT","CUSTOM_SYMBOL_MAP","Q9_Arrow.svg","ADEPMDBCHBLKDNODTACNODTAECHCORFCHWHT","","rastersymbols-day.png:282,902,17x33@8,30","CustomSymbolMap object rule for TOPMAR"
"TOPMAR91","POINT","CUSTOM_SYMBOL_MAP","Q9_Arrow.svg","ADEPMDBCHBLKCCHGRNDCHRED","","rastersymbols-day.png:309,902,17x33@8,30","CustomSymbolMap object rule for TOPMAR"
"TOPSHQ07","POINT","UNRESOLVED","","ADEPMDBCHBLKCCHREDDCHWHTECHYLW","","rastersymbols-day.png:336,902,15x15@7,26","no exact/direct/semantic ESRI match; generic category fallback disabled"
"TOPSHQ27","POINT","UNRESOLVED","","ADEPMDBCHBLKCCHWHTDCHRED","","rastersymbols-day.png:361,902,13x34@6,31","no exact/direct/semantic ESRI match; generic category fallback disabled"
"TOPSHPP1","POINT","SEMANTIC_TOKEN","Q130_3_topmark_E.svg","ADEPMDBCHBLKCCHREDDCHWHTECHYLW","","rastersymbols-day.png:384,902,15x15@7,26","semantic token match for TOPSHPP"
"TOPSHQ08","POINT","UNRESOLVED","","ADEPMDBCHBLKCCHREDDCHWHTECHYLW","","rastersymbols-day.png:409,902,15x15@7,26","no exact/direct/semantic ESRI match; generic category fallback disabled"
"ZZZZZZ01","POINT","UNRESOLVED","","ADEPMDBCHBLKCCHWHTDCHREDECHGRNFCHYLW","","rastersymbols-day.png:434,902,13x34@6,31","no exact/direct/semantic ESRI match; generic category fallback disabled"
"TOPSHPI2","POINT","SEMANTIC_TOKEN","Q130_3_topmark_E.svg","ADEPMDBCHBLKCCHREDDCHWHTECHYLW","","rastersymbols-day.png:457,902,15x15@7,26","semantic token match for TOPSHPI"
"TOPSHP54","POINT","SEMANTIC_TOKEN","Q130_3_topmark_E.svg","ADEPMDBCHBLKCCHREDDCHWHT","","rastersymbols-day.png:482,902,17x16@8,27","semantic token match for TOPSHP"
"TOPSHPR1","POINT","SEMANTIC_TOKEN","Q130_3_topmark_E.svg","ADEPMDBCHBLKCCHWHTDCHREDECHBLK","","rastersymbols-day.png:509,902,15x15@7,26","semantic token match for TOPSHPR"
"TOPSHQ28","POINT","UNRESOLVED","","ADEPMDBCHBLKCCHREDDCHWHTECHYLW","","rastersymbols-day.png:534,902,15x15@7,26","no exact/direct/semantic ESRI match; generic category fallback disabled"
"TOPSHPP2","POINT","SEMANTIC_TOKEN","Q130_3_topmark_E.svg","ADEPMDBCHBLKCCHREDDCHWHTECHYLW","","rastersymbols-day.png:559,902,15x15@7,26","semantic token match for TOPSHPP"
"TOPSHP53","POINT","SEMANTIC_TOKEN","Q130_3_topmark_E.svg","ADEPMDBCHBLKCCHYLWDCHWHT","","rastersymbols-day.png:584,902,17x16@8,26","semantic token match for TOPSHP"
"TOPSHP52","POINT","SEMANTIC_TOKEN","Q130_3_topmark_E.svg","ADEPMDBCHBLKCCHGRNDCHBLK","","rastersymbols-day.png:611,902,17x16@8,27","semantic token match for TOPSHP"
"TOPSHPD4","POINT","SEMANTIC_TOKEN","Q130_3_topmark_E.svg","ADEPMDBCHBLKCCHREDDCHWHTECHYLW","","rastersymbols-day.png:638,902,15x15@7,26","semantic token match for TOPSHPD"
"TOPSHP07","POINT","SEMANTIC_TOKEN","Q130_3_topmark_E.svg","ADEPMDBCHBLKCCHCORDCHWHTECHYLW","","rastersymbols-day.png:663,902,15x15@7,26","semantic token match for TOPSHP"
"TOPSHPJ3","POINT","SEMANTIC_TOKEN","Q130_3_topmark_E.svg","ADEPMDBCHBLKDCHWHTCCHYLWECHCORFCHWHT","","rastersymbols-day.png:688,902,17x33@8,30","semantic token match for TOPSHPJ"
"TOPSHPS1","POINT","SEMANTIC_TOKEN","Q130_3_topmark_E.svg","ADEPMDBCHBLKCCHREDDCHWHTECHGRN","","rastersymbols-day.png:715,902,15x15@7,26","semantic token match for TOPSHPS"
"BCNTOW63","POINT","SEMANTIC_TOKEN","Q83_Beacon_submerged_rock.svg","ADEPMDBCHBLKCCHWHTDCHRED","","rastersymbols-day.png:740,902,15x18@7,14","semantic token match for BCNTOW"
"BCNTOW66","POINT","SEMANTIC_TOKEN","Q83_Beacon_submerged_rock.svg","ADEPMDBCHBLKCCHWHTDCHGRN","","rastersymbols-day.png:765,902,15x18@7,14","semantic token match for BCNTOW"
"TOPSHQ30","POINT","UNRESOLVED","","ADEPMDBCHBLKCCHWHTDCHRED","","rastersymbols-day.png:790,902,13x34@6,31","no exact/direct/semantic ESRI match; generic category fallback disabled"
"TOPSHQ31","POINT","UNRESOLVED","","ADEPMDBCHBLKCCHWHTDCHRED","","rastersymbols-day.png:813,902,13x34@6,31","no exact/direct/semantic ESRI match; generic category fallback disabled"
"TOPSHQ32","POINT","UNRESOLVED","","ADEPMDBCHBLKCCHWHTDCHRED","","rastersymbols-day.png:836,902,13x34@6,31","no exact/direct/semantic ESRI match; generic category fallback disabled"
"TOPSHQ29","POINT","UNRESOLVED","","ADEPMDBCHBLKCCHWHTDCHRED","","rastersymbols-day.png:859,902,13x34@6,31","no exact/direct/semantic ESRI match; generic category fallback disabled"
"TOPSHQ18","POINT","UNRESOLVED","","ADEPMDBCHBLKCCHWHTDCHRED","","rastersymbols-day.png:882,902,13x34@6,31","no exact/direct/semantic ESRI match; generic category fallback disabled"
"TOWERS95","POINT","UNRESOLVED","","ADEPMDBCHBLKCCHWHTDCHRED","","rastersymbols-day.png:905,902,14x26@6,22","no exact/direct/semantic ESRI match; generic category fallback disabled"
"TOPSHQ06","POINT","UNRESOLVED","","ADEPMDBCHBLKCCHWHTDCHRED","","rastersymbols-day.png:929,902,13x34@6,31","no exact/direct/semantic ESRI match; generic category fallback disabled"
"TOWERS96","POINT","UNRESOLVED","","ADEPMDBCHBLKCCHWHTDCHRED","","rastersymbols-day.png:952,902,14x26@6,22","no exact/direct/semantic ESRI match; generic category fallback disabled"
"TOPSHPT1","POINT","SEMANTIC_TOKEN","Q130_3_topmark_E.svg","ADEPMDBCHBLKCCHWHTDCHRED","","rastersymbols-day.png:976,902,13x34@6,31","semantic token match for TOPSHPT"
"TOPSHPT2","POINT","SEMANTIC_TOKEN","Q130_3_topmark_E.svg","ADEPMDBCHBLKCCHWHTDCHRED","","rastersymbols-day.png:999,902,13x34@6,31","semantic token match for TOPSHPT"
"TOPSHPT3","POINT","SEMANTIC_TOKEN","Q130_3_topmark_E.svg","ADEPMDBCHBLKCCHWHTDCHRED","","rastersymbols-day.png:1022,902,13x34@6,31","semantic token match for TOPSHPT"
"TOPSHPT4","POINT","SEMANTIC_TOKEN","Q130_3_topmark_E.svg","ADEPMDBCHBLKCCHWHTDCHRED","","rastersymbols-day.png:1045,902,13x34@6,31","semantic token match for TOPSHPT"
"TOPSHPT5","POINT","SEMANTIC_TOKEN","Q130_3_topmark_E.svg","ADEPMDBCHWHTCCHBLKDCHRED","","rastersymbols-day.png:1068,902,13x34@6,31","semantic token match for TOPSHPT"
"TOPSHPT6","POINT","SEMANTIC_TOKEN","Q130_3_topmark_E.svg","ADEPMDBCHWHTCCHBLKDCHREDECHCOR","","rastersymbols-day.png:1091,902,13x34@6,31","semantic token match for TOPSHPT"
"TOPSHPT7","POINT","SEMANTIC_TOKEN","Q130_3_topmark_E.svg","ADEPMDBCHWHTCCHBLKDCHREDECHCOR","","rastersymbols-day.png:1114,902,13x34@6,31","semantic token match for TOPSHPT"
"TOPSHPT8","POINT","SEMANTIC_TOKEN","Q130_3_topmark_E.svg","ADEPMDBCHBLKCCHWHTDCHRED","","rastersymbols-day.png:1137,902,13x34@6,31","semantic token match for TOPSHPT"
"TOPSHPU1","POINT","SEMANTIC_TOKEN","Q130_3_topmark_E.svg","ADEPMDBCHBLKCCHGRNDCHWHTECHGRN","","rastersymbols-day.png:1160,902,15x15@7,26","semantic token match for TOPSHPU"
"TOPSHP78","POINT","SEMANTIC_TOKEN","Q130_3_topmark_E.svg","ADEPMDBCHBLKCCHGRNDCHWHTECHYLW","","rastersymbols-day.png:1185,902,17x16@8,27","semantic token match for TOPSHP"
"TOWERS97","POINT","UNRESOLVED","","ADEPMDBCHBLKCCHWHTDCHBLKECHYLWFCHGRNGCHGRF","","rastersymbols-day.png:1212,902,14x26@6,22","no exact/direct/semantic ESRI match; generic category fallback disabled"
"BOYPIL59","POINT","SEMANTIC_TOKEN","Q22a_Spherical_buoy.svg","ADEPMDBCHBLKCCHCOR","","rastersymbols-day.png:1236,902,18x18@9,14","semantic token match for BOYPIL"
"BOYSUP66","POINT","SEMANTIC_TOKEN","Q22a_Spherical_buoy.svg","ADEPMDBCHBLKCCHREDDCHWHT","","rastersymbols-day.png:1264,902,25x16@12,12","semantic token match for BOYSUP"
"TOPSHP68","POINT","SEMANTIC_TOKEN","Q130_3_topmark_E.svg","ADEPMDBCHBLKCCHGRNDCHWHTECHRED","","rastersymbols-day.png:1299,902,17x16@8,27","semantic token match for TOPSHP"
"TOWERS98","POINT","UNRESOLVED","","ADEPMDBCHBLKCCHWHTDCHRED","","rastersymbols-day.png:1326,902,14x26@6,22","no exact/direct/semantic ESRI match; generic category fallback disabled"
"TOWERS99","POINT","UNRESOLVED","","ADEPMDBCHBLKCCHWHTDCHBLK","","rastersymbols-day.png:1350,902,14x26@6,22","no exact/direct/semantic ESRI match; generic category fallback disabled"
"TOWERS59","POINT","UNRESOLVED","","ADEPMDBCHBLKCCHBRN","","rastersymbols-day.png:1374,902,14x26@6,22","no exact/direct/semantic ESRI match; generic category fallback disabled"
"TOWERS58","POINT","UNRESOLVED","","ADEPMDBCHBRNCCHWHTDCHREDECHBLK","","rastersymbols-day.png:1398,902,14x26@6,22","no exact/direct/semantic ESRI match; generic category fallback disabled"
"TOWERS57","POINT","UNRESOLVED","","ADEPMDBCHBLKCCHWHTDCHGRNECHREDFCHRED","","rastersymbols-day.png:1422,902,14x26@6,22","no exact/direct/semantic ESRI match; generic category fallback disabled"
"TOWERS56","POINT","UNRESOLVED","","ADEPMDBCHBLKCCHWHTDCHCOR","","rastersymbols-day.png:1446,902,14x26@6,22","no exact/direct/semantic ESRI match; generic category fallback disabled"
"TOWERS55","POINT","UNRESOLVED","","ADEPMDBCHBLKCCHBLKDCHYLWECHYLWFCHGRNGCHGRF","","rastersymbols-day.png:10,946,14x26@6,22","no exact/direct/semantic ESRI match; generic category fallback disabled"
"BCNTOW74","POINT","SEMANTIC_TOKEN","Q83_Beacon_submerged_rock.svg","ADEPMDBCHBLKCCHREDDCHWHTECHGRN","","rastersymbols-day.png:34,946,15x18@7,14","semantic token match for BCNTOW"
"TOWERS72","POINT","UNRESOLVED","","ADEPMDBCHBLKCCHWHTDCHWHTECHREDFCHGRN","","rastersymbols-day.png:59,946,14x26@6,22","no exact/direct/semantic ESRI match; generic category fallback disabled"
"TOWERS76","POINT","UNRESOLVED","","ADEPMDBCHBLKCCHWHTDRESBL","","rastersymbols-day.png:83,946,14x26@6,22","no exact/direct/semantic ESRI match; generic category fallback disabled"
"TOWERS75","POINT","UNRESOLVED","","ADEPMDBCHBLKCCHBLKDCHCOR","","rastersymbols-day.png:107,946,14x26@6,22","no exact/direct/semantic ESRI match; generic category fallback disabled"
"TOWERS74","POINT","UNRESOLVED","","ADEPMDBCHBLKCCHWHTDCHCOR","","rastersymbols-day.png:131,946,14x26@6,22","no exact/direct/semantic ESRI match; generic category fallback disabled"
"TOWERS64","POINT","UNRESOLVED","","ADEPMDBCHBLKCCHCOR","","rastersymbols-day.png:155,946,14x26@6,22","no exact/direct/semantic ESRI match; generic category fallback disabled"
"TOWERS54","POINT","UNRESOLVED","","ADEPMDBCHWHTCCHCORDCHREDECHBLK","","rastersymbols-day.png:179,946,14x26@6,22","no exact/direct/semantic ESRI match; generic category fallback disabled"
"TOPSHQ15","POINT","UNRESOLVED","","ADEPMDBCHBLKCCHWHTDCHRED","","rastersymbols-day.png:203,946,13x34@6,31","no exact/direct/semantic ESRI match; generic category fallback disabled"
"TOPSHQ16","POINT","UNRESOLVED","","ADEPMDBCHBLKCCHWHTDCHRED","","rastersymbols-day.png:226,946,13x34@6,31","no exact/direct/semantic ESRI match; generic category fallback disabled"
"TOWERS73","POINT","UNRESOLVED","","ADEPMDBCHBLKCCHWHTDCHBLKECHREDFCHGRN","","rastersymbols-day.png:249,946,14x26@6,22","no exact/direct/semantic ESRI match; generic category fallback disabled"
"TOPSHPI3","POINT","SEMANTIC_TOKEN","Q130_3_topmark_E.svg","ADEPMDBCHBLKCCHREDDCHWHTECHYLW","","rastersymbols-day.png:273,946,15x15@7,26","semantic token match for TOPSHPI"
"TOPSHPU2","POINT","SEMANTIC_TOKEN","Q130_3_topmark_E.svg","ADEPMDBCHBLKCCHGRNDCHWHTECHRED","","rastersymbols-day.png:298,946,15x15@7,26","semantic token match for TOPSHPU"
"TOWERS53","POINT","UNRESOLVED","","ADEPMDBCHBLKCCHWHTDCHRED","","rastersymbols-day.png:323,946,14x26@6,22","no exact/direct/semantic ESRI match; generic category fallback disabled"
"TOWERS65","POINT","UNRESOLVED","","ADEPMDBCHBLKCCHGRD","","rastersymbols-day.png:347,946,14x26@6,22","no exact/direct/semantic ESRI match; generic category fallback disabled"
"TOWERS67","POINT","UNRESOLVED","","ADEPMDBCHBLKCCHWHTDCHWHTECHYLWFCHGRN","","rastersymbols-day.png:371,946,14x26@6,22","no exact/direct/semantic ESRI match; generic category fallback disabled"
"TOWERS66","POINT","UNRESOLVED","","ADEPMDBCHBLKCCHWHTDCHWHTECHGRDFCHGRN","","rastersymbols-day.png:395,946,14x26@6,22","no exact/direct/semantic ESRI match; generic category fallback disabled"
"TOWERS52","POINT","UNRESOLVED","","ADEPMDBCHBLKCCHREDDCHWHT","","rastersymbols-day.png:419,946,14x26@6,22","no exact/direct/semantic ESRI match; generic category fallback disabled"
"TOWERS51","POINT","UNRESOLVED","","ADEPMDBCHBLKCCHBLKDCHWHTECHYLWFCHGRN","","rastersymbols-day.png:443,946,14x26@6,22","no exact/direct/semantic ESRI match; generic category fallback disabled"
"TOWERS50","POINT","UNRESOLVED","","ADEPMDBCHREDCCHWHTDCHREDECHBLK","","rastersymbols-day.png:467,946,14x26@6,22","no exact/direct/semantic ESRI match; generic category fallback disabled"
"TOWERS88","POINT","UNRESOLVED","","ADEPMDBCHBLKCCHWHTDCHBLK","","rastersymbols-day.png:491,946,14x26@6,22","no exact/direct/semantic ESRI match; generic category fallback disabled"
"TOWERS49","POINT","UNRESOLVED","","ADEPMDBCHBLKCCHWHTDCHRED","","rastersymbols-day.png:515,946,14x26@6,22","no exact/direct/semantic ESRI match; generic category fallback disabled"
"TOWERS48","POINT","UNRESOLVED","","ADEPMDBCHBLKCCHGRNDCHWHT","","rastersymbols-day.png:539,946,14x26@6,22","no exact/direct/semantic ESRI match; generic category fallback disabled"
"WRECKS07","POINT","SEMANTIC_TOKEN","K30_Wreck_safe_clearance.svg","ACHBLK","","rastersymbols-day.png:563,946,29x1@16,12","semantic token match for WRECKS"
"TOPMAR92","POINT","CUSTOM_SYMBOL_MAP","Q9_Arrow.svg","ADEPMDBCHBLKCCHREDDCHGRN","","rastersymbols-day.png:602,946,17x33@8,30","CustomSymbolMap object rule for TOPMAR"
"TOPSHPD5","POINT","SEMANTIC_TOKEN","Q130_3_topmark_E.svg","ADEPMDBCHBLKCCHREDDCHWHTECHRED","","rastersymbols-day.png:688,946,15x15@7,26","semantic token match for TOPSHPD"
"BCNSTK82","POINT","SEMANTIC_TOKEN","Q83_Beacon_submerged_rock.svg","ADEPMDBCHBLKCCHREDDCHWHTECHGRN","","rastersymbols-day.png:712,946,10x18@4,15","semantic token match for BCNSTK"
"BCNSTK83","POINT","SEMANTIC_TOKEN","Q83_Beacon_submerged_rock.svg","ADEPMDBCHBLKCCHGRNDCHWHTECHRED","","rastersymbols-day.png:730,946,10x18@4,15","semantic token match for BCNSTK"
"BOYSPH78","POINT","SEMANTIC_TOKEN","Q22a_Spherical_buoy.svg","ADEPMDBCHBLKCCHWHT","","rastersymbols-day.png:746,946,19x15@9,11","semantic token match for BOYSPH"
"TOPMAR90","POINT","CUSTOM_SYMBOL_MAP","Q9_Arrow.svg","","","rastersymbols-day.png:35,239,10x10@4,27","CustomSymbolMap object rule for TOPMAR"
"TOPMAR93","POINT","CUSTOM_SYMBOL_MAP","Q9_Arrow.svg","","","rastersymbols-day.png:55,239,10x10@4,27","CustomSymbolMap object rule for TOPMAR"
"ACHARE51","LINE","CUSTOM_SYMBOL_MAP","N10_Reported_anchorage.svg","ACHMGD","","","CustomSymbolMap object rule for ACHARE"
"ACHRES51","LINE","UNRESOLVED","","ACHMGD","","","no exact/direct/semantic ESRI match; generic category fallback disabled"
"ADMARE01","LINE","UNRESOLVED","","ACHGRD","","","no exact/direct/semantic ESRI match; generic category fallback disabled"
"ESSARE01","LINE","UNRESOLVED","","ACHMGD","","","no exact/direct/semantic ESRI match; generic category fallback disabled"
"CBLARE51","LINE","SEMANTIC_TOKEN","L31_1_PowerCable.svg","ACHMGD","","","semantic token match for CBLARE"
"CBLSUB06","LINE","SEMANTIC_TOKEN","L31_1_PowerCable.svg","ACHMGD","","","semantic token match for CBLSUB"
"CHCRDEL1","LINE","UNRESOLVED","","ACHCOR","","","no exact/direct/semantic ESRI match; generic category fallback disabled"
"CHCRID01","LINE","UNRESOLVED","","ACHCOR","","","no exact/direct/semantic ESRI match; generic category fallback disabled"
"CTNARE51","LINE","UNRESOLVED","","ACHMGD","","","no exact/direct/semantic ESRI match; generic category fallback disabled"
"CTYARE51","LINE","UNRESOLVED","","ACHMGD","","","no exact/direct/semantic ESRI match; generic category fallback disabled"
"DWLDEF01","LINE","UNRESOLVED","","ATRFCD","","","no exact/direct/semantic ESRI match; generic category fallback disabled"
"DWRTCL05","LINE","UNRESOLVED","","ATRFCD","","","no exact/direct/semantic ESRI match; generic category fallback disabled"
"DWRTCL06","LINE","UNRESOLVED","","ATRFCD","","","no exact/direct/semantic ESRI match; generic category fallback disabled"
"DWRTCL07","LINE","UNRESOLVED","","ATRFCD","","","no exact/direct/semantic ESRI match; generic category fallback disabled"
"DWRTCL08","LINE","UNRESOLVED","","ATRFCD","","","no exact/direct/semantic ESRI match; generic category fallback disabled"
"DWRUTE51","LINE","UNRESOLVED","","ATRFCD","","","no exact/direct/semantic ESRI match; generic category fallback disabled"
"ENTRES51","LINE","UNRESOLVED","","ACHMGD","","","no exact/direct/semantic ESRI match; generic category fallback disabled"
"ERBLNA01","LINE","UNRESOLVED","","ANINFO","","","no exact/direct/semantic ESRI match; generic category fallback disabled"
"ERBLNB01","LINE","UNRESOLVED","","ANINFO","","","no exact/direct/semantic ESRI match; generic category fallback disabled"
"FERYRT01","LINE","UNRESOLVED","","ACHMGD","","","no exact/direct/semantic ESRI match; generic category fallback disabled"
"FERYRT02","LINE","UNRESOLVED","","ACHBLK","","","no exact/direct/semantic ESRI match; generic category fallback disabled"
"FSHFAC02","LINE","UNRESOLVED","","ACHGRD","","","no exact/direct/semantic ESRI match; generic category fallback disabled"
"FSHRES51","LINE","UNRESOLVED","","ACHMGD","","","no exact/direct/semantic ESRI match; generic category fallback disabled"
"HODATA01","LINE","UNRESOLVED","","ACHGRD","","","no exact/direct/semantic ESRI match; generic category fallback disabled"
"LOWACC01","LINE","UNRESOLVED","","ADEPSC","","","no exact/direct/semantic ESRI match; generic category fallback disabled"
"LOWACC11","LINE","UNRESOLVED","","ADEPCN","","","no exact/direct/semantic ESRI match; generic category fallback disabled"
"LOWACC21","LINE","UNRESOLVED","","ACSTLN","","","no exact/direct/semantic ESRI match; generic category fallback disabled"
"LOWACC31","LINE","UNRESOLVED","","ACHGRD","","","no exact/direct/semantic ESRI match; generic category fallback disabled"
"LOWACC41","LINE","UNRESOLVED","","ACHBLK","","","no exact/direct/semantic ESRI match; generic category fallback disabled"
"MARSYS51","LINE","UNRESOLVED","","ACHGRD","","","no exact/direct/semantic ESRI match; generic category fallback disabled"
"NAVARE51","LINE","UNRESOLVED","","ACHGRD","","","no exact/direct/semantic ESRI match; generic category fallback disabled"
"PIPARE51","LINE","UNRESOLVED","","ACHMGD","","","no exact/direct/semantic ESRI match; generic category fallback disabled"
"PIPARE61","LINE","UNRESOLVED","","ACHGRD","","","no exact/direct/semantic ESRI match; generic category fallback disabled"
"PIPSOL05","LINE","UNRESOLVED","","ACHMGD","","","no exact/direct/semantic ESRI match; generic category fallback disabled"
"PIPSOL06","LINE","UNRESOLVED","","ACHGRD","","","no exact/direct/semantic ESRI match; generic category fallback disabled"
"PLNRTE03","LINE","UNRESOLVED","","APLRTE","","","no exact/direct/semantic ESRI match; generic category fallback disabled"
"PRCARE51","LINE","UNRESOLVED","","ACHMGD","","","no exact/direct/semantic ESRI match; generic category fallback disabled"
"QUESMRK1","LINE","UNRESOLVED","","ACHMGD","","","no exact/direct/semantic ESRI match; generic category fallback disabled"
"RCRDEF01","LINE","UNRESOLVED","","ATRFCD","","","no exact/direct/semantic ESRI match; generic category fallback disabled"
"RCRTCL01","LINE","UNRESOLVED","","ATRFCD","","","no exact/direct/semantic ESRI match; generic category fallback disabled"
"RCRTCL02","LINE","UNRESOLVED","","ATRFCD","","","no exact/direct/semantic ESRI match; generic category fallback disabled"
"RCRTCL03","LINE","UNRESOLVED","","ATRFCD","","","no exact/direct/semantic ESRI match; generic category fallback disabled"
"RCRTCL04","LINE","UNRESOLVED","","ATRFCD","","","no exact/direct/semantic ESRI match; generic category fallback disabled"
"RECDEF02","LINE","UNRESOLVED","","ACHGRD","","","no exact/direct/semantic ESRI match; generic category fallback disabled"
"RECTRC09","LINE","UNRESOLVED","","ACHGRD","","","no exact/direct/semantic ESRI match; generic category fallback disabled"
"RECTRC10","LINE","UNRESOLVED","","ACHGRD","","","no exact/direct/semantic ESRI match; generic category fallback disabled"
"RECTRC11","LINE","UNRESOLVED","","ACHGRD","","","no exact/direct/semantic ESRI match; generic category fallback disabled"
"RECTRC12","LINE","UNRESOLVED","","ACHGRD","","","no exact/direct/semantic ESRI match; generic category fallback disabled"
"RESARE51","LINE","SEMANTIC_TOKEN","N2_1_RestrictedArea.svg","ACHMGD","","","semantic token match for RESARE"
"SCLBDY51","LINE","UNRESOLVED","","ACHGRF","","","no exact/direct/semantic ESRI match; generic category fallback disabled"
"TIDINF51","LINE","UNRESOLVED","","ACHGRD","","","no exact/direct/semantic ESRI match; generic category fallback disabled"
"UNITFTH1","LINE","UNRESOLVED","","ACHGRD","","","no exact/direct/semantic ESRI match; generic category fallback disabled"
"UNITMTR1","LINE","UNRESOLVED","","ACHGRD","","","no exact/direct/semantic ESRI match; generic category fallback disabled"
"RCRTCL11","LINE","UNRESOLVED","","ATRFCD","","","no exact/direct/semantic ESRI match; generic category fallback disabled"
"RCRTCL12","LINE","UNRESOLVED","","ATRFCD","","","no exact/direct/semantic ESRI match; generic category fallback disabled"
"RCRTCL13","LINE","UNRESOLVED","","ATRFCD","","","no exact/direct/semantic ESRI match; generic category fallback disabled"
"RCRTCL14","LINE","UNRESOLVED","","ATRFCD","","","no exact/direct/semantic ESRI match; generic category fallback disabled"
"AIRARE02","PATTERN","UNRESOLVED","","ALANDF","","","no exact/direct/semantic ESRI match; generic category fallback disabled"
"DIAMOND1","PATTERN","UNRESOLVED","","DEPCN","#7d898c","","no exact/direct/semantic ESRI match; generic category fallback disabled"
"DQUALA11","PATTERN","UNRESOLVED","","ACHGRD","","","no exact/direct/semantic ESRI match; generic category fallback disabled"
"DQUALA21","PATTERN","UNRESOLVED","","ACHGRD","","","no exact/direct/semantic ESRI match; generic category fallback disabled"
"DQUALB01","PATTERN","UNRESOLVED","","ACHGRD","","","no exact/direct/semantic ESRI match; generic category fallback disabled"
"DQUALC01","PATTERN","UNRESOLVED","","ACHGRD","","","no exact/direct/semantic ESRI match; generic category fallback disabled"
"DQUALD01","PATTERN","UNRESOLVED","","ACHGRD","","","no exact/direct/semantic ESRI match; generic category fallback disabled"
"DQUALU01","PATTERN","UNRESOLVED","","ACHGRD","","","no exact/direct/semantic ESRI match; generic category fallback disabled"
"DRGARE01","PATTERN","UNRESOLVED","","DCHGRD","","","no exact/direct/semantic ESRI match; generic category fallback disabled"
"FOULAR11","PATTERN","UNRESOLVED","","ACHGRD","","","no exact/direct/semantic ESRI match; generic category fallback disabled"
"FSHFAC03","PATTERN","UNRESOLVED","","ACHGRD","","","no exact/direct/semantic ESRI match; generic category fallback disabled"
"FSHFAC04","PATTERN","UNRESOLVED","","ACHGRD","","rastersymbols-day.png:257,1007,0x0@20,20","no exact/direct/semantic ESRI match; generic category fallback disabled"
"FSHHAV02","PATTERN","UNRESOLVED","","ECHGRD","","rastersymbols-day.png:305,1007,0x0@20,20","no exact/direct/semantic ESRI match; generic category fallback disabled"
"ICEARE04","PATTERN","UNRESOLVED","","ECHGRD","","","no exact/direct/semantic ESRI match; generic category fallback disabled"
"MARCUL02","PATTERN","CUSTOM_SYMBOL_MAP","K48_Marine_farm.svg","ACHGRD","","","CustomSymbolMap object rule for MARCUL"
"MARSHES1","PATTERN","UNRESOLVED","","ACHBRN","","rastersymbols-day.png:207,1007,0x0@30,30","no exact/direct/semantic ESRI match; generic category fallback disabled"
"NODATA03","PATTERN","UNRESOLVED","","ACHGRD","","","no exact/direct/semantic ESRI match; generic category fallback disabled"
"OVERSC01","PATTERN","UNRESOLVED","","ACHGRD","","","no exact/direct/semantic ESRI match; generic category fallback disabled"
"PRTSUR01","PATTERN","UNRESOLVED","","ACHGRD","","","no exact/direct/semantic ESRI match; generic category fallback disabled"
"QUESMRK1","PATTERN","UNRESOLVED","","ACHMGD","","","no exact/direct/semantic ESRI match; generic category fallback disabled"
"RCKLDG01","PATTERN","UNRESOLVED","","ALANDF","","","no exact/direct/semantic ESRI match; generic category fallback disabled"
"SNDWAV01","PATTERN","UNRESOLVED","","ACHGRD","","","no exact/direct/semantic ESRI match; generic category fallback disabled"
"TSSJCT02","PATTERN","UNRESOLVED","","UTRFCF","","","no exact/direct/semantic ESRI match; generic category fallback disabled"
"VEGATN03","PATTERN","CUSTOM_SYMBOL_MAP","C31_1_Deciduous_tree.svg","ALANDF","","","CustomSymbolMap object rule for VEGATN"
"VEGATN04","PATTERN","CUSTOM_SYMBOL_MAP","C31_1_Deciduous_tree.svg","ALANDF","","","CustomSymbolMap object rule for VEGATN"
"NODATA04","PATTERN","UNRESOLVED","","ACHGRD","","rastersymbols-day.png:68,1007,0x0@20,0","no exact/direct/semantic ESRI match; generic category fallback disabled"
"FOULAR02","PATTERN","UNRESOLVED","","ACHGRD","","rastersymbols-day.png:121,1007,0x0@36,69","no exact/direct/semantic ESRI match; generic category fallback disabled"
"FOULAR01","PATTERN","UNRESOLVED","","ACHGRD","","rastersymbols-day.png:68,1039,0x0@5,5","no exact/direct/semantic ESRI match; generic category fallback disabled"
"CROSSX01","PATTERN","UNRESOLVED","","ACHBRN","","rastersymbols-day.png:400,1040,0x0@8,8","no exact/direct/semantic ESRI match; generic category fallback disabled"
"CROSSX02","PATTERN","UNRESOLVED","","ACHBRN","","rastersymbols-day.png:430,1040,0x0@8,8","no exact/direct/semantic ESRI match; generic category fallback disabled"
"######","POINT","UNRESOLVED","","ACHMGD","","rastersymbols-day.png:127,239,8x14@3,7","no exact/direct/semantic ESRI match; generic category fallback disabled"
"ACHARE","POINT","CUSTOM_SYMBOL_MAP","N10_Reported_anchorage.svg","ACHMGD","","rastersymbols-day.png:10,10,13x16@6,8","CustomSymbolMap object rule for ACHARE"
"ACHBRT","POINT","UNRESOLVED","","ACHMGD","","rastersymbols-day.png:79,10,16x16@8,8","no exact/direct/semantic ESRI match; generic category fallback disabled"
"ADMARE","LINE","UNRESOLVED","","","","","no exact/direct/semantic ESRI match; generic category fallback disabled"
"AIRARE","POINT","UNRESOLVED","","ALANDF","","rastersymbols-day.png:256,10,24x24@11,11","no exact/direct/semantic ESRI match; generic category fallback disabled"
"ARCSLN","LINE","UNRESOLVED","","","","","no exact/direct/semantic ESRI match; generic category fallback disabled"
"BERTHS","POINT","UNRESOLVED","","JCHMGD","","rastersymbols-day.png:258,78,21x21@10,10","no exact/direct/semantic ESRI match; generic category fallback disabled"
"BRIDGE","POINT","UNRESOLVED","","ACHMGD","","rastersymbols-day.png:235,78,13x13@6,6","no exact/direct/semantic ESRI match; generic category fallback disabled"
"BUAARE","POINT","UNRESOLVED","","ALANDF","","rastersymbols-day.png:289,78,16x16@7,7","no exact/direct/semantic ESRI match; generic category fallback disabled"
"BUISGL","POINT","UNRESOLVED","","WCHBLK","","rastersymbols-day.png:1332,175,13x13@6,6","no exact/direct/semantic ESRI match; generic category fallback disabled"
"CANALS","LINE","UNRESOLVED","","","","","no exact/direct/semantic ESRI match; generic category fallback disabled"
"CAUSWY","LINE","UNRESOLVED","","","","","no exact/direct/semantic ESRI match; generic category fallback disabled"
"CBLARE","POINT","UNRESOLVED","","ACHMGF","","rastersymbols-day.png:547,78,12x33@5,16","no exact/direct/semantic ESRI match; generic category fallback disabled"
"CHKPNT","POINT","UNRESOLVED","","DCHGRDBCHREDCCHWHTADEPMD","","rastersymbols-day.png:470,495,17x17@8,8","no exact/direct/semantic ESRI match; generic category fallback disabled"
"CONVYR","POINT","UNRESOLVED","","ACHMGD","","rastersymbols-day.png:145,239,19x19@9,9","no exact/direct/semantic ESRI match; generic category fallback disabled"
"CONZNE","LINE","UNRESOLVED","","","","","no exact/direct/semantic ESRI match; generic category fallback disabled"
"COSARE","LINE","UNRESOLVED","","","","","no exact/direct/semantic ESRI match; generic category fallback disabled"
"CRANES","POINT","CUSTOM_SYMBOL_MAP","F53_Crane.svg","WLANDF","","rastersymbols-day.png:898,78,18x16@8,14","CustomSymbolMap object rule for CRANES"
"CTNARE","POINT","UNRESOLVED","","ACHMGD","","rastersymbols-day.png:698,78,16x16@7,7","no exact/direct/semantic ESRI match; generic category fallback disabled"
"CTSARE","POINT","UNRESOLVED","","ACHMGD","","rastersymbols-day.png:724,78,15x15@7,7","no exact/direct/semantic ESRI match; generic category fallback disabled"
"CUSZNE","LINE","UNRESOLVED","","","","","no exact/direct/semantic ESRI match; generic category fallback disabled"
"DAMCON","POINT","UNRESOLVED","","ACHMGD","","rastersymbols-day.png:698,78,16x16@7,7","no exact/direct/semantic ESRI match; generic category fallback disabled"
"DEPARE","LINE","UNRESOLVED","","","","","no exact/direct/semantic ESRI match; generic category fallback disabled"
"DMPGRD","POINT","UNRESOLVED","","ACHMGD","","rastersymbols-day.png:724,78,15x15@7,7","no exact/direct/semantic ESRI match; generic category fallback disabled"
"DOCARE","LINE","UNRESOLVED","","","","","no exact/direct/semantic ESRI match; generic category fallback disabled"
"DRGARE","PATTERN","UNRESOLVED","","","","","no exact/direct/semantic ESRI match; generic category fallback disabled"
"DRYDOC","LINE","UNRESOLVED","","","","","no exact/direct/semantic ESRI match; generic category fallback disabled"
"DWRTPT","POINT","UNRESOLVED","","","","","no exact/direct/semantic ESRI match; generic category fallback disabled"
"DYKCON","LINE","UNRESOLVED","","","","","no exact/direct/semantic ESRI match; generic category fallback disabled"
"EXEZNE","LINE","UNRESOLVED","","","","","no exact/direct/semantic ESRI match; generic category fallback disabled"
"FAIRWY","POINT","UNRESOLVED","","","","","no exact/direct/semantic ESRI match; generic category fallback disabled"
"FERYRT","LINE","UNRESOLVED","","ACHMGD","","","no exact/direct/semantic ESRI match; generic category fallback disabled"
"FLODOC","LINE","UNRESOLVED","","","","","no exact/direct/semantic ESRI match; generic category fallback disabled"
"FORSTC","POINT","UNRESOLVED","","CCHBLK","","rastersymbols-day.png:836,121,13x13@6,6","no exact/direct/semantic ESRI match; generic category fallback disabled"
"FRPARE","LINE","UNRESOLVED","","","","","no exact/direct/semantic ESRI match; generic category fallback disabled"
"FSHFAC","POINT","UNRESOLVED","","ACHGRD","","rastersymbols-day.png:1075,121,19x6@12,3","no exact/direct/semantic ESRI match; generic category fallback disabled"
"FSHGRD","POINT","UNRESOLVED","","ACHGRD","","rastersymbols-day.png:1104,121,33x14@21,7","no exact/direct/semantic ESRI match; generic category fallback disabled"
"FSHZNE","LINE","UNRESOLVED","","","","","no exact/direct/semantic ESRI match; generic category fallback disabled"
"GATCON","POINT","UNRESOLVED","","JTRFCD","","rastersymbols-day.png:1349,121,21x21@10,10","no exact/direct/semantic ESRI match; generic category fallback disabled"
"GRIDRN","LINE","UNRESOLVED","","","","","no exact/direct/semantic ESRI match; generic category fallback disabled"
"HRBARE","POINT","UNRESOLVED","","ACHMGD","","rastersymbols-day.png:940,239,21x21@10,10","no exact/direct/semantic ESRI match; generic category fallback disabled"
"HRBFAC","POINT","UNRESOLVED","","ACHBLK","","rastersymbols-day.png:675,239,24x10@12,4","no exact/direct/semantic ESRI match; generic category fallback disabled"
"HULKES","POINT","UNRESOLVED","","XCSTLNECHBRN","","rastersymbols-day.png:38,175,15x9@8,4","no exact/direct/semantic ESRI match; generic category fallback disabled"
"ICEARE","LINE","UNRESOLVED","","","","","no exact/direct/semantic ESRI match; generic category fallback disabled"
"ICNARE","POINT","UNRESOLVED","","ACHMGD","","rastersymbols-day.png:724,78,15x15@7,7","no exact/direct/semantic ESRI match; generic category fallback disabled"
"ISTZNE","POINT","UNRESOLVED","","ACHMGF","","rastersymbols-day.png:185,175,34x27@14,11","no exact/direct/semantic ESRI match; generic category fallback disabled"
"LAKARE","LINE","UNRESOLVED","","","","","no exact/direct/semantic ESRI match; generic category fallback disabled"
"LNDARE","POINT","SEMANTIC_TOKEN","K10_LandPoint.svg","VLANDAXCSTLN","","rastersymbols-day.png:493,175,7x7@3,3","semantic token match for LNDARE"
"LNDMRK","POINT","UNRESOLVED","","ACHBLK","","rastersymbols-day.png:387,78,13x13@6,6","no exact/direct/semantic ESRI match; generic category fallback disabled"
"LNDRGN","POINT","UNRESOLVED","","WCHBLK","","rastersymbols-day.png:1355,175,7x7@3,3","no exact/direct/semantic ESRI match; generic category fallback disabled"
"LOCMAG","POINT","UNRESOLVED","","ACHMGD","","rastersymbols-day.png:510,175,7x28@3,14","no exact/direct/semantic ESRI match; generic category fallback disabled"
"LOGPON","LINE","UNRESOLVED","","","","","no exact/direct/semantic ESRI match; generic category fallback disabled"
"LOKBSN","LINE","UNRESOLVED","","","","","no exact/direct/semantic ESRI match; generic category fallback disabled"
"MAGVAR","POINT","UNRESOLVED","","ACHMGD","","rastersymbols-day.png:593,175,7x27@3,13","no exact/direct/semantic ESRI match; generic category fallback disabled"
"MARCUL","POINT","CUSTOM_SYMBOL_MAP","K48_Marine_farm.svg","ACHGRD","","rastersymbols-day.png:632,175,21x13@11,6","CustomSymbolMap object rule for MARCUL"
"MIPARE","POINT","UNRESOLVED","","ACHMGD","","rastersymbols-day.png:698,78,16x16@7,7","no exact/direct/semantic ESRI match; generic category fallback disabled"
"MORFAC","POINT","CUSTOM_SYMBOL_MAP","Q40a_Mooring_buoy.svg","ALANDABCHBLK","","rastersymbols-day.png:709,175,9x9@5,4","CustomSymbolMap object rule for MORFAC"
"M_ACCY","PATTERN","UNRESOLVED","","","","","no exact/direct/semantic ESRI match; generic category fallback disabled"
"M_COVR","PATTERN","UNRESOLVED","","","","","no exact/direct/semantic ESRI match; generic category fallback disabled"
"M_CSCL","PATTERN","UNRESOLVED","","","","","no exact/direct/semantic ESRI match; generic category fallback disabled"
"M_HOPA","PATTERN","UNRESOLVED","","","","","no exact/direct/semantic ESRI match; generic category fallback disabled"
"M_NPUB","POINT","UNRESOLVED","","ACHMGD","","rastersymbols-day.png:724,78,15x15@7,7","no exact/direct/semantic ESRI match; generic category fallback disabled"
"M_NSYS","POINT","SEMANTIC_TOKEN","Q22a_Spherical_buoy.svg","","","","semantic token match for DIRBOYA"
"M_QUAL","LINE","UNRESOLVED","","","","","no exact/direct/semantic ESRI match; generic category fallback disabled"
"M_SDAT","PATTERN","UNRESOLVED","","","","","no exact/direct/semantic ESRI match; generic category fallback disabled"
"M_SREL","PATTERN","UNRESOLVED","","","","","no exact/direct/semantic ESRI match; generic category fallback disabled"
"M_VDAT","PATTERN","UNRESOLVED","","","","","no exact/direct/semantic ESRI match; generic category fallback disabled"
"NEWOBJ","POINT","UNRESOLVED","","","","","no exact/direct/semantic ESRI match; generic category fallback disabled"
"OBSTRN","POINT","UNRESOLVED","","","","","no exact/direct/semantic ESRI match; generic category fallback disabled"
"OFSPLF","POINT","CUSTOM_SYMBOL_MAP","L10_Offshore_platform.svg","CCHBLK","","rastersymbols-day.png:917,175,13x13@6,6","CustomSymbolMap object rule for OFSPLF"
"OSPARE","POINT","UNRESOLVED","","ATRFCF","","rastersymbols-day.png:965,78,29x29@52,-17","no exact/direct/semantic ESRI match; generic category fallback disabled"
"PILBOP","POINT","CUSTOM_SYMBOL_MAP","T1_pilot_boarding_place.svg","ADEPDWBCHBLKCDEPMDDCHMGD","","rastersymbols-day.png:736,778,17x17@8,8","CustomSymbolMap object rule for PILBOP"
"PIPARE","POINT","UNRESOLVED","","ACHMGD","","rastersymbols-day.png:724,78,15x15@7,7","no exact/direct/semantic ESRI match; generic category fallback disabled"
"PONTON","LINE","UNRESOLVED","","","","","no exact/direct/semantic ESRI match; generic category fallback disabled"
"PRCARE","POINT","UNRESOLVED","","ATRFCD","","rastersymbols-day.png:1400,175,16x16@5,9","no exact/direct/semantic ESRI match; generic category fallback disabled"
"PRDARE","POINT","UNRESOLVED","","CCHBLK","","rastersymbols-day.png:734,121,10x19@4,17","no exact/direct/semantic ESRI match; generic category fallback disabled"
"PYLONS","POINT","UNRESOLVED","","WCHBLK","","rastersymbols-day.png:1332,175,13x13@6,6","no exact/direct/semantic ESRI match; generic category fallback disabled"
"RADRNG","LINE","UNRESOLVED","","","","","no exact/direct/semantic ESRI match; generic category fallback disabled"
"RAPIDS","LINE","UNRESOLVED","","","","","no exact/direct/semantic ESRI match; generic category fallback disabled"
"RCTLPT","POINT","UNRESOLVED","","","","","no exact/direct/semantic ESRI match; generic category fallback disabled"
"RECTRC","LINE","UNRESOLVED","","ACHGRD","","","no exact/direct/semantic ESRI match; generic category fallback disabled"
"RESARE","POINT","UNRESOLVED","","","","","no exact/direct/semantic ESRI match; generic category fallback disabled"
"RIVERS","LINE","UNRESOLVED","","","","","no exact/direct/semantic ESRI match; generic category fallback disabled"
"ROADWY","LINE","UNRESOLVED","","","","","no exact/direct/semantic ESRI match; generic category fallback disabled"
"RUNWAY","LINE","UNRESOLVED","","","","","no exact/direct/semantic ESRI match; generic category fallback disabled"
"SBDARE","LINE","UNRESOLVED","","","","","no exact/direct/semantic ESRI match; generic category fallback disabled"
"SEAARE","PATTERN","UNRESOLVED","","","","","no exact/direct/semantic ESRI match; generic category fallback disabled"
"SILTNK","POINT","UNRESOLVED","","WLANDFCCHBLK","","rastersymbols-day.png:890,239,10x10@5,5","no exact/direct/semantic ESRI match; generic category fallback disabled"
"SLCONS","POINT","CUSTOM_SYMBOL_MAP","Q40a_Mooring_buoy.svg","ALANDABCHBLK","","rastersymbols-day.png:709,175,9x9@5,4","CustomSymbolMap object rule for MORFAC"
"SLOGRD","POINT","UNRESOLVED","","ALANDF","","rastersymbols-day.png:1380,121,30x25@15,13","no exact/direct/semantic ESRI match; generic category fallback disabled"
"SMCFAC","POINT","UNRESOLVED","","ACHMGD","","rastersymbols-day.png:940,239,21x21@10,10","no exact/direct/semantic ESRI match; generic category fallback disabled"
"SNDWAV","POINT","UNRESOLVED","","ACHGRD","","rastersymbols-day.png:971,239,35x6@19,3","no exact/direct/semantic ESRI match; generic category fallback disabled"
"SPLARE","POINT","UNRESOLVED","","ACHMGD","","rastersymbols-day.png:698,78,16x16@7,7","no exact/direct/semantic ESRI match; generic category fallback disabled"
"SUBTLN","POINT","UNRESOLVED","","ATRFCF","","rastersymbols-day.png:965,78,29x29@52,-17","no exact/direct/semantic ESRI match; generic category fallback disabled"
"SWPARE","POINT","UNRESOLVED","","ACHGRF","","rastersymbols-day.png:1036,239,33x10@18,10","no exact/direct/semantic ESRI match; generic category fallback disabled"
"TESARE","LINE","UNRESOLVED","","","","","no exact/direct/semantic ESRI match; generic category fallback disabled"
"TIDEWY","LINE","UNRESOLVED","","","","","no exact/direct/semantic ESRI match; generic category fallback disabled"
"TSEZNE","PATTERN","UNRESOLVED","","","","","no exact/direct/semantic ESRI match; generic category fallback disabled"
"TSSCRS","POINT","UNRESOLVED","","ATRFCF","","rastersymbols-day.png:695,307,29x29@52,-17","no exact/direct/semantic ESRI match; generic category fallback disabled"
"TSSLPT","POINT","UNRESOLVED","","","","","no exact/direct/semantic ESRI match; generic category fallback disabled"
"TSSRON","POINT","UNRESOLVED","","ATRFCF","","rastersymbols-day.png:763,307,27x27@13,13","no exact/direct/semantic ESRI match; generic category fallback disabled"
"TS_FEB","POINT","UNRESOLVED","","","","","no exact/direct/semantic ESRI match; generic category fallback disabled"
"TS_PAD","POINT","UNRESOLVED","","ACHGRD","","rastersymbols-day.png:1197,239,17x17@8,8","no exact/direct/semantic ESRI match; generic category fallback disabled"
"TS_PNH","POINT","UNRESOLVED","","ACHGRD","","rastersymbols-day.png:1197,239,17x17@8,8","no exact/direct/semantic ESRI match; generic category fallback disabled"
"TS_PRH","POINT","UNRESOLVED","","ACHGRD","","rastersymbols-day.png:1197,239,17x17@8,8","no exact/direct/semantic ESRI match; generic category fallback disabled"
"TS_TIS","POINT","UNRESOLVED","","ACHGRD","","rastersymbols-day.png:1197,239,17x17@8,8","no exact/direct/semantic ESRI match; generic category fallback disabled"
"TUNNEL","LINE","UNRESOLVED","","","","","no exact/direct/semantic ESRI match; generic category fallback disabled"
"TWRTPT","POINT","UNRESOLVED","","","","","no exact/direct/semantic ESRI match; generic category fallback disabled"
"T_HMON","POINT","UNRESOLVED","","ACHGRD","","rastersymbols-day.png:1160,239,27x11@12,5","no exact/direct/semantic ESRI match; generic category fallback disabled"
"T_NHMN","POINT","UNRESOLVED","","ACHGRD","","rastersymbols-day.png:1160,239,27x11@12,5","no exact/direct/semantic ESRI match; generic category fallback disabled"
"T_TIMS","POINT","UNRESOLVED","","ACHGRD","","rastersymbols-day.png:1160,239,27x11@12,5","no exact/direct/semantic ESRI match; generic category fallback disabled"
"UNSARE","LINE","UNRESOLVED","","","","","no exact/direct/semantic ESRI match; generic category fallback disabled"
"VEGATN","POINT","UNRESOLVED","","ALANDF","","rastersymbols-day.png:604,307,12x13@5,13","no exact/direct/semantic ESRI match; generic category fallback disabled"
"WATTUR","POINT","UNRESOLVED","","ACHGRD","","rastersymbols-day.png:1108,307,44x10@27,4","no exact/direct/semantic ESRI match; generic category fallback disabled"
"WEDKLP","POINT","UNRESOLVED","","ECHGRD","","rastersymbols-day.png:1249,307,30x8@16,4","no exact/direct/semantic ESRI match; generic category fallback disabled"
"WRECKS","POINT","UNRESOLVED","","ACHGRD","","rastersymbols-day.png:859,121,12x10@6,5","no exact/direct/semantic ESRI match; generic category fallback disabled"
"BUNSTA","POINT","UNRESOLVED","","ADEPMDBCHBLKCNODTADCHWHT","","rastersymbols-day.png:278,495,16x19@5,10","no exact/direct/semantic ESRI match; generic category fallback disabled"
"DNGHLT","POINT","SEMANTIC_TOKEN","S1_Ra_transponder_wLight.svg","SDNGHL","","rastersymbols-day.png:217,121,18x18@9,9","semantic token match for DNGHILIT"
"EXCNST","LINE","UNRESOLVED","","","","","no exact/direct/semantic ESRI match; generic category fallback disabled"
"HRBBSN","LINE","UNRESOLVED","","","","","no exact/direct/semantic ESRI match; generic category fallback disabled"
"LKBSPT","LINE","UNRESOLVED","","","","","no exact/direct/semantic ESRI match; generic category fallback disabled"
"MARFEA","POINT","UNRESOLVED","","ANINFO","","rastersymbols-day.png:774,78,16x16@7,7","no exact/direct/semantic ESRI match; generic category fallback disabled"
"MNUFEA","POINT","UNRESOLVED","","AADINF","","rastersymbols-day.png:800,78,15x15@7,7","no exact/direct/semantic ESRI match; generic category fallback disabled"
"TERMNL","POINT","UNRESOLVED","","ADEPMDBCHBLKCNODTA","","rastersymbols-day.png:380,660,27x27@13,13","no exact/direct/semantic ESRI match; generic category fallback disabled"
"TRNBSN","POINT","UNRESOLVED","","ADEPMDBCHMGD","","rastersymbols-day.png:897,660,23x23@11,11","no exact/direct/semantic ESRI match; generic category fallback disabled"
"VEHTRF","POINT","UNRESOLVED","","","","","no exact/direct/semantic ESRI match; generic category fallback disabled"
"$AREAS","POINT","UNRESOLVED","","ACHCOR","","rastersymbols-day.png:600,78,24x24@12,11","no exact/direct/semantic ESRI match; generic category fallback disabled"
"$TEXTS","PATTERN","UNRESOLVED","","","","","no exact/direct/semantic ESRI match; generic category fallback disabled"
"M_PROD","PATTERN","UNRESOLVED","","","","","no exact/direct/semantic ESRI match; generic category fallback disabled"
"NATARE","PATTERN","UNRESOLVED","","","","","no exact/direct/semantic ESRI match; generic category fallback disabled"
"ASLXIS","LINE","UNRESOLVED","","","","","no exact/direct/semantic ESRI match; generic category fallback disabled"
"CBLOHD","POINT","UNRESOLVED","","ACHMGD","","rastersymbols-day.png:145,239,19x19@9,9","no exact/direct/semantic ESRI match; generic category fallback disabled"
"CBLSUB","LINE","UNRESOLVED","","","","","no exact/direct/semantic ESRI match; generic category fallback disabled"
"CHNWIR","LINE","UNRESOLVED","","","","","no exact/direct/semantic ESRI match; generic category fallback disabled"
"COALNE","LINE","UNRESOLVED","","","","","no exact/direct/semantic ESRI match; generic category fallback disabled"
"DEPCNT","LINE","UNRESOLVED","","","","","no exact/direct/semantic ESRI match; generic category fallback disabled"
"DWRTCL","LINE","UNRESOLVED","","ATRFCD","","","no exact/direct/semantic ESRI match; generic category fallback disabled"
"FNCLNE","LINE","UNRESOLVED","","","","","no exact/direct/semantic ESRI match; generic category fallback disabled"
"LAKSHR","LINE","UNRESOLVED","","","","","no exact/direct/semantic ESRI match; generic category fallback disabled"
"LNDELV","POINT","UNRESOLVED","","WCHBLK","","rastersymbols-day.png:1355,175,7x7@3,3","no exact/direct/semantic ESRI match; generic category fallback disabled"
"NAVLNE","LINE","UNRESOLVED","","","","","no exact/direct/semantic ESRI match; generic category fallback disabled"
"OILBAR","LINE","UNRESOLVED","","","","","no exact/direct/semantic ESRI match; generic category fallback disabled"
"PIPOHD","POINT","UNRESOLVED","","ACHMGD","","rastersymbols-day.png:145,239,19x19@9,9","no exact/direct/semantic ESRI match; generic category fallback disabled"
"PIPSOL","LINE","UNRESOLVED","","ACHGRD","","","no exact/direct/semantic ESRI match; generic category fallback disabled"
"RADLNE","LINE","UNRESOLVED","","","","","no exact/direct/semantic ESRI match; generic category fallback disabled"
"RAILWY","LINE","UNRESOLVED","","","","","no exact/direct/semantic ESRI match; generic category fallback disabled"
"RCRTCL","LINE","UNRESOLVED","","ATRFCD","","","no exact/direct/semantic ESRI match; generic category fallback disabled"
"RDOCAL","POINT","CUSTOM_SYMBOL_MAP","M40_1b_Radio_calling_in.svg","","","","CustomSymbolMap object rule for RDOCAL"
"SLOTOP","POINT","UNRESOLVED","","ACHBLK","","rastersymbols-day.png:1420,121,30x25@15,13","no exact/direct/semantic ESRI match; generic category fallback disabled"
"STSLNE","LINE","UNRESOLVED","","","","","no exact/direct/semantic ESRI match; generic category fallback disabled"
"TSELNE","LINE","UNRESOLVED","","","","","no exact/direct/semantic ESRI match; generic category fallback disabled"
"TSSBND","LINE","UNRESOLVED","","","","","no exact/direct/semantic ESRI match; generic category fallback disabled"
"WATFAL","LINE","UNRESOLVED","","","","","no exact/direct/semantic ESRI match; generic category fallback disabled"
"ZEMCNT","LINE","UNRESOLVED","","","","","no exact/direct/semantic ESRI match; generic category fallback disabled"
"CANBNK","LINE","UNRESOLVED","","","","","no exact/direct/semantic ESRI match; generic category fallback disabled"
"CLRLIN","LINE","UNRESOLVED","","","","","no exact/direct/semantic ESRI match; generic category fallback disabled"
"EBLINE","LINE","UNRESOLVED","","","","","no exact/direct/semantic ESRI match; generic category fallback disabled"
"LEGLIN","LINE","UNRESOLVED","","","","","no exact/direct/semantic ESRI match; generic category fallback disabled"
"PASTRK","LINE","UNRESOLVED","","","","","no exact/direct/semantic ESRI match; generic category fallback disabled"
"POSLIN","LINE","UNRESOLVED","","","","","no exact/direct/semantic ESRI match; generic category fallback disabled"
"RIVBNK","LINE","UNRESOLVED","","","","","no exact/direct/semantic ESRI match; generic category fallback disabled"
"RNGRNG","LINE","UNRESOLVED","","","","","no exact/direct/semantic ESRI match; generic category fallback disabled"
"VRMARK","LINE","UNRESOLVED","","","","","no exact/direct/semantic ESRI match; generic category fallback disabled"
"WHOLIN","LINE","UNRESOLVED","","","","","no exact/direct/semantic ESRI match; generic category fallback disabled"
"WTWAXS","LINE","UNRESOLVED","","","","","no exact/direct/semantic ESRI match; generic category fallback disabled"
"WTWPRF","LINE","UNRESOLVED","","","","","no exact/direct/semantic ESRI match; generic category fallback disabled"
"$LINES","LINE","UNRESOLVED","","ACHCOR","","","no exact/direct/semantic ESRI match; generic category fallback disabled"
"_CMAPL","LINE","UNRESOLVED","","","","","no exact/direct/semantic ESRI match; generic category fallback disabled"
"ACHPNT","POINT","UNRESOLVED","","JCHMGF","","rastersymbols-day.png:63,358,11x13@5,6","no exact/direct/semantic ESRI match; generic category fallback disabled"
"BCNCAR","POINT","CUSTOM_SYMBOL_MAP","Q80_Beacon.svg","mOUTLWHCHYLW","","rastersymbols-day.png:478,10,13x19@6,9","CustomSymbolMap object rule for BCNCAR"
"BCNISD","POINT","CUSTOM_SYMBOL_MAP","Q80_Beacon.svg","AOUTLWCCHRED","","rastersymbols-day.png:644,10,8x17@3,8","CustomSymbolMap object rule for BCNISD"
"BCNLAT","POINT","CUSTOM_SYMBOL_MAP","Q90_Stake_pole.svg","aOUTLWbCHRED","","rastersymbols-day.png:696,10,5x15@1,7","CustomSymbolMap object rule for BCNLAT"
"BCNSAW","POINT","CUSTOM_SYMBOL_MAP","Q92_Withy_port.svg","aOUTLWbCHBLKBDEPVS","","rastersymbols-day.png:768,10,5x15@1,7","CustomSymbolMap object rule for BCNSAW"
"BCNSPP","POINT","UNRESOLVED","","CCHBLK","","rastersymbols-day.png:522,78,15x15@7,13","no exact/direct/semantic ESRI match; generic category fallback disabled"
"BOYCAR","POINT","CUSTOM_SYMBOL_MAP","Q23a_Pillar_buoy.svg","HCHYLWmOUTLW","","rastersymbols-day.png:984,10,13x19@8,9","CustomSymbolMap object rule for BOYCAR"
"BOYINB","POINT","SEMANTIC_TOKEN","Q22a_Spherical_buoy.svg","ACHBLK","","rastersymbols-day.png:1390,10,23x11@11,5","semantic token match for BOYMOR"
"BOYISD","POINT","CUSTOM_SYMBOL_MAP","Q23a_Pillar_buoy.svg","AOUTLWCCHRED","","rastersymbols-day.png:1210,10,12x17@5,8","CustomSymbolMap object rule for BOYISD"
"BOYLAT","POINT","CUSTOM_SYMBOL_MAP","Q23a_Pillar_buoy.svg","ACHREDbOUTLW","","rastersymbols-day.png:1256,10,14x14@9,9","CustomSymbolMap object rule for BOYLAT"
"BOYSAW","POINT","CUSTOM_SYMBOL_MAP","Q23a_Pillar_buoy.svg","CCHREDmOUTLW","","rastersymbols-day.png:1451,10,13x13@6,6","CustomSymbolMap object rule for BOYSAW"
"BOYSPP","POINT","CUSTOM_SYMBOL_MAP","Q23a_Pillar_buoy.svg","ACHYLWBOUTLW","","rastersymbols-day.png:60,78,14x14@9,9","CustomSymbolMap object rule for BOYSPP"
"BUIREL","POINT","UNRESOLVED","","ACHBLK","","rastersymbols-day.png:387,78,13x13@6,6","no exact/direct/semantic ESRI match; generic category fallback disabled"
"CGUSTA","POINT","UNRESOLVED","","ALANDFBCHWHTCCHMGF","","rastersymbols-day.png:569,78,21x15@0,13","no exact/direct/semantic ESRI match; generic category fallback disabled"
"CTRPNT","POINT","UNRESOLVED","","WCHBLK","","rastersymbols-day.png:1355,175,7x7@3,3","no exact/direct/semantic ESRI match; generic category fallback disabled"
"CURENT","POINT","UNRESOLVED","","","","","no exact/direct/semantic ESRI match; generic category fallback disabled"
"DAYMAR","POINT","UNRESOLVED","","ADEPMDBCHMGD","","rastersymbols-day.png:433,358,15x22@7,20","no exact/direct/semantic ESRI match; generic category fallback disabled"
"DISMAR","POINT","UNRESOLVED","","ACHMGD","","rastersymbols-day.png:190,121,17x13@5,8","no exact/direct/semantic ESRI match; generic category fallback disabled"
"FOGSIG","POINT","CUSTOM_SYMBOL_MAP","R1_Fog_signal.svg","JCHMGF","","rastersymbols-day.png:791,121,12x13@15,-3","CustomSymbolMap object rule for FOGSIG"
"LIGHTS","POINT","SEMANTIC_TOKEN","S1_Ra_transponder_wLight.svg","","","","semantic token match for LIGHTS"
"LITFLT","POINT","CUSTOM_SYMBOL_MAP","Q30_Light_float.svg","ACHBLK","","rastersymbols-day.png:394,175,19x8@10,4","CustomSymbolMap object rule for LITFLT"
"LITVES","POINT","CUSTOM_SYMBOL_MAP","Q32_Light_vessel.svg","ACHBLK","","rastersymbols-day.png:460,175,23x12@12,5","CustomSymbolMap object rule for LITVES"
"MONUMT","POINT","UNRESOLVED","","ACHBLK","","rastersymbols-day.png:686,175,13x13@6,11","no exact/direct/semantic ESRI match; generic category fallback disabled"
"PILPNT","POINT","CUSTOM_SYMBOL_MAP","F22_Post.svg","CCHBLK","","rastersymbols-day.png:1120,175,7x7@3,3","CustomSymbolMap object rule for PILPNT"
"RADRFL","POINT","CUSTOM_SYMBOL_MAP","S5_Radar_conspicuous.svg","ACHMGD","","rastersymbols-day.png:174,239,19x19@9,9","CustomSymbolMap object rule for RADRFL"
"RADSTA","POINT","CUSTOM_SYMBOL_MAP","S1_Ra_transponder_bn.svg","ACHMGD","","rastersymbols-day.png:371,239,18x18@9,8","CustomSymbolMap object rule for RDOSTA"
"RDOSTA","POINT","UNRESOLVED","","","","","no exact/direct/semantic ESRI match; generic category fallback disabled"
"RETRFL","POINT","UNRESOLVED","","ACHMGD","","rastersymbols-day.png:596,239,7x11@-8,5","no exact/direct/semantic ESRI match; generic category fallback disabled"
"RSCSTA","POINT","UNRESOLVED","","ACHBLK","","rastersymbols-day.png:1258,742,22x21@21,20","no exact/direct/semantic ESRI match; generic category fallback disabled"
"RTPBCN","POINT","CUSTOM_SYMBOL_MAP","S1_Ra_transponder_bn.svg","ACHMGD","","rastersymbols-day.png:816,239,20x19@10,9","CustomSymbolMap object rule for RTPBCN"
"SISTAT","POINT","UNRESOLVED","","ACHWHTBLANDFCCHMGF","","rastersymbols-day.png:910,239,20x13@0,0","no exact/direct/semantic ESRI match; generic category fallback disabled"
"SISTAW","POINT","UNRESOLVED","","ACHWHTBLANDFCCHMGF","","rastersymbols-day.png:910,239,20x13@0,0","no exact/direct/semantic ESRI match; generic category fallback disabled"
"SOUNDG","POINT","UNRESOLVED","","","","","no exact/direct/semantic ESRI match; generic category fallback disabled"
"SPRING","POINT","UNRESOLVED","","ECHGRD","","rastersymbols-day.png:1016,239,10x11@4,10","no exact/direct/semantic ESRI match; generic category fallback disabled"
"TOPMAR","POINT","CUSTOM_SYMBOL_MAP","Q9_Arrow.svg","ADEPMDBCHBLKCCHGRNDCHWHTECHREDFCHCOR","","rastersymbols-day.png:1301,814,17x16@8,27","CustomSymbolMap object rule for TOPMAR"
"TOWERS","POINT","UNRESOLVED","","ADEPMDBCHBLK","","rastersymbols-day.png:367,742,14x26@6,22","no exact/direct/semantic ESRI match; generic category fallback disabled"
"UWTROC","POINT","CUSTOM_SYMBOL_MAP","K11b_Rock_uncovers.svg","","","","CustomSymbolMap object rule for UWTROC"
"BCNWTW","POINT","CUSTOM_SYMBOL_MAP","Q90_Stake_pole.svg","ADEPMDBCHBLK","","rastersymbols-day.png:10,742,7x14@3,11","CustomSymbolMap object rule for BCNLAT"
"BOYWTW","POINT","CUSTOM_SYMBOL_MAP","Q23a_Pillar_buoy.svg","","","","CustomSymbolMap object rule for BOYLAT"
"CURSOR","POINT","UNRESOLVED","","ACURSR","","rastersymbols-day.png:1147,78,30x30@14,15","no exact/direct/semantic ESRI match; generic category fallback disabled"
"EVENTS","POINT","UNRESOLVED","","fNINFO","","rastersymbols-day.png:634,121,13x10@6,5","no exact/direct/semantic ESRI match; generic category fallback disabled"
"MARNOT","POINT","UNRESOLVED","","ANINFO","","rastersymbols-day.png:749,78,15x15@7,7","no exact/direct/semantic ESRI match; generic category fallback disabled"
"NOTMRK","POINT","UNRESOLVED","","ACHBLKBRESBLCCHWHT","","rastersymbols-day.png:1023,660,31x31@15,15","no exact/direct/semantic ESRI match; generic category fallback disabled"
"OWNSHP","POINT","UNRESOLVED","","","","","no exact/direct/semantic ESRI match; generic category fallback disabled"
"PLNPOS","POINT","UNRESOLVED","","kPLRTE","","rastersymbols-day.png:1137,175,69x28@-1,0","no exact/direct/semantic ESRI match; generic category fallback disabled"
"POSITN","POINT","UNRESOLVED","","fNINFO","","rastersymbols-day.png:1372,175,18x18@9,9","no exact/direct/semantic ESRI match; generic category fallback disabled"
"REFDMP","POINT","UNRESOLVED","","ADEPMDBCHBLKCCHGRDDCHGRN","","rastersymbols-day.png:1293,605,19x24@9,12","no exact/direct/semantic ESRI match; generic category fallback disabled"
"REFPNT","POINT","UNRESOLVED","","fNINFO","","rastersymbols-day.png:539,239,30x30@15,15","no exact/direct/semantic ESRI match; generic category fallback disabled"
"TIDCUR","POINT","UNRESOLVED","","","","","no exact/direct/semantic ESRI match; generic category fallback disabled"
"VESSEL","POINT","UNRESOLVED","","","","","no exact/direct/semantic ESRI match; generic category fallback disabled"
"WAYPNT","POINT","UNRESOLVED","","APLRTE","","rastersymbols-day.png:1220,307,19x19@9,9","no exact/direct/semantic ESRI match; generic category fallback disabled"
"WTWGAG","POINT","UNRESOLVED","","ADEPMDBCHBLKCDEPDW","","rastersymbols-day.png:1005,660,8x24@3,20","no exact/direct/semantic ESRI match; generic category fallback disabled"
"$CSYMB","POINT","UNRESOLVED","","ACHMGFCCHMGD","","rastersymbols-day.png:151,10,42x38@-18,-14","no exact/direct/semantic ESRI match; generic category fallback disabled"
"_BCNGN","POINT","SEMANTIC_TOKEN","Q83_Beacon_submerged_rock.svg","ADEPMDBCHBLK","","rastersymbols-day.png:147,415,10x18@4,15","semantic token match for BCNGEN"
"_BOYGN","POINT","SEMANTIC_TOKEN","Q22a_Spherical_buoy.svg","ADEPMDBCHBLKCCHYLWDOUTLW","","rastersymbols-day.png:1319,358,18x18@9,14","semantic token match for BOYPIL"
"_EXTGN","POINT","UNRESOLVED","","BCHMGFACHBLK","","rastersymbols-day.png:258,454,24x24@11,8","no exact/direct/semantic ESRI match; generic category fallback disabled"
"_SLGTO","POINT","SEMANTIC_TOKEN","Q22a_Spherical_buoy.svg","ADEPMDBCHBLKCCHWHTDCHCOR","","rastersymbols-day.png:650,415,10x18@4,15","semantic token match for BOYSPR"
"_TEXTO","POINT","SEMANTIC_TOKEN","K30_Wreck_safe_clearance.svg","ECHBLK","","rastersymbols-day.png:10,358,15x10@8,5","semantic token match for WRECKS"
"_RDOCAL","POINT","CUSTOM_SYMBOL_MAP","M40_1b_Radio_calling_in.svg","","","","CustomSymbolMap object rule for RDOCAL"
"ANNOTA","POINT","UNRESOLVED","","","","","no exact/direct/semantic ESRI match; generic category fallback disabled"
"RESTRC","LINE","UNRESOLVED","","","","","no exact/direct/semantic ESRI match; generic category fallback disabled"
"TRFLNE","LINE","UNRESOLVED","","","","","no exact/direct/semantic ESRI match; generic category fallback disabled"
"GENNAV","POINT","SEMANTIC_TOKEN","Q83_Beacon_submerged_rock.svg","ADEPMDBCHBLK","","rastersymbols-day.png:243,742,15x18@7,14","semantic token match for BCNTOW"
